window,year,field,label,n,valid_n,missing_n,included_n,share,sentinel_present_n,known_n,known_positive_n,known_share
observed,all,target_system,agent_or_tool_system,2752,14767,0,14767,0.18636148168212907,0,14767,2752,0.18636148168212907
observed,all,target_system,answering_model,12430,14767,0,14767,0.8417417214058374,0,14767,12430,0.8417417214058374
observed,all,target_system,embodied_system,304,14767,0,14767,0.02058644274395612,0,14767,304,0.02058644274395612
observed,all,evaluation_domain,cybersecurity,740,14767,0,14767,0.050111735626735286,0,14767,740,0.050111735626735286
observed,all,evaluation_domain,education,321,14767,0,14767,0.021737658292137876,0,14767,321,0.021737658292137876
observed,all,evaluation_domain,engineering,1045,14767,0,14767,0.07076589693234915,0,14767,1045,0.07076589693234915
observed,all,evaluation_domain,finance_and_business,1325,14767,0,14767,0.08972709419651927,0,14767,1325,0.08972709419651927
observed,all,evaluation_domain,general_or_cross_domain,6200,14767,0,14767,0.4198550822780524,0,14767,6200,0.4198550822780524
observed,all,evaluation_domain,healthcare_biomedicine,1675,14767,0,14767,0.1134285907767319,0,14767,1675,0.1134285907767319
observed,all,evaluation_domain,language_and_communication,2281,14767,0,14767,0.15446603914132864,0,14767,2281,0.15446603914132864
observed,all,evaluation_domain,law_and_public_policy,511,14767,0,14767,0.03460418500711045,0,14767,511,0.03460418500711045
observed,all,evaluation_domain,mathematics_and_formal_reasoning,1587,14767,0,14767,0.10746935735084986,0,14767,1587,0.10746935735084986
observed,all,evaluation_domain,natural_sciences,1273,14767,0,14767,0.08620572899031624,0,14767,1273,0.08620572899031624
observed,all,evaluation_domain,other,566,14767,0,14767,0.03832870589828672,0,14767,566,0.03832870589828672
observed,all,evaluation_domain,social_sciences_and_humanities,1699,14767,0,14767,0.11505383625651791,0,14767,1699,0.11505383625651791
observed,all,evaluation_domain,software_and_coding,2653,14767,0,14767,0.1796573440780118,0,14767,2653,0.1796573440780118
observed,all,evaluation_setup,fixed_items,14048,14766,1,14767,0.9513747798997697,0,14766,14048,0.9513747798997697
observed,all,evaluation_setup,interactive_loop,2888,14766,1,14767,0.19558445076527156,0,14766,2888,0.19558445076527156
observed,all,evaluation_setup,runtime_generated_items,1056,14766,1,14767,0.07151564404713531,0,14766,1056,0.07151564404713531
observed,all,modality,audio,683,14767,0,14767,0.046251777612243514,0,14767,683,0.046251777612243514
observed,all,modality,code,2515,14767,0,14767,0.17031218256924224,0,14767,2515,0.17031218256924224
observed,all,modality,image,3785,14767,0,14767,0.25631475587458524,0,14767,3785,0.25631475587458524
observed,all,modality,structured_data,2279,14767,0,14767,0.15433060201801313,0,14767,2279,0.15433060201801313
observed,all,modality,text,14619,14767,0,14767,0.9899776528746529,0,14767,14619,0.9899776528746529
observed,all,modality,video,1049,14767,0,14767,0.07103677117898016,0,14767,1049,0.07103677117898016
observed,all,material_origin,generative_model,7415,14766,1,14767,0.5021671407287011,35,14731,7415,0.5033602606747675
observed,all,material_origin,human_or_real_world,12182,14766,1,14767,0.8250033861573886,35,14731,12182,0.8269635462629829
observed,all,material_origin,not_reported,25,14766,1,14767,0.0016930786942977109,35,14731,0,0.0
observed,all,material_origin,program_or_simulation,4203,14766,1,14767,0.28464039008533115,35,14731,4203,0.2853166791120766
observed,all,material_origin,unclear,10,14766,1,14767,0.0006772314777190844,35,14731,0,0.0
observed,all,scoring_source,execution_or_environment,3362,14764,3,14767,0.22771606610674613,17,14747,3362,0.22797857191293144
observed,all,scoring_source,human_judge,1050,14764,3,14767,0.07111893795719318,17,14747,1050,0.07120092222146877
observed,all,scoring_source,llm_judge,5123,14764,3,14767,0.3469926849092387,17,14747,5123,0.3473926900386519
observed,all,scoring_source,other_model_judge,1318,14764,3,14767,0.08927120021674342,17,14747,1318,0.08937410998847223
observed,all,scoring_source,reference_or_metric,9717,14764,3,14767,0.6581549715524249,17,14747,9717,0.6589136773581067
observed,all,scoring_source,unclear,17,14764,3,14767,0.0011514494716878894,17,14747,0,0.0
observed,all,task_language,aa,1,14741,26,14767,6.783800284919612e-05,304,14437,1,6.926646810279144e-05
observed,all,task_language,abl,1,14741,26,14767,6.783800284919612e-05,304,14437,1,6.926646810279144e-05
observed,all,task_language,abs,1,14741,26,14767,6.783800284919612e-05,304,14437,1,6.926646810279144e-05
observed,all,task_language,ace,2,14741,26,14767,0.00013567600569839224,304,14437,2,0.0001385329362055829
observed,all,task_language,acm,1,14741,26,14767,6.783800284919612e-05,304,14437,1,6.926646810279144e-05
observed,all,task_language,acq,1,14741,26,14767,6.783800284919612e-05,304,14437,1,6.926646810279144e-05
observed,all,task_language,ado,1,14741,26,14767,6.783800284919612e-05,304,14437,1,6.926646810279144e-05
observed,all,task_language,aeb,2,14741,26,14767,0.00013567600569839224,304,14437,2,0.0001385329362055829
observed,all,task_language,af,20,14741,26,14767,0.0013567600569839224,304,14437,18,0.0012467964258502458
observed,all,task_language,afb,2,14741,26,14767,0.00013567600569839224,304,14437,2,0.0001385329362055829
observed,all,task_language,ak,5,14741,26,14767,0.0003391900142459806,304,14437,5,0.0003463323405139572
observed,all,task_language,als,1,14741,26,14767,6.783800284919612e-05,304,14437,1,6.926646810279144e-05
observed,all,task_language,am,35,14741,26,14767,0.002374330099721864,304,14437,34,0.002355059915494909
observed,all,task_language,anp,1,14741,26,14767,6.783800284919612e-05,304,14437,1,6.926646810279144e-05
observed,all,task_language,aoz,1,14741,26,14767,6.783800284919612e-05,304,14437,1,6.926646810279144e-05
observed,all,task_language,apc,3,14741,26,14767,0.00020351400854758835,304,14437,3,0.00020779940430837432
observed,all,task_language,ar,325,14741,26,14767,0.022047350925988737,304,14437,306,0.02119553923945418
observed,all,task_language,arq,2,14741,26,14767,0.00013567600569839224,304,14437,2,0.0001385329362055829
observed,all,task_language,ary,3,14741,26,14767,0.00020351400854758835,304,14437,3,0.00020779940430837432
observed,all,task_language,arz,7,14741,26,14767,0.0004748660199443728,304,14437,7,0.0004848652767195401
observed,all,task_language,as,28,14741,26,14767,0.0018994640797774913,304,14437,27,0.001870194638775369
observed,all,task_language,ase,1,14741,26,14767,6.783800284919612e-05,304,14437,1,6.926646810279144e-05
observed,all,task_language,ast,1,14741,26,14767,6.783800284919612e-05,304,14437,1,6.926646810279144e-05
observed,all,task_language,awa,2,14741,26,14767,0.00013567600569839224,304,14437,2,0.0001385329362055829
observed,all,task_language,ay,1,14741,26,14767,6.783800284919612e-05,304,14437,1,6.926646810279144e-05
observed,all,task_language,az,18,14741,26,14767,0.0012210840512855302,304,14437,17,0.0011775299577474546
observed,all,task_language,bal,1,14741,26,14767,6.783800284919612e-05,304,14437,1,6.926646810279144e-05
observed,all,task_language,ban,3,14741,26,14767,0.00020351400854758835,304,14437,3,0.00020779940430837432
observed,all,task_language,bar,5,14741,26,14767,0.0003391900142459806,304,14437,5,0.0003463323405139572
observed,all,task_language,bbc,2,14741,26,14767,0.00013567600569839224,304,14437,2,0.0001385329362055829
observed,all,task_language,bbj,1,14741,26,14767,6.783800284919612e-05,304,14437,1,6.926646810279144e-05
observed,all,task_language,be,11,14741,26,14767,0.0007462180313411573,304,14437,11,0.0007619311491307058
observed,all,task_language,bew,1,14741,26,14767,6.783800284919612e-05,304,14437,1,6.926646810279144e-05
observed,all,task_language,bfy,1,14741,26,14767,6.783800284919612e-05,304,14437,1,6.926646810279144e-05
observed,all,task_language,bg,43,14741,26,14767,0.0029170341225154333,304,14437,40,0.0027706587241116574
observed,all,task_language,bgc,1,14741,26,14767,6.783800284919612e-05,304,14437,1,6.926646810279144e-05
observed,all,task_language,bho,4,14741,26,14767,0.0002713520113967845,304,14437,4,0.0002770658724111658
observed,all,task_language,bjn,3,14741,26,14767,0.00020351400854758835,304,14437,3,0.00020779940430837432
observed,all,task_language,bm,3,14741,26,14767,0.00020351400854758835,304,14437,3,0.00020779940430837432
observed,all,task_language,bn,178,14741,26,14767,0.01207516450715691,304,14437,167,0.01156750017316617
observed,all,task_language,bns,1,14741,26,14767,6.783800284919612e-05,304,14437,1,6.926646810279144e-05
observed,all,task_language,bo,8,14741,26,14767,0.000542704022793569,304,14437,7,0.0004848652767195401
observed,all,task_language,br,1,14741,26,14767,6.783800284919612e-05,304,14437,1,6.926646810279144e-05
observed,all,task_language,bra,1,14741,26,14767,6.783800284919612e-05,304,14437,1,6.926646810279144e-05
observed,all,task_language,brx,2,14741,26,14767,0.00013567600569839224,304,14437,2,0.0001385329362055829
observed,all,task_language,bs,8,14741,26,14767,0.000542704022793569,304,14437,8,0.0005541317448223315
observed,all,task_language,bug,2,14741,26,14767,0.00013567600569839224,304,14437,2,0.0001385329362055829
observed,all,task_language,ca,28,14741,26,14767,0.0018994640797774913,304,14437,26,0.0018009281706725775
observed,all,task_language,ceb,10,14741,26,14767,0.0006783800284919612,304,14437,8,0.0005541317448223315
observed,all,task_language,ckb,3,14741,26,14767,0.00020351400854758835,304,14437,3,0.00020779940430837432
observed,all,task_language,co,3,14741,26,14767,0.00020351400854758835,304,14437,3,0.00020779940430837432
observed,all,task_language,crh,1,14741,26,14767,6.783800284919612e-05,304,14437,1,6.926646810279144e-05
observed,all,task_language,cs,73,14741,26,14767,0.004952174207991317,304,14437,70,0.004848652767195401
observed,all,task_language,ctg,1,14741,26,14767,6.783800284919612e-05,304,14437,1,6.926646810279144e-05
observed,all,task_language,cv,1,14741,26,14767,6.783800284919612e-05,304,14437,1,6.926646810279144e-05
observed,all,task_language,cy,11,14741,26,14767,0.0007462180313411573,304,14437,10,0.0006926646810279144
observed,all,task_language,da,46,14741,26,14767,0.0031205481310630214,304,14437,42,0.0029091916603172403
observed,all,task_language,dag,1,14741,26,14767,6.783800284919612e-05,304,14437,1,6.926646810279144e-05
observed,all,task_language,de,374,14741,26,14767,0.025371413065599348,304,14437,349,0.024173997367874213
observed,all,task_language,doi,6,14741,26,14767,0.0004070280170951767,304,14437,6,0.00041559880861674863
observed,all,task_language,dsb,1,14741,26,14767,6.783800284919612e-05,304,14437,1,6.926646810279144e-05
observed,all,task_language,dv,1,14741,26,14767,6.783800284919612e-05,304,14437,1,6.926646810279144e-05
observed,all,task_language,dz,4,14741,26,14767,0.0002713520113967845,304,14437,4,0.0002770658724111658
observed,all,task_language,ee,4,14741,26,14767,0.0002713520113967845,304,14437,4,0.0002770658724111658
observed,all,task_language,el,73,14741,26,14767,0.004952174207991317,304,14437,68,0.004710119830989818
observed,all,task_language,en,13587,14741,26,14767,0.9217149447120276,304,14437,13486,0.9341275888342453
observed,all,task_language,eo,7,14741,26,14767,0.0004748660199443728,304,14437,6,0.00041559880861674863
observed,all,task_language,es,417,14741,26,14767,0.028288447188114782,304,14437,391,0.027083189028191453
observed,all,task_language,et,31,14741,26,14767,0.0021029780883250796,304,14437,28,0.0019394611068781604
observed,all,task_language,eu,26,14741,26,14767,0.001763788074079099,304,14437,23,0.001593128766364203
observed,all,task_language,fa,91,14741,26,14767,0.0061732582592768466,304,14437,86,0.005956916256840064
observed,all,task_language,ff,1,14741,26,14767,6.783800284919612e-05,304,14437,1,6.926646810279144e-05
observed,all,task_language,fi,58,14741,26,14767,0.003934604165253375,304,14437,52,0.003601856341345155
observed,all,task_language,fil,21,14741,26,14767,0.0014245980598331185,304,14437,21,0.0014545958301586202
observed,all,task_language,fj,2,14741,26,14767,0.00013567600569839224,304,14437,2,0.0001385329362055829
observed,all,task_language,fo,3,14741,26,14767,0.00020351400854758835,304,14437,3,0.00020779940430837432
observed,all,task_language,fr,414,14741,26,14767,0.028084933179567194,304,14437,385,0.026667590219574704
observed,all,task_language,frr,1,14741,26,14767,6.783800284919612e-05,304,14437,1,6.926646810279144e-05
observed,all,task_language,fy,5,14741,26,14767,0.0003391900142459806,304,14437,5,0.0003463323405139572
observed,all,task_language,ga,16,14741,26,14767,0.001085408045587138,304,14437,15,0.0010389970215418716
observed,all,task_language,gaa,1,14741,26,14767,6.783800284919612e-05,304,14437,1,6.926646810279144e-05
observed,all,task_language,gbm,1,14741,26,14767,6.783800284919612e-05,304,14437,1,6.926646810279144e-05
observed,all,task_language,gd,8,14741,26,14767,0.000542704022793569,304,14437,8,0.0005541317448223315
observed,all,task_language,gl,19,14741,26,14767,0.0012889220541347263,304,14437,17,0.0011775299577474546
observed,all,task_language,gn,5,14741,26,14767,0.0003391900142459806,304,14437,5,0.0003463323405139572
observed,all,task_language,gom,6,14741,26,14767,0.0004070280170951767,304,14437,6,0.00041559880861674863
observed,all,task_language,gor,1,14741,26,14767,6.783800284919612e-05,304,14437,1,6.926646810279144e-05
observed,all,task_language,grc,1,14741,26,14767,6.783800284919612e-05,304,14437,1,6.926646810279144e-05
observed,all,task_language,gu,47,14741,26,14767,0.0031883861339122178,304,14437,44,0.0030477245965228232
observed,all,task_language,ha,29,14741,26,14767,0.0019673020826266874,304,14437,29,0.002008727574980952
observed,all,task_language,haw,3,14741,26,14767,0.00020351400854758835,304,14437,3,0.00020779940430837432
observed,all,task_language,he,61,14741,26,14767,0.004138118173800964,304,14437,56,0.0038789222137563207
observed,all,task_language,hi,250,14741,26,14767,0.01695950071229903,304,14437,239,0.016554685876567155
observed,all,task_language,hil,1,14741,26,14767,6.783800284919612e-05,304,14437,1,6.926646810279144e-05
observed,all,task_language,hmn,3,14741,26,14767,0.00020351400854758835,304,14437,3,0.00020779940430837432
observed,all,task_language,hne,1,14741,26,14767,6.783800284919612e-05,304,14437,1,6.926646810279144e-05
observed,all,task_language,hoj,1,14741,26,14767,6.783800284919612e-05,304,14437,1,6.926646810279144e-05
observed,all,task_language,hr,27,14741,26,14767,0.0018316260769282952,304,14437,23,0.001593128766364203
observed,all,task_language,hsb,1,14741,26,14767,6.783800284919612e-05,304,14437,1,6.926646810279144e-05
observed,all,task_language,ht,8,14741,26,14767,0.000542704022793569,304,14437,8,0.0005541317448223315
observed,all,task_language,hu,52,14741,26,14767,0.003527576148158198,304,14437,48,0.003324790468933989
observed,all,task_language,hy,16,14741,26,14767,0.001085408045587138,304,14437,15,0.0010389970215418716
observed,all,task_language,iba,1,14741,26,14767,6.783800284919612e-05,304,14437,1,6.926646810279144e-05
observed,all,task_language,id,124,14741,26,14767,0.008411912353300318,304,14437,119,0.00824270970423218
observed,all,task_language,ida,1,14741,26,14767,6.783800284919612e-05,304,14437,1,6.926646810279144e-05
observed,all,task_language,ig,19,14741,26,14767,0.0012889220541347263,304,14437,19,0.0013160628939530373
observed,all,task_language,igb,1,14741,26,14767,6.783800284919612e-05,304,14437,1,6.926646810279144e-05
observed,all,task_language,ilo,2,14741,26,14767,0.00013567600569839224,304,14437,2,0.0001385329362055829
observed,all,task_language,is,19,14741,26,14767,0.0012889220541347263,304,14437,18,0.0012467964258502458
observed,all,task_language,it,207,14741,26,14767,0.014042466589783597,304,14437,192,0.013299161875735956
observed,all,task_language,ja,335,14741,26,14767,0.0227257309544807,304,14437,318,0.022026736856687677
observed,all,task_language,jax,1,14741,26,14767,6.783800284919612e-05,304,14437,1,6.926646810279144e-05
observed,all,task_language,jbo,1,14741,26,14767,6.783800284919612e-05,304,14437,1,6.926646810279144e-05
observed,all,task_language,jv,16,14741,26,14767,0.001085408045587138,304,14437,14,0.0009697305534390802
observed,all,task_language,ka,21,14741,26,14767,0.0014245980598331185,304,14437,20,0.0013853293620558287
observed,all,task_language,kaa,1,14741,26,14767,6.783800284919612e-05,304,14437,1,6.926646810279144e-05
observed,all,task_language,kam,1,14741,26,14767,6.783800284919612e-05,304,14437,1,6.926646810279144e-05
observed,all,task_language,kea,1,14741,26,14767,6.783800284919612e-05,304,14437,1,6.926646810279144e-05
observed,all,task_language,kgv,1,14741,26,14767,6.783800284919612e-05,304,14437,1,6.926646810279144e-05
observed,all,task_language,khg,1,14741,26,14767,6.783800284919612e-05,304,14437,1,6.926646810279144e-05
observed,all,task_language,ki,2,14741,26,14767,0.00013567600569839224,304,14437,2,0.0001385329362055829
observed,all,task_language,kk,23,14741,26,14767,0.0015602740655315107,304,14437,22,0.0015238622982614116
observed,all,task_language,km,17,14741,26,14767,0.001153246048436334,304,14437,15,0.0010389970215418716
observed,all,task_language,kn,39,14741,26,14767,0.0026456821111186485,304,14437,37,0.002562859319803283
observed,all,task_language,ko,262,14741,26,14767,0.017773556746489384,304,14437,247,0.017108817621389487
observed,all,task_language,koi,1,14741,26,14767,6.783800284919612e-05,304,14437,1,6.926646810279144e-05
observed,all,task_language,kok,3,14741,26,14767,0.00020351400854758835,304,14437,3,0.00020779940430837432
observed,all,task_language,kpv,1,14741,26,14767,6.783800284919612e-05,304,14437,1,6.926646810279144e-05
observed,all,task_language,kri,2,14741,26,14767,0.00013567600569839224,304,14437,2,0.0001385329362055829
observed,all,task_language,ksh,1,14741,26,14767,6.783800284919612e-05,304,14437,1,6.926646810279144e-05
observed,all,task_language,ku,5,14741,26,14767,0.0003391900142459806,304,14437,5,0.0003463323405139572
observed,all,task_language,ky,15,14741,26,14767,0.0010175700427379419,304,14437,15,0.0010389970215418716
observed,all,task_language,la,13,14741,26,14767,0.0008818940370395495,304,14437,12,0.0008311976172334973
observed,all,task_language,lb,12,14741,26,14767,0.0008140560341903534,304,14437,12,0.0008311976172334973
observed,all,task_language,lg,5,14741,26,14767,0.0003391900142459806,304,14437,5,0.0003463323405139572
observed,all,task_language,liv,1,14741,26,14767,6.783800284919612e-05,304,14437,1,6.926646810279144e-05
observed,all,task_language,ljp,1,14741,26,14767,6.783800284919612e-05,304,14437,1,6.926646810279144e-05
observed,all,task_language,ln,3,14741,26,14767,0.00020351400854758835,304,14437,3,0.00020779940430837432
observed,all,task_language,lo,9,14741,26,14767,0.0006105420256427651,304,14437,9,0.0006233982129251229
observed,all,task_language,lt,30,14741,26,14767,0.0020351400854758837,304,14437,26,0.0018009281706725775
observed,all,task_language,luo,1,14741,26,14767,6.783800284919612e-05,304,14437,1,6.926646810279144e-05
observed,all,task_language,lus,1,14741,26,14767,6.783800284919612e-05,304,14437,1,6.926646810279144e-05
observed,all,task_language,lv,22,14741,26,14767,0.0014924360626823146,304,14437,20,0.0013853293620558287
observed,all,task_language,lzh,5,14741,26,14767,0.0003391900142459806,304,14437,5,0.0003463323405139572
observed,all,task_language,mad,2,14741,26,14767,0.00013567600569839224,304,14437,2,0.0001385329362055829
observed,all,task_language,mag,1,14741,26,14767,6.783800284919612e-05,304,14437,1,6.926646810279144e-05
observed,all,task_language,mai,9,14741,26,14767,0.0006105420256427651,304,14437,9,0.0006233982129251229
observed,all,task_language,mak,2,14741,26,14767,0.00013567600569839224,304,14437,2,0.0001385329362055829
observed,all,task_language,mg,10,14741,26,14767,0.0006783800284919612,304,14437,10,0.0006926646810279144
observed,all,task_language,mi,6,14741,26,14767,0.0004070280170951767,304,14437,6,0.00041559880861674863
observed,all,task_language,min,4,14741,26,14767,0.0002713520113967845,304,14437,3,0.00020779940430837432
observed,all,task_language,mk,13,14741,26,14767,0.0008818940370395495,304,14437,12,0.0008311976172334973
observed,all,task_language,ml,39,14741,26,14767,0.0026456821111186485,304,14437,38,0.0026321257879060745
observed,all,task_language,mn,11,14741,26,14767,0.0007462180313411573,304,14437,10,0.0006926646810279144
observed,all,task_language,mni,5,14741,26,14767,0.0003391900142459806,304,14437,5,0.0003463323405139572
observed,all,task_language,mr,57,14741,26,14767,0.003866766162404179,304,14437,55,0.0038096557456535293
observed,all,task_language,ms,48,14741,26,14767,0.0032562241367614137,304,14437,45,0.0031169910646256147
observed,all,task_language,mt,11,14741,26,14767,0.0007462180313411573,304,14437,11,0.0007619311491307058
observed,all,task_language,mui,1,14741,26,14767,6.783800284919612e-05,304,14437,1,6.926646810279144e-05
observed,all,task_language,multilingual_unspecified,123,14741,26,14767,0.008344074350451123,304,14437,0,0.0
observed,all,task_language,mup,1,14741,26,14767,6.783800284919612e-05,304,14437,1,6.926646810279144e-05
observed,all,task_language,mwr,1,14741,26,14767,6.783800284919612e-05,304,14437,1,6.926646810279144e-05
observed,all,task_language,my,14,14741,26,14767,0.0009497320398887456,304,14437,12,0.0008311976172334973
observed,all,task_language,nan,3,14741,26,14767,0.00020351400854758835,304,14437,3,0.00020779940430837432
observed,all,task_language,nb,10,14741,26,14767,0.0006783800284919612,304,14437,10,0.0006926646810279144
observed,all,task_language,nds,1,14741,26,14767,6.783800284919612e-05,304,14437,1,6.926646810279144e-05
observed,all,task_language,ne,36,14741,26,14767,0.0024421681025710604,304,14437,35,0.0024243263835977006
observed,all,task_language,nij,2,14741,26,14767,0.00013567600569839224,304,14437,2,0.0001385329362055829
observed,all,task_language,nl,89,14741,26,14767,0.006037582253578455,304,14437,83,0.00574911685253169
observed,all,task_language,nn,8,14741,26,14767,0.000542704022793569,304,14437,6,0.00041559880861674863
observed,all,task_language,no,25,14741,26,14767,0.001695950071229903,304,14437,22,0.0015238622982614116
observed,all,task_language,nod,1,14741,26,14767,6.783800284919612e-05,304,14437,1,6.926646810279144e-05
observed,all,task_language,not_applicable,43,14741,26,14767,0.0029170341225154333,304,14437,0,0.0
observed,all,task_language,nso,5,14741,26,14767,0.0003391900142459806,304,14437,5,0.0003463323405139572
observed,all,task_language,ny,9,14741,26,14767,0.0006105420256427651,304,14437,9,0.0006233982129251229
observed,all,task_language,nyf,1,14741,26,14767,6.783800284919612e-05,304,14437,1,6.926646810279144e-05
observed,all,task_language,oc,1,14741,26,14767,6.783800284919612e-05,304,14437,1,6.926646810279144e-05
observed,all,task_language,om,6,14741,26,14767,0.0004070280170951767,304,14437,5,0.0003463323405139572
observed,all,task_language,or,28,14741,26,14767,0.0018994640797774913,304,14437,27,0.001870194638775369
observed,all,task_language,pa,39,14741,26,14767,0.0026456821111186485,304,14437,37,0.002562859319803283
observed,all,task_language,pap,1,14741,26,14767,6.783800284919612e-05,304,14437,1,6.926646810279144e-05
observed,all,task_language,pcm,7,14741,26,14767,0.0004748660199443728,304,14437,7,0.0004848652767195401
observed,all,task_language,pfl,1,14741,26,14767,6.783800284919612e-05,304,14437,1,6.926646810279144e-05
observed,all,task_language,pi,1,14741,26,14767,6.783800284919612e-05,304,14437,1,6.926646810279144e-05
observed,all,task_language,pl,89,14741,26,14767,0.006037582253578455,304,14437,82,0.005679850384428898
observed,all,task_language,pms,1,14741,26,14767,6.783800284919612e-05,304,14437,1,6.926646810279144e-05
observed,all,task_language,ps,11,14741,26,14767,0.0007462180313411573,304,14437,11,0.0007619311491307058
observed,all,task_language,pt,210,14741,26,14767,0.014245980598331185,304,14437,195,0.013506961280044331
observed,all,task_language,qu,6,14741,26,14767,0.0004070280170951767,304,14437,5,0.0003463323405139572
observed,all,task_language,raj,1,14741,26,14767,6.783800284919612e-05,304,14437,1,6.926646810279144e-05
observed,all,task_language,rkt,1,14741,26,14767,6.783800284919612e-05,304,14437,1,6.926646810279144e-05
observed,all,task_language,rm,1,14741,26,14767,6.783800284919612e-05,304,14437,1,6.926646810279144e-05
observed,all,task_language,rn,2,14741,26,14767,0.00013567600569839224,304,14437,2,0.0001385329362055829
observed,all,task_language,ro,63,14741,26,14767,0.0042737941794993555,304,14437,59,0.004086721618064695
observed,all,task_language,ru,270,14741,26,14767,0.01831626076928295,304,14437,248,0.017178084089492278
observed,all,task_language,rw,7,14741,26,14767,0.0004748660199443728,304,14437,6,0.00041559880861674863
observed,all,task_language,sa,11,14741,26,14767,0.0007462180313411573,304,14437,11,0.0007619311491307058
observed,all,task_language,sas,1,14741,26,14767,6.783800284919612e-05,304,14437,1,6.926646810279144e-05
observed,all,task_language,sat,3,14741,26,14767,0.00020351400854758835,304,14437,3,0.00020779940430837432
observed,all,task_language,sd,8,14741,26,14767,0.000542704022793569,304,14437,8,0.0005541317448223315
observed,all,task_language,sgc,1,14741,26,14767,6.783800284919612e-05,304,14437,1,6.926646810279144e-05
observed,all,task_language,si,18,14741,26,14767,0.0012210840512855302,304,14437,17,0.0011775299577474546
observed,all,task_language,sk,32,14741,26,14767,0.002170816091174276,304,14437,29,0.002008727574980952
observed,all,task_language,sl,28,14741,26,14767,0.0018994640797774913,304,14437,26,0.0018009281706725775
observed,all,task_language,sm,3,14741,26,14767,0.00020351400854758835,304,14437,3,0.00020779940430837432
observed,all,task_language,sn,9,14741,26,14767,0.0006105420256427651,304,14437,8,0.0005541317448223315
observed,all,task_language,so,15,14741,26,14767,0.0010175700427379419,304,14437,15,0.0010389970215418716
observed,all,task_language,sq,19,14741,26,14767,0.0012889220541347263,304,14437,18,0.0012467964258502458
observed,all,task_language,sr,33,14741,26,14767,0.002238654094023472,304,14437,31,0.0021472605111865347
observed,all,task_language,sso,1,14741,26,14767,6.783800284919612e-05,304,14437,1,6.926646810279144e-05
observed,all,task_language,st,9,14741,26,14767,0.0006105420256427651,304,14437,8,0.0005541317448223315
observed,all,task_language,stq,1,14741,26,14767,6.783800284919612e-05,304,14437,1,6.926646810279144e-05
observed,all,task_language,su,12,14741,26,14767,0.0008140560341903534,304,14437,11,0.0007619311491307058
observed,all,task_language,sv,54,14741,26,14767,0.0036632521538565903,304,14437,50,0.003463323405139572
observed,all,task_language,sw,90,14741,26,14767,0.006105420256427651,304,14437,83,0.00574911685253169
observed,all,task_language,syl,2,14741,26,14767,0.00013567600569839224,304,14437,2,0.0001385329362055829
observed,all,task_language,ta,78,14741,26,14767,0.005291364222237297,304,14437,75,0.005194985107709358
observed,all,task_language,te,78,14741,26,14767,0.005291364222237297,304,14437,73,0.005056452171503775
observed,all,task_language,teo,1,14741,26,14767,6.783800284919612e-05,304,14437,1,6.926646810279144e-05
observed,all,task_language,tg,9,14741,26,14767,0.0006105420256427651,304,14437,9,0.0006233982129251229
observed,all,task_language,th,122,14741,26,14767,0.008276236347601927,304,14437,114,0.007896377363718224
observed,all,task_language,ti,7,14741,26,14767,0.0004748660199443728,304,14437,7,0.0004848652767195401
observed,all,task_language,tk,4,14741,26,14767,0.0002713520113967845,304,14437,4,0.0002770658724111658
observed,all,task_language,tl,27,14741,26,14767,0.0018316260769282952,304,14437,24,0.0016623952344669945
observed,all,task_language,tn,7,14741,26,14767,0.0004748660199443728,304,14437,6,0.00041559880861674863
observed,all,task_language,to,1,14741,26,14767,6.783800284919612e-05,304,14437,1,6.926646810279144e-05
observed,all,task_language,tpi,1,14741,26,14767,6.783800284919612e-05,304,14437,1,6.926646810279144e-05
observed,all,task_language,tr,123,14741,26,14767,0.008344074350451123,304,14437,116,0.008034910299923807
observed,all,task_language,ts,3,14741,26,14767,0.00020351400854758835,304,14437,3,0.00020779940430837432
observed,all,task_language,tt,3,14741,26,14767,0.00020351400854758835,304,14437,3,0.00020779940430837432
observed,all,task_language,tts,1,14741,26,14767,6.783800284919612e-05,304,14437,1,6.926646810279144e-05
observed,all,task_language,tw,4,14741,26,14767,0.0002713520113967845,304,14437,4,0.0002770658724111658
observed,all,task_language,ty,1,14741,26,14767,6.783800284919612e-05,304,14437,1,6.926646810279144e-05
observed,all,task_language,tzm,1,14741,26,14767,6.783800284919612e-05,304,14437,1,6.926646810279144e-05
observed,all,task_language,ug,6,14741,26,14767,0.0004070280170951767,304,14437,6,0.00041559880861674863
observed,all,task_language,uk,72,14741,26,14767,0.004884336205142121,304,14437,67,0.004640853362887026
observed,all,task_language,umb,1,14741,26,14767,6.783800284919612e-05,304,14437,1,6.926646810279144e-05
observed,all,task_language,unclear,138,14741,26,14767,0.009361644393189065,304,14437,0,0.0
observed,all,task_language,ur,72,14741,26,14767,0.004884336205142121,304,14437,69,0.004779386299092609
observed,all,task_language,uz,13,14741,26,14767,0.0008818940370395495,304,14437,11,0.0007619311491307058
observed,all,task_language,vi,128,14741,26,14767,0.008683264364697104,304,14437,122,0.008450509108540555
observed,all,task_language,vro,1,14741,26,14767,6.783800284919612e-05,304,14437,1,6.926646810279144e-05
observed,all,task_language,wad,1,14741,26,14767,6.783800284919612e-05,304,14437,1,6.926646810279144e-05
observed,all,task_language,wo,4,14741,26,14767,0.0002713520113967845,304,14437,4,0.0002770658724111658
observed,all,task_language,wuu,1,14741,26,14767,6.783800284919612e-05,304,14437,1,6.926646810279144e-05
observed,all,task_language,xh,9,14741,26,14767,0.0006105420256427651,304,14437,9,0.0006233982129251229
observed,all,task_language,yi,5,14741,26,14767,0.0003391900142459806,304,14437,5,0.0003463323405139572
observed,all,task_language,yo,35,14741,26,14767,0.002374330099721864,304,14437,32,0.002216526979289326
observed,all,task_language,yue,14,14741,26,14767,0.0009497320398887456,304,14437,14,0.0009697305534390802
observed,all,task_language,za,4,14741,26,14767,0.0002713520113967845,304,14437,4,0.0002770658724111658
observed,all,task_language,zh,1667,14741,26,14767,0.11308595074960993,304,14437,1622,0.11235021126272772
observed,all,task_language,zu,22,14741,26,14767,0.0014924360626823146,304,14437,21,0.0014545958301586202
observed,2022,target_system,agent_or_tool_system,4,160,0,160,0.025,0,160,4,0.025
observed,2022,target_system,answering_model,158,160,0,160,0.9875,0,160,158,0.9875
observed,2022,target_system,embodied_system,0,160,0,160,0.0,0,160,0,0.0
observed,2022,evaluation_domain,cybersecurity,1,160,0,160,0.00625,0,160,1,0.00625
observed,2022,evaluation_domain,education,0,160,0,160,0.0,0,160,0,0.0
observed,2022,evaluation_domain,engineering,2,160,0,160,0.0125,0,160,2,0.0125
observed,2022,evaluation_domain,finance_and_business,5,160,0,160,0.03125,0,160,5,0.03125
observed,2022,evaluation_domain,general_or_cross_domain,53,160,0,160,0.33125,0,160,53,0.33125
observed,2022,evaluation_domain,healthcare_biomedicine,9,160,0,160,0.05625,0,160,9,0.05625
observed,2022,evaluation_domain,language_and_communication,90,160,0,160,0.5625,0,160,90,0.5625
observed,2022,evaluation_domain,law_and_public_policy,4,160,0,160,0.025,0,160,4,0.025
observed,2022,evaluation_domain,mathematics_and_formal_reasoning,16,160,0,160,0.1,0,160,16,0.1
observed,2022,evaluation_domain,natural_sciences,7,160,0,160,0.04375,0,160,7,0.04375
observed,2022,evaluation_domain,other,5,160,0,160,0.03125,0,160,5,0.03125
observed,2022,evaluation_domain,social_sciences_and_humanities,15,160,0,160,0.09375,0,160,15,0.09375
observed,2022,evaluation_domain,software_and_coding,28,160,0,160,0.175,0,160,28,0.175
observed,2022,evaluation_setup,fixed_items,150,160,0,160,0.9375,0,160,150,0.9375
observed,2022,evaluation_setup,interactive_loop,9,160,0,160,0.05625,0,160,9,0.05625
observed,2022,evaluation_setup,runtime_generated_items,13,160,0,160,0.08125,0,160,13,0.08125
observed,2022,modality,audio,2,160,0,160,0.0125,0,160,2,0.0125
observed,2022,modality,code,25,160,0,160,0.15625,0,160,25,0.15625
observed,2022,modality,image,11,160,0,160,0.06875,0,160,11,0.06875
observed,2022,modality,structured_data,17,160,0,160,0.10625,0,160,17,0.10625
observed,2022,modality,text,158,160,0,160,0.9875,0,160,158,0.9875
observed,2022,modality,video,1,160,0,160,0.00625,0,160,1,0.00625
observed,2022,material_origin,generative_model,25,160,0,160,0.15625,0,160,25,0.15625
observed,2022,material_origin,human_or_real_world,151,160,0,160,0.94375,0,160,151,0.94375
observed,2022,material_origin,not_reported,0,160,0,160,0.0,0,160,0,0.0
observed,2022,material_origin,program_or_simulation,44,160,0,160,0.275,0,160,44,0.275
observed,2022,material_origin,unclear,0,160,0,160,0.0,0,160,0,0.0
observed,2022,scoring_source,execution_or_environment,28,160,0,160,0.175,0,160,28,0.175
observed,2022,scoring_source,human_judge,27,160,0,160,0.16875,0,160,27,0.16875
observed,2022,scoring_source,llm_judge,0,160,0,160,0.0,0,160,0,0.0
observed,2022,scoring_source,other_model_judge,25,160,0,160,0.15625,0,160,25,0.15625
observed,2022,scoring_source,reference_or_metric,137,160,0,160,0.85625,0,160,137,0.85625
observed,2022,scoring_source,unclear,0,160,0,160,0.0,0,160,0,0.0
observed,2022,task_language,aa,0,160,0,160,0.0,2,158,0,0.0
observed,2022,task_language,abl,0,160,0,160,0.0,2,158,0,0.0
observed,2022,task_language,abs,0,160,0,160,0.0,2,158,0,0.0
observed,2022,task_language,ace,0,160,0,160,0.0,2,158,0,0.0
observed,2022,task_language,acm,0,160,0,160,0.0,2,158,0,0.0
observed,2022,task_language,acq,0,160,0,160,0.0,2,158,0,0.0
observed,2022,task_language,ado,1,160,0,160,0.00625,2,158,1,0.006329113924050633
observed,2022,task_language,aeb,0,160,0,160,0.0,2,158,0,0.0
observed,2022,task_language,af,0,160,0,160,0.0,2,158,0,0.0
observed,2022,task_language,afb,0,160,0,160,0.0,2,158,0,0.0
observed,2022,task_language,ak,0,160,0,160,0.0,2,158,0,0.0
observed,2022,task_language,als,0,160,0,160,0.0,2,158,0,0.0
observed,2022,task_language,am,1,160,0,160,0.00625,2,158,1,0.006329113924050633
observed,2022,task_language,anp,0,160,0,160,0.0,2,158,0,0.0
observed,2022,task_language,aoz,0,160,0,160,0.0,2,158,0,0.0
observed,2022,task_language,apc,0,160,0,160,0.0,2,158,0,0.0
observed,2022,task_language,ar,6,160,0,160,0.0375,2,158,6,0.0379746835443038
observed,2022,task_language,arq,0,160,0,160,0.0,2,158,0,0.0
observed,2022,task_language,ary,0,160,0,160,0.0,2,158,0,0.0
observed,2022,task_language,arz,0,160,0,160,0.0,2,158,0,0.0
observed,2022,task_language,as,3,160,0,160,0.01875,2,158,3,0.0189873417721519
observed,2022,task_language,ase,0,160,0,160,0.0,2,158,0,0.0
observed,2022,task_language,ast,0,160,0,160,0.0,2,158,0,0.0
observed,2022,task_language,awa,0,160,0,160,0.0,2,158,0,0.0
observed,2022,task_language,ay,0,160,0,160,0.0,2,158,0,0.0
observed,2022,task_language,az,1,160,0,160,0.00625,2,158,1,0.006329113924050633
observed,2022,task_language,bal,0,160,0,160,0.0,2,158,0,0.0
observed,2022,task_language,ban,0,160,0,160,0.0,2,158,0,0.0
observed,2022,task_language,bar,0,160,0,160,0.0,2,158,0,0.0
observed,2022,task_language,bbc,0,160,0,160,0.0,2,158,0,0.0
observed,2022,task_language,bbj,0,160,0,160,0.0,2,158,0,0.0
observed,2022,task_language,be,0,160,0,160,0.0,2,158,0,0.0
observed,2022,task_language,bew,0,160,0,160,0.0,2,158,0,0.0
observed,2022,task_language,bfy,0,160,0,160,0.0,2,158,0,0.0
observed,2022,task_language,bg,2,160,0,160,0.0125,2,158,2,0.012658227848101266
observed,2022,task_language,bgc,0,160,0,160,0.0,2,158,0,0.0
observed,2022,task_language,bho,0,160,0,160,0.0,2,158,0,0.0
observed,2022,task_language,bjn,0,160,0,160,0.0,2,158,0,0.0
observed,2022,task_language,bm,0,160,0,160,0.0,2,158,0,0.0
observed,2022,task_language,bn,9,160,0,160,0.05625,2,158,9,0.056962025316455694
observed,2022,task_language,bns,0,160,0,160,0.0,2,158,0,0.0
observed,2022,task_language,bo,1,160,0,160,0.00625,2,158,1,0.006329113924050633
observed,2022,task_language,br,0,160,0,160,0.0,2,158,0,0.0
observed,2022,task_language,bra,0,160,0,160,0.0,2,158,0,0.0
observed,2022,task_language,brx,0,160,0,160,0.0,2,158,0,0.0
observed,2022,task_language,bs,0,160,0,160,0.0,2,158,0,0.0
observed,2022,task_language,bug,0,160,0,160,0.0,2,158,0,0.0
observed,2022,task_language,ca,1,160,0,160,0.00625,2,158,1,0.006329113924050633
observed,2022,task_language,ceb,0,160,0,160,0.0,2,158,0,0.0
observed,2022,task_language,ckb,0,160,0,160,0.0,2,158,0,0.0
observed,2022,task_language,co,0,160,0,160,0.0,2,158,0,0.0
observed,2022,task_language,crh,0,160,0,160,0.0,2,158,0,0.0
observed,2022,task_language,cs,4,160,0,160,0.025,2,158,4,0.02531645569620253
observed,2022,task_language,ctg,0,160,0,160,0.0,2,158,0,0.0
observed,2022,task_language,cv,0,160,0,160,0.0,2,158,0,0.0
observed,2022,task_language,cy,1,160,0,160,0.00625,2,158,1,0.006329113924050633
observed,2022,task_language,da,2,160,0,160,0.0125,2,158,2,0.012658227848101266
observed,2022,task_language,dag,0,160,0,160,0.0,2,158,0,0.0
observed,2022,task_language,de,14,160,0,160,0.0875,2,158,13,0.08227848101265822
observed,2022,task_language,doi,0,160,0,160,0.0,2,158,0,0.0
observed,2022,task_language,dsb,0,160,0,160,0.0,2,158,0,0.0
observed,2022,task_language,dv,0,160,0,160,0.0,2,158,0,0.0
observed,2022,task_language,dz,0,160,0,160,0.0,2,158,0,0.0
observed,2022,task_language,ee,0,160,0,160,0.0,2,158,0,0.0
observed,2022,task_language,el,2,160,0,160,0.0125,2,158,2,0.012658227848101266
observed,2022,task_language,en,147,160,0,160,0.91875,2,158,145,0.9177215189873418
observed,2022,task_language,eo,1,160,0,160,0.00625,2,158,1,0.006329113924050633
observed,2022,task_language,es,10,160,0,160,0.0625,2,158,10,0.06329113924050633
observed,2022,task_language,et,2,160,0,160,0.0125,2,158,2,0.012658227848101266
observed,2022,task_language,eu,0,160,0,160,0.0,2,158,0,0.0
observed,2022,task_language,fa,6,160,0,160,0.0375,2,158,5,0.03164556962025317
observed,2022,task_language,ff,0,160,0,160,0.0,2,158,0,0.0
observed,2022,task_language,fi,4,160,0,160,0.025,2,158,3,0.0189873417721519
observed,2022,task_language,fil,1,160,0,160,0.00625,2,158,1,0.006329113924050633
observed,2022,task_language,fj,0,160,0,160,0.0,2,158,0,0.0
observed,2022,task_language,fo,0,160,0,160,0.0,2,158,0,0.0
observed,2022,task_language,fr,10,160,0,160,0.0625,2,158,10,0.06329113924050633
observed,2022,task_language,frr,0,160,0,160,0.0,2,158,0,0.0
observed,2022,task_language,fy,0,160,0,160,0.0,2,158,0,0.0
observed,2022,task_language,ga,0,160,0,160,0.0,2,158,0,0.0
observed,2022,task_language,gaa,0,160,0,160,0.0,2,158,0,0.0
observed,2022,task_language,gbm,0,160,0,160,0.0,2,158,0,0.0
observed,2022,task_language,gd,1,160,0,160,0.00625,2,158,1,0.006329113924050633
observed,2022,task_language,gl,1,160,0,160,0.00625,2,158,1,0.006329113924050633
observed,2022,task_language,gn,0,160,0,160,0.0,2,158,0,0.0
observed,2022,task_language,gom,0,160,0,160,0.0,2,158,0,0.0
observed,2022,task_language,gor,0,160,0,160,0.0,2,158,0,0.0
observed,2022,task_language,grc,0,160,0,160,0.0,2,158,0,0.0
observed,2022,task_language,gu,6,160,0,160,0.0375,2,158,6,0.0379746835443038
observed,2022,task_language,ha,2,160,0,160,0.0125,2,158,2,0.012658227848101266
observed,2022,task_language,haw,0,160,0,160,0.0,2,158,0,0.0
observed,2022,task_language,he,2,160,0,160,0.0125,2,158,2,0.012658227848101266
observed,2022,task_language,hi,9,160,0,160,0.05625,2,158,8,0.05063291139240506
observed,2022,task_language,hil,0,160,0,160,0.0,2,158,0,0.0
observed,2022,task_language,hmn,0,160,0,160,0.0,2,158,0,0.0
observed,2022,task_language,hne,0,160,0,160,0.0,2,158,0,0.0
observed,2022,task_language,hoj,0,160,0,160,0.0,2,158,0,0.0
observed,2022,task_language,hr,2,160,0,160,0.0125,2,158,2,0.012658227848101266
observed,2022,task_language,hsb,0,160,0,160,0.0,2,158,0,0.0
observed,2022,task_language,ht,2,160,0,160,0.0125,2,158,2,0.012658227848101266
observed,2022,task_language,hu,2,160,0,160,0.0125,2,158,2,0.012658227848101266
observed,2022,task_language,hy,0,160,0,160,0.0,2,158,0,0.0
observed,2022,task_language,iba,0,160,0,160,0.0,2,158,0,0.0
observed,2022,task_language,id,3,160,0,160,0.01875,2,158,3,0.0189873417721519
observed,2022,task_language,ida,0,160,0,160,0.0,2,158,0,0.0
observed,2022,task_language,ig,3,160,0,160,0.01875,2,158,3,0.0189873417721519
observed,2022,task_language,igb,0,160,0,160,0.0,2,158,0,0.0
observed,2022,task_language,ilo,0,160,0,160,0.0,2,158,0,0.0
observed,2022,task_language,is,0,160,0,160,0.0,2,158,0,0.0
observed,2022,task_language,it,7,160,0,160,0.04375,2,158,7,0.04430379746835443
observed,2022,task_language,ja,9,160,0,160,0.05625,2,158,9,0.056962025316455694
observed,2022,task_language,jax,0,160,0,160,0.0,2,158,0,0.0
observed,2022,task_language,jbo,0,160,0,160,0.0,2,158,0,0.0
observed,2022,task_language,jv,1,160,0,160,0.00625,2,158,1,0.006329113924050633
observed,2022,task_language,ka,0,160,0,160,0.0,2,158,0,0.0
observed,2022,task_language,kaa,0,160,0,160,0.0,2,158,0,0.0
observed,2022,task_language,kam,0,160,0,160,0.0,2,158,0,0.0
observed,2022,task_language,kea,0,160,0,160,0.0,2,158,0,0.0
observed,2022,task_language,kgv,0,160,0,160,0.0,2,158,0,0.0
observed,2022,task_language,khg,1,160,0,160,0.00625,2,158,1,0.006329113924050633
observed,2022,task_language,ki,0,160,0,160,0.0,2,158,0,0.0
observed,2022,task_language,kk,0,160,0,160,0.0,2,158,0,0.0
observed,2022,task_language,km,1,160,0,160,0.00625,2,158,1,0.006329113924050633
observed,2022,task_language,kn,6,160,0,160,0.0375,2,158,5,0.03164556962025317
observed,2022,task_language,ko,7,160,0,160,0.04375,2,158,7,0.04430379746835443
observed,2022,task_language,koi,0,160,0,160,0.0,2,158,0,0.0
observed,2022,task_language,kok,0,160,0,160,0.0,2,158,0,0.0
observed,2022,task_language,kpv,0,160,0,160,0.0,2,158,0,0.0
observed,2022,task_language,kri,0,160,0,160,0.0,2,158,0,0.0
observed,2022,task_language,ksh,0,160,0,160,0.0,2,158,0,0.0
observed,2022,task_language,ku,2,160,0,160,0.0125,2,158,2,0.012658227848101266
observed,2022,task_language,ky,1,160,0,160,0.00625,2,158,1,0.006329113924050633
observed,2022,task_language,la,0,160,0,160,0.0,2,158,0,0.0
observed,2022,task_language,lb,0,160,0,160,0.0,2,158,0,0.0
observed,2022,task_language,lg,0,160,0,160,0.0,2,158,0,0.0
observed,2022,task_language,liv,0,160,0,160,0.0,2,158,0,0.0
observed,2022,task_language,ljp,0,160,0,160,0.0,2,158,0,0.0
observed,2022,task_language,ln,0,160,0,160,0.0,2,158,0,0.0
observed,2022,task_language,lo,1,160,0,160,0.00625,2,158,1,0.006329113924050633
observed,2022,task_language,lt,1,160,0,160,0.00625,2,158,1,0.006329113924050633
observed,2022,task_language,luo,0,160,0,160,0.0,2,158,0,0.0
observed,2022,task_language,lus,0,160,0,160,0.0,2,158,0,0.0
observed,2022,task_language,lv,1,160,0,160,0.00625,2,158,1,0.006329113924050633
observed,2022,task_language,lzh,0,160,0,160,0.0,2,158,0,0.0
observed,2022,task_language,mad,0,160,0,160,0.0,2,158,0,0.0
observed,2022,task_language,mag,0,160,0,160,0.0,2,158,0,0.0
observed,2022,task_language,mai,0,160,0,160,0.0,2,158,0,0.0
observed,2022,task_language,mak,0,160,0,160,0.0,2,158,0,0.0
observed,2022,task_language,mg,0,160,0,160,0.0,2,158,0,0.0
observed,2022,task_language,mi,0,160,0,160,0.0,2,158,0,0.0
observed,2022,task_language,min,0,160,0,160,0.0,2,158,0,0.0
observed,2022,task_language,mk,1,160,0,160,0.00625,2,158,1,0.006329113924050633
observed,2022,task_language,ml,4,160,0,160,0.025,2,158,4,0.02531645569620253
observed,2022,task_language,mn,0,160,0,160,0.0,2,158,0,0.0
observed,2022,task_language,mni,0,160,0,160,0.0,2,158,0,0.0
observed,2022,task_language,mr,6,160,0,160,0.0375,2,158,6,0.0379746835443038
observed,2022,task_language,ms,1,160,0,160,0.00625,2,158,1,0.006329113924050633
observed,2022,task_language,mt,0,160,0,160,0.0,2,158,0,0.0
observed,2022,task_language,mui,0,160,0,160,0.0,2,158,0,0.0
observed,2022,task_language,multilingual_unspecified,2,160,0,160,0.0125,2,158,0,0.0
observed,2022,task_language,mup,0,160,0,160,0.0,2,158,0,0.0
observed,2022,task_language,mwr,0,160,0,160,0.0,2,158,0,0.0
observed,2022,task_language,my,2,160,0,160,0.0125,2,158,2,0.012658227848101266
observed,2022,task_language,nan,0,160,0,160,0.0,2,158,0,0.0
observed,2022,task_language,nb,0,160,0,160,0.0,2,158,0,0.0
observed,2022,task_language,nds,0,160,0,160,0.0,2,158,0,0.0
observed,2022,task_language,ne,1,160,0,160,0.00625,2,158,1,0.006329113924050633
observed,2022,task_language,nij,0,160,0,160,0.0,2,158,0,0.0
observed,2022,task_language,nl,4,160,0,160,0.025,2,158,4,0.02531645569620253
observed,2022,task_language,nn,0,160,0,160,0.0,2,158,0,0.0
observed,2022,task_language,no,1,160,0,160,0.00625,2,158,1,0.006329113924050633
observed,2022,task_language,nod,0,160,0,160,0.0,2,158,0,0.0
observed,2022,task_language,not_applicable,0,160,0,160,0.0,2,158,0,0.0
observed,2022,task_language,nso,0,160,0,160,0.0,2,158,0,0.0
observed,2022,task_language,ny,0,160,0,160,0.0,2,158,0,0.0
observed,2022,task_language,nyf,0,160,0,160,0.0,2,158,0,0.0
observed,2022,task_language,oc,0,160,0,160,0.0,2,158,0,0.0
observed,2022,task_language,om,1,160,0,160,0.00625,2,158,1,0.006329113924050633
observed,2022,task_language,or,3,160,0,160,0.01875,2,158,3,0.0189873417721519
observed,2022,task_language,pa,5,160,0,160,0.03125,2,158,5,0.03164556962025317
observed,2022,task_language,pap,0,160,0,160,0.0,2,158,0,0.0
observed,2022,task_language,pcm,1,160,0,160,0.00625,2,158,1,0.006329113924050633
observed,2022,task_language,pfl,0,160,0,160,0.0,2,158,0,0.0
observed,2022,task_language,pi,0,160,0,160,0.0,2,158,0,0.0
observed,2022,task_language,pl,5,160,0,160,0.03125,2,158,4,0.02531645569620253
observed,2022,task_language,pms,0,160,0,160,0.0,2,158,0,0.0
observed,2022,task_language,ps,2,160,0,160,0.0125,2,158,2,0.012658227848101266
observed,2022,task_language,pt,4,160,0,160,0.025,2,158,4,0.02531645569620253
observed,2022,task_language,qu,0,160,0,160,0.0,2,158,0,0.0
observed,2022,task_language,raj,0,160,0,160,0.0,2,158,0,0.0
observed,2022,task_language,rkt,0,160,0,160,0.0,2,158,0,0.0
observed,2022,task_language,rm,0,160,0,160,0.0,2,158,0,0.0
observed,2022,task_language,rn,1,160,0,160,0.00625,2,158,1,0.006329113924050633
observed,2022,task_language,ro,4,160,0,160,0.025,2,158,4,0.02531645569620253
observed,2022,task_language,ru,11,160,0,160,0.06875,2,158,10,0.06329113924050633
observed,2022,task_language,rw,0,160,0,160,0.0,2,158,0,0.0
observed,2022,task_language,sa,0,160,0,160,0.0,2,158,0,0.0
observed,2022,task_language,sas,0,160,0,160,0.0,2,158,0,0.0
observed,2022,task_language,sat,0,160,0,160,0.0,2,158,0,0.0
observed,2022,task_language,sd,0,160,0,160,0.0,2,158,0,0.0
observed,2022,task_language,sgc,0,160,0,160,0.0,2,158,0,0.0
observed,2022,task_language,si,2,160,0,160,0.0125,2,158,2,0.012658227848101266
observed,2022,task_language,sk,1,160,0,160,0.00625,2,158,1,0.006329113924050633
observed,2022,task_language,sl,1,160,0,160,0.00625,2,158,1,0.006329113924050633
observed,2022,task_language,sm,0,160,0,160,0.0,2,158,0,0.0
observed,2022,task_language,sn,0,160,0,160,0.0,2,158,0,0.0
observed,2022,task_language,so,2,160,0,160,0.0125,2,158,2,0.012658227848101266
observed,2022,task_language,sq,1,160,0,160,0.00625,2,158,1,0.006329113924050633
observed,2022,task_language,sr,1,160,0,160,0.00625,2,158,1,0.006329113924050633
observed,2022,task_language,sso,0,160,0,160,0.0,2,158,0,0.0
observed,2022,task_language,st,0,160,0,160,0.0,2,158,0,0.0
observed,2022,task_language,stq,0,160,0,160,0.0,2,158,0,0.0
observed,2022,task_language,su,1,160,0,160,0.00625,2,158,1,0.006329113924050633
observed,2022,task_language,sv,5,160,0,160,0.03125,2,158,4,0.02531645569620253
observed,2022,task_language,sw,6,160,0,160,0.0375,2,158,5,0.03164556962025317
observed,2022,task_language,syl,0,160,0,160,0.0,2,158,0,0.0
observed,2022,task_language,ta,5,160,0,160,0.03125,2,158,5,0.03164556962025317
observed,2022,task_language,te,6,160,0,160,0.0375,2,158,6,0.0379746835443038
observed,2022,task_language,teo,0,160,0,160,0.0,2,158,0,0.0
observed,2022,task_language,tg,0,160,0,160,0.0,2,158,0,0.0
observed,2022,task_language,th,4,160,0,160,0.025,2,158,4,0.02531645569620253
observed,2022,task_language,ti,1,160,0,160,0.00625,2,158,1,0.006329113924050633
observed,2022,task_language,tk,0,160,0,160,0.0,2,158,0,0.0
observed,2022,task_language,tl,2,160,0,160,0.0125,2,158,2,0.012658227848101266
observed,2022,task_language,tn,0,160,0,160,0.0,2,158,0,0.0
observed,2022,task_language,to,0,160,0,160,0.0,2,158,0,0.0
observed,2022,task_language,tpi,0,160,0,160,0.0,2,158,0,0.0
observed,2022,task_language,tr,4,160,0,160,0.025,2,158,4,0.02531645569620253
observed,2022,task_language,ts,0,160,0,160,0.0,2,158,0,0.0
observed,2022,task_language,tt,0,160,0,160,0.0,2,158,0,0.0
observed,2022,task_language,tts,0,160,0,160,0.0,2,158,0,0.0
observed,2022,task_language,tw,0,160,0,160,0.0,2,158,0,0.0
observed,2022,task_language,ty,0,160,0,160,0.0,2,158,0,0.0
observed,2022,task_language,tzm,0,160,0,160,0.0,2,158,0,0.0
observed,2022,task_language,ug,0,160,0,160,0.0,2,158,0,0.0
observed,2022,task_language,uk,2,160,0,160,0.0125,2,158,2,0.012658227848101266
observed,2022,task_language,umb,0,160,0,160,0.0,2,158,0,0.0
observed,2022,task_language,unclear,0,160,0,160,0.0,2,158,0,0.0
observed,2022,task_language,ur,4,160,0,160,0.025,2,158,4,0.02531645569620253
observed,2022,task_language,uz,1,160,0,160,0.00625,2,158,1,0.006329113924050633
observed,2022,task_language,vi,5,160,0,160,0.03125,2,158,5,0.03164556962025317
observed,2022,task_language,vro,0,160,0,160,0.0,2,158,0,0.0
observed,2022,task_language,wad,0,160,0,160,0.0,2,158,0,0.0
observed,2022,task_language,wo,0,160,0,160,0.0,2,158,0,0.0
observed,2022,task_language,wuu,0,160,0,160,0.0,2,158,0,0.0
observed,2022,task_language,xh,1,160,0,160,0.00625,2,158,1,0.006329113924050633
observed,2022,task_language,yi,0,160,0,160,0.0,2,158,0,0.0
observed,2022,task_language,yo,3,160,0,160,0.01875,2,158,3,0.0189873417721519
observed,2022,task_language,yue,1,160,0,160,0.00625,2,158,1,0.006329113924050633
observed,2022,task_language,za,1,160,0,160,0.00625,2,158,1,0.006329113924050633
observed,2022,task_language,zh,14,160,0,160,0.0875,2,158,13,0.08227848101265822
observed,2022,task_language,zu,0,160,0,160,0.0,2,158,0,0.0
observed,2023,target_system,agent_or_tool_system,64,861,0,861,0.0743321718931475,0,861,64,0.0743321718931475
observed,2023,target_system,answering_model,801,861,0,861,0.9303135888501742,0,861,801,0.9303135888501742
observed,2023,target_system,embodied_system,19,861,0,861,0.022067363530778164,0,861,19,0.022067363530778164
observed,2023,evaluation_domain,cybersecurity,28,861,0,861,0.032520325203252036,0,861,28,0.032520325203252036
observed,2023,evaluation_domain,education,14,861,0,861,0.016260162601626018,0,861,14,0.016260162601626018
observed,2023,evaluation_domain,engineering,46,861,0,861,0.053426248548199766,0,861,46,0.053426248548199766
observed,2023,evaluation_domain,finance_and_business,47,861,0,861,0.0545876887340302,0,861,47,0.0545876887340302
observed,2023,evaluation_domain,general_or_cross_domain,420,861,0,861,0.4878048780487805,0,861,420,0.4878048780487805
observed,2023,evaluation_domain,healthcare_biomedicine,64,861,0,861,0.0743321718931475,0,861,64,0.0743321718931475
observed,2023,evaluation_domain,language_and_communication,237,861,0,861,0.27526132404181186,0,861,237,0.27526132404181186
observed,2023,evaluation_domain,law_and_public_policy,22,861,0,861,0.025551684088269456,0,861,22,0.025551684088269456
observed,2023,evaluation_domain,mathematics_and_formal_reasoning,106,861,0,861,0.12311265969802555,0,861,106,0.12311265969802555
observed,2023,evaluation_domain,natural_sciences,63,861,0,861,0.07317073170731707,0,861,63,0.07317073170731707
observed,2023,evaluation_domain,other,15,861,0,861,0.017421602787456445,0,861,15,0.017421602787456445
observed,2023,evaluation_domain,social_sciences_and_humanities,109,861,0,861,0.12659698025551683,0,861,109,0.12659698025551683
observed,2023,evaluation_domain,software_and_coding,132,861,0,861,0.15331010452961671,0,861,132,0.15331010452961671
observed,2023,evaluation_setup,fixed_items,829,861,0,861,0.9628339140534262,0,861,829,0.9628339140534262
observed,2023,evaluation_setup,interactive_loop,85,861,0,861,0.09872241579558652,0,861,85,0.09872241579558652
observed,2023,evaluation_setup,runtime_generated_items,46,861,0,861,0.053426248548199766,0,861,46,0.053426248548199766
observed,2023,modality,audio,12,861,0,861,0.013937282229965157,0,861,12,0.013937282229965157
observed,2023,modality,code,123,861,0,861,0.14285714285714285,0,861,123,0.14285714285714285
observed,2023,modality,image,146,861,0,861,0.16957026713124274,0,861,146,0.16957026713124274
observed,2023,modality,structured_data,84,861,0,861,0.0975609756097561,0,861,84,0.0975609756097561
observed,2023,modality,text,847,861,0,861,0.983739837398374,0,861,847,0.983739837398374
observed,2023,modality,video,27,861,0,861,0.0313588850174216,0,861,27,0.0313588850174216
observed,2023,material_origin,generative_model,324,861,0,861,0.37630662020905925,0,861,324,0.37630662020905925
observed,2023,material_origin,human_or_real_world,740,861,0,861,0.859465737514518,0,861,740,0.859465737514518
observed,2023,material_origin,not_reported,0,861,0,861,0.0,0,861,0,0.0
observed,2023,material_origin,program_or_simulation,216,861,0,861,0.2508710801393728,0,861,216,0.2508710801393728
observed,2023,material_origin,unclear,0,861,0,861,0.0,0,861,0,0.0
observed,2023,scoring_source,execution_or_environment,140,861,0,861,0.16260162601626016,0,861,140,0.16260162601626016
observed,2023,scoring_source,human_judge,156,861,0,861,0.18118466898954705,0,861,156,0.18118466898954705
observed,2023,scoring_source,llm_judge,155,861,0,861,0.1800232288037166,0,861,155,0.1800232288037166
observed,2023,scoring_source,other_model_judge,103,861,0,861,0.11962833914053426,0,861,103,0.11962833914053426
observed,2023,scoring_source,reference_or_metric,644,861,0,861,0.7479674796747967,0,861,644,0.7479674796747967
observed,2023,scoring_source,unclear,0,861,0,861,0.0,0,861,0,0.0
observed,2023,task_language,aa,0,859,2,861,0.0,18,841,0,0.0
observed,2023,task_language,abl,0,859,2,861,0.0,18,841,0,0.0
observed,2023,task_language,abs,0,859,2,861,0.0,18,841,0,0.0
observed,2023,task_language,ace,0,859,2,861,0.0,18,841,0,0.0
observed,2023,task_language,acm,0,859,2,861,0.0,18,841,0,0.0
observed,2023,task_language,acq,0,859,2,861,0.0,18,841,0,0.0
observed,2023,task_language,ado,0,859,2,861,0.0,18,841,0,0.0
observed,2023,task_language,aeb,0,859,2,861,0.0,18,841,0,0.0
observed,2023,task_language,af,3,859,2,861,0.0034924330616996507,18,841,3,0.0035671819262782403
observed,2023,task_language,afb,0,859,2,861,0.0,18,841,0,0.0
observed,2023,task_language,ak,0,859,2,861,0.0,18,841,0,0.0
observed,2023,task_language,als,0,859,2,861,0.0,18,841,0,0.0
observed,2023,task_language,am,1,859,2,861,0.0011641443538998836,18,841,1,0.0011890606420927466
observed,2023,task_language,anp,0,859,2,861,0.0,18,841,0,0.0
observed,2023,task_language,aoz,0,859,2,861,0.0,18,841,0,0.0
observed,2023,task_language,apc,0,859,2,861,0.0,18,841,0,0.0
observed,2023,task_language,ar,17,859,2,861,0.01979045401629802,18,841,16,0.019024970273483946
observed,2023,task_language,arq,0,859,2,861,0.0,18,841,0,0.0
observed,2023,task_language,ary,0,859,2,861,0.0,18,841,0,0.0
observed,2023,task_language,arz,0,859,2,861,0.0,18,841,0,0.0
observed,2023,task_language,as,2,859,2,861,0.002328288707799767,18,841,2,0.0023781212841854932
observed,2023,task_language,ase,0,859,2,861,0.0,18,841,0,0.0
observed,2023,task_language,ast,1,859,2,861,0.0011641443538998836,18,841,1,0.0011890606420927466
observed,2023,task_language,awa,0,859,2,861,0.0,18,841,0,0.0
observed,2023,task_language,ay,0,859,2,861,0.0,18,841,0,0.0
observed,2023,task_language,az,3,859,2,861,0.0034924330616996507,18,841,3,0.0035671819262782403
observed,2023,task_language,bal,0,859,2,861,0.0,18,841,0,0.0
observed,2023,task_language,ban,1,859,2,861,0.0011641443538998836,18,841,1,0.0011890606420927466
observed,2023,task_language,bar,0,859,2,861,0.0,18,841,0,0.0
observed,2023,task_language,bbc,0,859,2,861,0.0,18,841,0,0.0
observed,2023,task_language,bbj,1,859,2,861,0.0011641443538998836,18,841,1,0.0011890606420927466
observed,2023,task_language,be,2,859,2,861,0.002328288707799767,18,841,2,0.0023781212841854932
observed,2023,task_language,bew,0,859,2,861,0.0,18,841,0,0.0
observed,2023,task_language,bfy,0,859,2,861,0.0,18,841,0,0.0
observed,2023,task_language,bg,5,859,2,861,0.005820721769499418,18,841,5,0.005945303210463734
observed,2023,task_language,bgc,0,859,2,861,0.0,18,841,0,0.0
observed,2023,task_language,bho,0,859,2,861,0.0,18,841,0,0.0
observed,2023,task_language,bjn,1,859,2,861,0.0011641443538998836,18,841,1,0.0011890606420927466
observed,2023,task_language,bm,1,859,2,861,0.0011641443538998836,18,841,1,0.0011890606420927466
observed,2023,task_language,bn,12,859,2,861,0.013969732246798603,18,841,12,0.014268727705112961
observed,2023,task_language,bns,0,859,2,861,0.0,18,841,0,0.0
observed,2023,task_language,bo,0,859,2,861,0.0,18,841,0,0.0
observed,2023,task_language,br,0,859,2,861,0.0,18,841,0,0.0
observed,2023,task_language,bra,0,859,2,861,0.0,18,841,0,0.0
observed,2023,task_language,brx,0,859,2,861,0.0,18,841,0,0.0
observed,2023,task_language,bs,2,859,2,861,0.002328288707799767,18,841,2,0.0023781212841854932
observed,2023,task_language,bug,0,859,2,861,0.0,18,841,0,0.0
observed,2023,task_language,ca,2,859,2,861,0.002328288707799767,18,841,2,0.0023781212841854932
observed,2023,task_language,ceb,1,859,2,861,0.0011641443538998836,18,841,1,0.0011890606420927466
observed,2023,task_language,ckb,1,859,2,861,0.0011641443538998836,18,841,1,0.0011890606420927466
observed,2023,task_language,co,0,859,2,861,0.0,18,841,0,0.0
observed,2023,task_language,crh,0,859,2,861,0.0,18,841,0,0.0
observed,2023,task_language,cs,3,859,2,861,0.0034924330616996507,18,841,3,0.0035671819262782403
observed,2023,task_language,ctg,0,859,2,861,0.0,18,841,0,0.0
observed,2023,task_language,cv,0,859,2,861,0.0,18,841,0,0.0
observed,2023,task_language,cy,2,859,2,861,0.002328288707799767,18,841,2,0.0023781212841854932
observed,2023,task_language,da,5,859,2,861,0.005820721769499418,18,841,5,0.005945303210463734
observed,2023,task_language,dag,0,859,2,861,0.0,18,841,0,0.0
observed,2023,task_language,de,20,859,2,861,0.023282887077997673,18,841,20,0.023781212841854936
observed,2023,task_language,doi,0,859,2,861,0.0,18,841,0,0.0
observed,2023,task_language,dsb,0,859,2,861,0.0,18,841,0,0.0
observed,2023,task_language,dv,0,859,2,861,0.0,18,841,0,0.0
observed,2023,task_language,dz,0,859,2,861,0.0,18,841,0,0.0
observed,2023,task_language,ee,1,859,2,861,0.0011641443538998836,18,841,1,0.0011890606420927466
observed,2023,task_language,el,4,859,2,861,0.004656577415599534,18,841,4,0.0047562425683709865
observed,2023,task_language,en,772,859,2,861,0.8987194412107101,18,841,768,0.9131985731272295
observed,2023,task_language,eo,1,859,2,861,0.0011641443538998836,18,841,1,0.0011890606420927466
observed,2023,task_language,es,25,859,2,861,0.02910360884749709,18,841,24,0.028537455410225922
observed,2023,task_language,et,3,859,2,861,0.0034924330616996507,18,841,3,0.0035671819262782403
observed,2023,task_language,eu,2,859,2,861,0.002328288707799767,18,841,2,0.0023781212841854932
observed,2023,task_language,fa,7,859,2,861,0.008149010477299184,18,841,7,0.008323424494649227
observed,2023,task_language,ff,1,859,2,861,0.0011641443538998836,18,841,1,0.0011890606420927466
observed,2023,task_language,fi,6,859,2,861,0.006984866123399301,18,841,6,0.007134363852556481
observed,2023,task_language,fil,2,859,2,861,0.002328288707799767,18,841,2,0.0023781212841854932
observed,2023,task_language,fj,0,859,2,861,0.0,18,841,0,0.0
observed,2023,task_language,fo,0,859,2,861,0.0,18,841,0,0.0
observed,2023,task_language,fr,22,859,2,861,0.025611175785797437,18,841,20,0.023781212841854936
observed,2023,task_language,frr,0,859,2,861,0.0,18,841,0,0.0
observed,2023,task_language,fy,1,859,2,861,0.0011641443538998836,18,841,1,0.0011890606420927466
observed,2023,task_language,ga,2,859,2,861,0.002328288707799767,18,841,2,0.0023781212841854932
observed,2023,task_language,gaa,0,859,2,861,0.0,18,841,0,0.0
observed,2023,task_language,gbm,0,859,2,861,0.0,18,841,0,0.0
observed,2023,task_language,gd,0,859,2,861,0.0,18,841,0,0.0
observed,2023,task_language,gl,2,859,2,861,0.002328288707799767,18,841,2,0.0023781212841854932
observed,2023,task_language,gn,0,859,2,861,0.0,18,841,0,0.0
observed,2023,task_language,gom,0,859,2,861,0.0,18,841,0,0.0
observed,2023,task_language,gor,0,859,2,861,0.0,18,841,0,0.0
observed,2023,task_language,grc,0,859,2,861,0.0,18,841,0,0.0
observed,2023,task_language,gu,5,859,2,861,0.005820721769499418,18,841,5,0.005945303210463734
observed,2023,task_language,ha,1,859,2,861,0.0011641443538998836,18,841,1,0.0011890606420927466
observed,2023,task_language,haw,0,859,2,861,0.0,18,841,0,0.0
observed,2023,task_language,he,4,859,2,861,0.004656577415599534,18,841,4,0.0047562425683709865
observed,2023,task_language,hi,12,859,2,861,0.013969732246798603,18,841,12,0.014268727705112961
observed,2023,task_language,hil,0,859,2,861,0.0,18,841,0,0.0
observed,2023,task_language,hmn,0,859,2,861,0.0,18,841,0,0.0
observed,2023,task_language,hne,0,859,2,861,0.0,18,841,0,0.0
observed,2023,task_language,hoj,0,859,2,861,0.0,18,841,0,0.0
observed,2023,task_language,hr,2,859,2,861,0.002328288707799767,18,841,2,0.0023781212841854932
observed,2023,task_language,hsb,0,859,2,861,0.0,18,841,0,0.0
observed,2023,task_language,ht,2,859,2,861,0.002328288707799767,18,841,2,0.0023781212841854932
observed,2023,task_language,hu,2,859,2,861,0.002328288707799767,18,841,2,0.0023781212841854932
observed,2023,task_language,hy,3,859,2,861,0.0034924330616996507,18,841,3,0.0035671819262782403
observed,2023,task_language,iba,0,859,2,861,0.0,18,841,0,0.0
observed,2023,task_language,id,11,859,2,861,0.012805587892898719,18,841,11,0.013079667063020214
observed,2023,task_language,ida,0,859,2,861,0.0,18,841,0,0.0
observed,2023,task_language,ig,1,859,2,861,0.0011641443538998836,18,841,1,0.0011890606420927466
observed,2023,task_language,igb,0,859,2,861,0.0,18,841,0,0.0
observed,2023,task_language,ilo,0,859,2,861,0.0,18,841,0,0.0
observed,2023,task_language,is,3,859,2,861,0.0034924330616996507,18,841,3,0.0035671819262782403
observed,2023,task_language,it,11,859,2,861,0.012805587892898719,18,841,11,0.013079667063020214
observed,2023,task_language,ja,14,859,2,861,0.01629802095459837,18,841,13,0.015457788347205707
observed,2023,task_language,jax,0,859,2,861,0.0,18,841,0,0.0
observed,2023,task_language,jbo,0,859,2,861,0.0,18,841,0,0.0
observed,2023,task_language,jv,3,859,2,861,0.0034924330616996507,18,841,3,0.0035671819262782403
observed,2023,task_language,ka,3,859,2,861,0.0034924330616996507,18,841,3,0.0035671819262782403
observed,2023,task_language,kaa,0,859,2,861,0.0,18,841,0,0.0
observed,2023,task_language,kam,1,859,2,861,0.0011641443538998836,18,841,1,0.0011890606420927466
observed,2023,task_language,kea,1,859,2,861,0.0011641443538998836,18,841,1,0.0011890606420927466
observed,2023,task_language,kgv,1,859,2,861,0.0011641443538998836,18,841,1,0.0011890606420927466
observed,2023,task_language,khg,0,859,2,861,0.0,18,841,0,0.0
observed,2023,task_language,ki,0,859,2,861,0.0,18,841,0,0.0
observed,2023,task_language,kk,2,859,2,861,0.002328288707799767,18,841,2,0.0023781212841854932
observed,2023,task_language,km,2,859,2,861,0.002328288707799767,18,841,2,0.0023781212841854932
observed,2023,task_language,kn,4,859,2,861,0.004656577415599534,18,841,4,0.0047562425683709865
observed,2023,task_language,ko,11,859,2,861,0.012805587892898719,18,841,11,0.013079667063020214
observed,2023,task_language,koi,0,859,2,861,0.0,18,841,0,0.0
observed,2023,task_language,kok,0,859,2,861,0.0,18,841,0,0.0
observed,2023,task_language,kpv,0,859,2,861,0.0,18,841,0,0.0
observed,2023,task_language,kri,0,859,2,861,0.0,18,841,0,0.0
observed,2023,task_language,ksh,0,859,2,861,0.0,18,841,0,0.0
observed,2023,task_language,ku,0,859,2,861,0.0,18,841,0,0.0
observed,2023,task_language,ky,3,859,2,861,0.0034924330616996507,18,841,3,0.0035671819262782403
observed,2023,task_language,la,1,859,2,861,0.0011641443538998836,18,841,1,0.0011890606420927466
observed,2023,task_language,lb,1,859,2,861,0.0011641443538998836,18,841,1,0.0011890606420927466
observed,2023,task_language,lg,1,859,2,861,0.0011641443538998836,18,841,1,0.0011890606420927466
observed,2023,task_language,liv,0,859,2,861,0.0,18,841,0,0.0
observed,2023,task_language,ljp,1,859,2,861,0.0011641443538998836,18,841,1,0.0011890606420927466
observed,2023,task_language,ln,1,859,2,861,0.0011641443538998836,18,841,1,0.0011890606420927466
observed,2023,task_language,lo,2,859,2,861,0.002328288707799767,18,841,2,0.0023781212841854932
observed,2023,task_language,lt,2,859,2,861,0.002328288707799767,18,841,2,0.0023781212841854932
observed,2023,task_language,luo,1,859,2,861,0.0011641443538998836,18,841,1,0.0011890606420927466
observed,2023,task_language,lus,0,859,2,861,0.0,18,841,0,0.0
observed,2023,task_language,lv,2,859,2,861,0.002328288707799767,18,841,2,0.0023781212841854932
observed,2023,task_language,lzh,0,859,2,861,0.0,18,841,0,0.0
observed,2023,task_language,mad,1,859,2,861,0.0011641443538998836,18,841,1,0.0011890606420927466
observed,2023,task_language,mag,0,859,2,861,0.0,18,841,0,0.0
observed,2023,task_language,mai,0,859,2,861,0.0,18,841,0,0.0
observed,2023,task_language,mak,1,859,2,861,0.0011641443538998836,18,841,1,0.0011890606420927466
observed,2023,task_language,mg,2,859,2,861,0.002328288707799767,18,841,2,0.0023781212841854932
observed,2023,task_language,mi,1,859,2,861,0.0011641443538998836,18,841,1,0.0011890606420927466
observed,2023,task_language,min,0,859,2,861,0.0,18,841,0,0.0
observed,2023,task_language,mk,2,859,2,861,0.002328288707799767,18,841,2,0.0023781212841854932
observed,2023,task_language,ml,4,859,2,861,0.004656577415599534,18,841,4,0.0047562425683709865
observed,2023,task_language,mn,2,859,2,861,0.002328288707799767,18,841,2,0.0023781212841854932
observed,2023,task_language,mni,0,859,2,861,0.0,18,841,0,0.0
observed,2023,task_language,mr,5,859,2,861,0.005820721769499418,18,841,5,0.005945303210463734
observed,2023,task_language,ms,3,859,2,861,0.0034924330616996507,18,841,3,0.0035671819262782403
observed,2023,task_language,mt,2,859,2,861,0.002328288707799767,18,841,2,0.0023781212841854932
observed,2023,task_language,mui,0,859,2,861,0.0,18,841,0,0.0
observed,2023,task_language,multilingual_unspecified,8,859,2,861,0.009313154831199068,18,841,0,0.0
observed,2023,task_language,mup,0,859,2,861,0.0,18,841,0,0.0
observed,2023,task_language,mwr,0,859,2,861,0.0,18,841,0,0.0
observed,2023,task_language,my,2,859,2,861,0.002328288707799767,18,841,2,0.0023781212841854932
observed,2023,task_language,nan,0,859,2,861,0.0,18,841,0,0.0
observed,2023,task_language,nb,0,859,2,861,0.0,18,841,0,0.0
observed,2023,task_language,nds,0,859,2,861,0.0,18,841,0,0.0
observed,2023,task_language,ne,4,859,2,861,0.004656577415599534,18,841,4,0.0047562425683709865
observed,2023,task_language,nij,1,859,2,861,0.0011641443538998836,18,841,1,0.0011890606420927466
observed,2023,task_language,nl,7,859,2,861,0.008149010477299184,18,841,7,0.008323424494649227
observed,2023,task_language,nn,0,859,2,861,0.0,18,841,0,0.0
observed,2023,task_language,no,2,859,2,861,0.002328288707799767,18,841,2,0.0023781212841854932
observed,2023,task_language,nod,0,859,2,861,0.0,18,841,0,0.0
observed,2023,task_language,not_applicable,10,859,2,861,0.011641443538998836,18,841,0,0.0
observed,2023,task_language,nso,1,859,2,861,0.0011641443538998836,18,841,1,0.0011890606420927466
observed,2023,task_language,ny,1,859,2,861,0.0011641443538998836,18,841,1,0.0011890606420927466
observed,2023,task_language,nyf,0,859,2,861,0.0,18,841,0,0.0
observed,2023,task_language,oc,1,859,2,861,0.0011641443538998836,18,841,1,0.0011890606420927466
observed,2023,task_language,om,1,859,2,861,0.0011641443538998836,18,841,1,0.0011890606420927466
observed,2023,task_language,or,2,859,2,861,0.002328288707799767,18,841,2,0.0023781212841854932
observed,2023,task_language,pa,5,859,2,861,0.005820721769499418,18,841,5,0.005945303210463734
observed,2023,task_language,pap,0,859,2,861,0.0,18,841,0,0.0
observed,2023,task_language,pcm,1,859,2,861,0.0011641443538998836,18,841,1,0.0011890606420927466
observed,2023,task_language,pfl,0,859,2,861,0.0,18,841,0,0.0
observed,2023,task_language,pi,0,859,2,861,0.0,18,841,0,0.0
observed,2023,task_language,pl,4,859,2,861,0.004656577415599534,18,841,4,0.0047562425683709865
observed,2023,task_language,pms,0,859,2,861,0.0,18,841,0,0.0
observed,2023,task_language,ps,1,859,2,861,0.0011641443538998836,18,841,1,0.0011890606420927466
observed,2023,task_language,pt,12,859,2,861,0.013969732246798603,18,841,12,0.014268727705112961
observed,2023,task_language,qu,1,859,2,861,0.0011641443538998836,18,841,1,0.0011890606420927466
observed,2023,task_language,raj,0,859,2,861,0.0,18,841,0,0.0
observed,2023,task_language,rkt,0,859,2,861,0.0,18,841,0,0.0
observed,2023,task_language,rm,0,859,2,861,0.0,18,841,0,0.0
observed,2023,task_language,rn,0,859,2,861,0.0,18,841,0,0.0
observed,2023,task_language,ro,4,859,2,861,0.004656577415599534,18,841,4,0.0047562425683709865
observed,2023,task_language,ru,17,859,2,861,0.01979045401629802,18,841,16,0.019024970273483946
observed,2023,task_language,rw,1,859,2,861,0.0011641443538998836,18,841,1,0.0011890606420927466
observed,2023,task_language,sa,1,859,2,861,0.0011641443538998836,18,841,1,0.0011890606420927466
observed,2023,task_language,sas,0,859,2,861,0.0,18,841,0,0.0
observed,2023,task_language,sat,0,859,2,861,0.0,18,841,0,0.0
observed,2023,task_language,sd,1,859,2,861,0.0011641443538998836,18,841,1,0.0011890606420927466
observed,2023,task_language,sgc,0,859,2,861,0.0,18,841,0,0.0
observed,2023,task_language,si,1,859,2,861,0.0011641443538998836,18,841,1,0.0011890606420927466
observed,2023,task_language,sk,3,859,2,861,0.0034924330616996507,18,841,3,0.0035671819262782403
observed,2023,task_language,sl,3,859,2,861,0.0034924330616996507,18,841,3,0.0035671819262782403
observed,2023,task_language,sm,0,859,2,861,0.0,18,841,0,0.0
observed,2023,task_language,sn,2,859,2,861,0.002328288707799767,18,841,2,0.0023781212841854932
observed,2023,task_language,so,2,859,2,861,0.002328288707799767,18,841,2,0.0023781212841854932
observed,2023,task_language,sq,2,859,2,861,0.002328288707799767,18,841,2,0.0023781212841854932
observed,2023,task_language,sr,2,859,2,861,0.002328288707799767,18,841,2,0.0023781212841854932
observed,2023,task_language,sso,0,859,2,861,0.0,18,841,0,0.0
observed,2023,task_language,st,0,859,2,861,0.0,18,841,0,0.0
observed,2023,task_language,stq,0,859,2,861,0.0,18,841,0,0.0
observed,2023,task_language,su,1,859,2,861,0.0011641443538998836,18,841,1,0.0011890606420927466
observed,2023,task_language,sv,1,859,2,861,0.0011641443538998836,18,841,1,0.0011890606420927466
observed,2023,task_language,sw,7,859,2,861,0.008149010477299184,18,841,7,0.008323424494649227
observed,2023,task_language,syl,0,859,2,861,0.0,18,841,0,0.0
observed,2023,task_language,ta,7,859,2,861,0.008149010477299184,18,841,7,0.008323424494649227
observed,2023,task_language,te,8,859,2,861,0.009313154831199068,18,841,8,0.009512485136741973
observed,2023,task_language,teo,0,859,2,861,0.0,18,841,0,0.0
observed,2023,task_language,tg,2,859,2,861,0.002328288707799767,18,841,2,0.0023781212841854932
observed,2023,task_language,th,11,859,2,861,0.012805587892898719,18,841,11,0.013079667063020214
observed,2023,task_language,ti,1,859,2,861,0.0011641443538998836,18,841,1,0.0011890606420927466
observed,2023,task_language,tk,0,859,2,861,0.0,18,841,0,0.0
observed,2023,task_language,tl,1,859,2,861,0.0011641443538998836,18,841,1,0.0011890606420927466
observed,2023,task_language,tn,1,859,2,861,0.0011641443538998836,18,841,1,0.0011890606420927466
observed,2023,task_language,to,0,859,2,861,0.0,18,841,0,0.0
observed,2023,task_language,tpi,0,859,2,861,0.0,18,841,0,0.0
observed,2023,task_language,tr,7,859,2,861,0.008149010477299184,18,841,7,0.008323424494649227
observed,2023,task_language,ts,0,859,2,861,0.0,18,841,0,0.0
observed,2023,task_language,tt,0,859,2,861,0.0,18,841,0,0.0
observed,2023,task_language,tts,0,859,2,861,0.0,18,841,0,0.0
observed,2023,task_language,tw,1,859,2,861,0.0011641443538998836,18,841,1,0.0011890606420927466
observed,2023,task_language,ty,0,859,2,861,0.0,18,841,0,0.0
observed,2023,task_language,tzm,0,859,2,861,0.0,18,841,0,0.0
observed,2023,task_language,ug,1,859,2,861,0.0011641443538998836,18,841,1,0.0011890606420927466
observed,2023,task_language,uk,4,859,2,861,0.004656577415599534,18,841,4,0.0047562425683709865
observed,2023,task_language,umb,1,859,2,861,0.0011641443538998836,18,841,1,0.0011890606420927466
observed,2023,task_language,unclear,0,859,2,861,0.0,18,841,0,0.0
observed,2023,task_language,ur,6,859,2,861,0.006984866123399301,18,841,6,0.007134363852556481
observed,2023,task_language,uz,2,859,2,861,0.002328288707799767,18,841,2,0.0023781212841854932
observed,2023,task_language,vi,11,859,2,861,0.012805587892898719,18,841,11,0.013079667063020214
observed,2023,task_language,vro,0,859,2,861,0.0,18,841,0,0.0
observed,2023,task_language,wad,0,859,2,861,0.0,18,841,0,0.0
observed,2023,task_language,wo,1,859,2,861,0.0011641443538998836,18,841,1,0.0011890606420927466
observed,2023,task_language,wuu,0,859,2,861,0.0,18,841,0,0.0
observed,2023,task_language,xh,1,859,2,861,0.0011641443538998836,18,841,1,0.0011890606420927466
observed,2023,task_language,yi,1,859,2,861,0.0011641443538998836,18,841,1,0.0011890606420927466
observed,2023,task_language,yo,3,859,2,861,0.0034924330616996507,18,841,3,0.0035671819262782403
observed,2023,task_language,yue,1,859,2,861,0.0011641443538998836,18,841,1,0.0011890606420927466
observed,2023,task_language,za,0,859,2,861,0.0,18,841,0,0.0
observed,2023,task_language,zh,130,859,2,861,0.15133876600698487,18,841,128,0.15219976218787157
observed,2023,task_language,zu,1,859,2,861,0.0011641443538998836,18,841,1,0.0011890606420927466
observed,2024,target_system,agent_or_tool_system,259,2735,0,2735,0.09469835466179159,0,2735,259,0.09469835466179159
observed,2024,target_system,answering_model,2513,2735,0,2735,0.9188299817184643,0,2735,2513,0.9188299817184643
observed,2024,target_system,embodied_system,43,2735,0,2735,0.015722120658135285,0,2735,43,0.015722120658135285
observed,2024,evaluation_domain,cybersecurity,88,2735,0,2735,0.03217550274223035,0,2735,88,0.03217550274223035
observed,2024,evaluation_domain,education,49,2735,0,2735,0.017915904936014627,0,2735,49,0.017915904936014627
observed,2024,evaluation_domain,engineering,120,2735,0,2735,0.043875685557586835,0,2735,120,0.043875685557586835
observed,2024,evaluation_domain,finance_and_business,172,2735,0,2735,0.06288848263254114,0,2735,172,0.06288848263254114
observed,2024,evaluation_domain,general_or_cross_domain,1275,2735,0,2735,0.46617915904936014,0,2735,1275,0.46617915904936014
observed,2024,evaluation_domain,healthcare_biomedicine,281,2735,0,2735,0.10274223034734918,0,2735,281,0.10274223034734918
observed,2024,evaluation_domain,language_and_communication,520,2735,0,2735,0.19012797074954296,0,2735,520,0.19012797074954296
observed,2024,evaluation_domain,law_and_public_policy,84,2735,0,2735,0.030712979890310785,0,2735,84,0.030712979890310785
observed,2024,evaluation_domain,mathematics_and_formal_reasoning,323,2735,0,2735,0.11809872029250457,0,2735,323,0.11809872029250457
observed,2024,evaluation_domain,natural_sciences,198,2735,0,2735,0.07239488117001829,0,2735,198,0.07239488117001829
observed,2024,evaluation_domain,other,79,2735,0,2735,0.028884826325411336,0,2735,79,0.028884826325411336
observed,2024,evaluation_domain,social_sciences_and_humanities,313,2735,0,2735,0.11444241316270566,0,2735,313,0.11444241316270566
observed,2024,evaluation_domain,software_and_coding,456,2735,0,2735,0.16672760511882997,0,2735,456,0.16672760511882997
observed,2024,evaluation_setup,fixed_items,2607,2735,0,2735,0.9531992687385741,0,2735,2607,0.9531992687385741
observed,2024,evaluation_setup,interactive_loop,296,2735,0,2735,0.10822669104204753,0,2735,296,0.10822669104204753
observed,2024,evaluation_setup,runtime_generated_items,188,2735,0,2735,0.06873857404021938,0,2735,188,0.06873857404021938
observed,2024,modality,audio,74,2735,0,2735,0.027056672760511883,0,2735,74,0.027056672760511883
observed,2024,modality,code,420,2735,0,2735,0.15356489945155394,0,2735,420,0.15356489945155394
observed,2024,modality,image,711,2735,0,2735,0.259963436928702,0,2735,711,0.259963436928702
observed,2024,modality,structured_data,305,2735,0,2735,0.11151736745886655,0,2735,305,0.11151736745886655
observed,2024,modality,text,2705,2735,0,2735,0.9890310786106032,0,2735,2705,0.9890310786106032
observed,2024,modality,video,137,2735,0,2735,0.05009140767824497,0,2735,137,0.05009140767824497
observed,2024,material_origin,generative_model,1354,2735,0,2735,0.4950639853747715,2,2733,1354,0.49542627149652396
observed,2024,material_origin,human_or_real_world,2363,2735,0,2735,0.8639853747714809,2,2733,2363,0.8646176362971094
observed,2024,material_origin,not_reported,2,2735,0,2735,0.0007312614259597807,2,2733,0,0.0
observed,2024,material_origin,program_or_simulation,700,2735,0,2735,0.25594149908592323,2,2733,700,0.2561287961946579
observed,2024,material_origin,unclear,0,2735,0,2735,0.0,2,2733,0,0.0
observed,2024,scoring_source,execution_or_environment,464,2733,2,2735,0.16977680204903037,4,2729,464,0.17002565042139978
observed,2024,scoring_source,human_judge,245,2733,2,2735,0.08964507866813026,4,2729,245,0.08977647489923049
observed,2024,scoring_source,llm_judge,764,2733,2,2735,0.2795462861324552,4,2729,764,0.27995602784902895
observed,2024,scoring_source,other_model_judge,317,2733,2,2735,0.11598975484815222,4,2729,317,0.1161597654818615
observed,2024,scoring_source,reference_or_metric,1974,2733,2,2735,0.7222832052689352,4,2729,1974,0.7233418834737999
observed,2024,scoring_source,unclear,4,2733,2,2735,0.0014635931211123307,4,2729,0,0.0
observed,2024,task_language,aa,1,2726,9,2735,0.00036683785766691124,42,2684,1,0.00037257824143070045
observed,2024,task_language,abl,0,2726,9,2735,0.0,42,2684,0,0.0
observed,2024,task_language,abs,0,2726,9,2735,0.0,42,2684,0,0.0
observed,2024,task_language,ace,0,2726,9,2735,0.0,42,2684,0,0.0
observed,2024,task_language,acm,0,2726,9,2735,0.0,42,2684,0,0.0
observed,2024,task_language,acq,0,2726,9,2735,0.0,42,2684,0,0.0
observed,2024,task_language,ado,0,2726,9,2735,0.0,42,2684,0,0.0
observed,2024,task_language,aeb,0,2726,9,2735,0.0,42,2684,0,0.0
observed,2024,task_language,af,9,2726,9,2735,0.003301540719002201,42,2684,8,0.0029806259314456036
observed,2024,task_language,afb,1,2726,9,2735,0.00036683785766691124,42,2684,1,0.00037257824143070045
observed,2024,task_language,ak,2,2726,9,2735,0.0007336757153338225,42,2684,2,0.0007451564828614009
observed,2024,task_language,als,0,2726,9,2735,0.0,42,2684,0,0.0
observed,2024,task_language,am,9,2726,9,2735,0.003301540719002201,42,2684,9,0.0033532041728763042
observed,2024,task_language,anp,0,2726,9,2735,0.0,42,2684,0,0.0
observed,2024,task_language,aoz,0,2726,9,2735,0.0,42,2684,0,0.0
observed,2024,task_language,apc,1,2726,9,2735,0.00036683785766691124,42,2684,1,0.00037257824143070045
observed,2024,task_language,ar,74,2726,9,2735,0.02714600146735143,42,2684,69,0.02570789865871833
observed,2024,task_language,arq,0,2726,9,2735,0.0,42,2684,0,0.0
observed,2024,task_language,ary,1,2726,9,2735,0.00036683785766691124,42,2684,1,0.00037257824143070045
observed,2024,task_language,arz,1,2726,9,2735,0.00036683785766691124,42,2684,1,0.00037257824143070045
observed,2024,task_language,as,8,2726,9,2735,0.00293470286133529,42,2684,8,0.0029806259314456036
observed,2024,task_language,ase,0,2726,9,2735,0.0,42,2684,0,0.0
observed,2024,task_language,ast,0,2726,9,2735,0.0,42,2684,0,0.0
observed,2024,task_language,awa,1,2726,9,2735,0.00036683785766691124,42,2684,1,0.00037257824143070045
observed,2024,task_language,ay,1,2726,9,2735,0.00036683785766691124,42,2684,1,0.00037257824143070045
observed,2024,task_language,az,8,2726,9,2735,0.00293470286133529,42,2684,8,0.0029806259314456036
observed,2024,task_language,bal,1,2726,9,2735,0.00036683785766691124,42,2684,1,0.00037257824143070045
observed,2024,task_language,ban,0,2726,9,2735,0.0,42,2684,0,0.0
observed,2024,task_language,bar,0,2726,9,2735,0.0,42,2684,0,0.0
observed,2024,task_language,bbc,0,2726,9,2735,0.0,42,2684,0,0.0
observed,2024,task_language,bbj,0,2726,9,2735,0.0,42,2684,0,0.0
observed,2024,task_language,be,7,2726,9,2735,0.0025678650036683784,42,2684,7,0.0026080476900149033
observed,2024,task_language,bew,0,2726,9,2735,0.0,42,2684,0,0.0
observed,2024,task_language,bfy,0,2726,9,2735,0.0,42,2684,0,0.0
observed,2024,task_language,bg,14,2726,9,2735,0.005135730007336757,42,2684,14,0.005216095380029807
observed,2024,task_language,bgc,1,2726,9,2735,0.00036683785766691124,42,2684,1,0.00037257824143070045
observed,2024,task_language,bho,3,2726,9,2735,0.0011005135730007337,42,2684,3,0.0011177347242921013
observed,2024,task_language,bjn,0,2726,9,2735,0.0,42,2684,0,0.0
observed,2024,task_language,bm,2,2726,9,2735,0.0007336757153338225,42,2684,2,0.0007451564828614009
observed,2024,task_language,bn,33,2726,9,2735,0.01210564930300807,42,2684,29,0.010804769001490314
observed,2024,task_language,bns,0,2726,9,2735,0.0,42,2684,0,0.0
observed,2024,task_language,bo,1,2726,9,2735,0.00036683785766691124,42,2684,1,0.00037257824143070045
observed,2024,task_language,br,0,2726,9,2735,0.0,42,2684,0,0.0
observed,2024,task_language,bra,0,2726,9,2735,0.0,42,2684,0,0.0
observed,2024,task_language,brx,1,2726,9,2735,0.00036683785766691124,42,2684,1,0.00037257824143070045
observed,2024,task_language,bs,4,2726,9,2735,0.001467351430667645,42,2684,4,0.0014903129657228018
observed,2024,task_language,bug,0,2726,9,2735,0.0,42,2684,0,0.0
observed,2024,task_language,ca,8,2726,9,2735,0.00293470286133529,42,2684,7,0.0026080476900149033
observed,2024,task_language,ceb,4,2726,9,2735,0.001467351430667645,42,2684,4,0.0014903129657228018
observed,2024,task_language,ckb,2,2726,9,2735,0.0007336757153338225,42,2684,2,0.0007451564828614009
observed,2024,task_language,co,3,2726,9,2735,0.0011005135730007337,42,2684,3,0.0011177347242921013
observed,2024,task_language,crh,0,2726,9,2735,0.0,42,2684,0,0.0
observed,2024,task_language,cs,14,2726,9,2735,0.005135730007336757,42,2684,14,0.005216095380029807
observed,2024,task_language,ctg,0,2726,9,2735,0.0,42,2684,0,0.0
observed,2024,task_language,cv,0,2726,9,2735,0.0,42,2684,0,0.0
observed,2024,task_language,cy,4,2726,9,2735,0.001467351430667645,42,2684,4,0.0014903129657228018
observed,2024,task_language,da,13,2726,9,2735,0.004768892149669846,42,2684,12,0.004470938897168405
observed,2024,task_language,dag,0,2726,9,2735,0.0,42,2684,0,0.0
observed,2024,task_language,de,84,2726,9,2735,0.030814380044020543,42,2684,79,0.029433681073025336
observed,2024,task_language,doi,2,2726,9,2735,0.0007336757153338225,42,2684,2,0.0007451564828614009
observed,2024,task_language,dsb,0,2726,9,2735,0.0,42,2684,0,0.0
observed,2024,task_language,dv,1,2726,9,2735,0.00036683785766691124,42,2684,1,0.00037257824143070045
observed,2024,task_language,dz,0,2726,9,2735,0.0,42,2684,0,0.0
observed,2024,task_language,ee,1,2726,9,2735,0.00036683785766691124,42,2684,1,0.00037257824143070045
observed,2024,task_language,el,16,2726,9,2735,0.00586940572267058,42,2684,16,0.005961251862891207
observed,2024,task_language,en,2516,2726,9,2735,0.9229640498899486,42,2684,2495,0.9295827123695977
observed,2024,task_language,eo,4,2726,9,2735,0.001467351430667645,42,2684,4,0.0014903129657228018
observed,2024,task_language,es,97,2726,9,2735,0.03558327219369039,42,2684,92,0.03427719821162444
observed,2024,task_language,et,8,2726,9,2735,0.00293470286133529,42,2684,8,0.0029806259314456036
observed,2024,task_language,eu,12,2726,9,2735,0.004402054292002935,42,2684,10,0.0037257824143070045
observed,2024,task_language,fa,18,2726,9,2735,0.006603081438004402,42,2684,18,0.0067064083457526085
observed,2024,task_language,ff,0,2726,9,2735,0.0,42,2684,0,0.0
observed,2024,task_language,fi,14,2726,9,2735,0.005135730007336757,42,2684,13,0.004843517138599106
observed,2024,task_language,fil,8,2726,9,2735,0.00293470286133529,42,2684,8,0.0029806259314456036
observed,2024,task_language,fj,1,2726,9,2735,0.00036683785766691124,42,2684,1,0.00037257824143070045
observed,2024,task_language,fo,1,2726,9,2735,0.00036683785766691124,42,2684,1,0.00037257824143070045
observed,2024,task_language,fr,110,2726,9,2735,0.04035216434336023,42,2684,104,0.038748137108792845
observed,2024,task_language,frr,0,2726,9,2735,0.0,42,2684,0,0.0
observed,2024,task_language,fy,3,2726,9,2735,0.0011005135730007337,42,2684,3,0.0011177347242921013
observed,2024,task_language,ga,5,2726,9,2735,0.001834189288334556,42,2684,5,0.0018628912071535022
observed,2024,task_language,gaa,0,2726,9,2735,0.0,42,2684,0,0.0
observed,2024,task_language,gbm,1,2726,9,2735,0.00036683785766691124,42,2684,1,0.00037257824143070045
observed,2024,task_language,gd,4,2726,9,2735,0.001467351430667645,42,2684,4,0.0014903129657228018
observed,2024,task_language,gl,5,2726,9,2735,0.001834189288334556,42,2684,4,0.0014903129657228018
observed,2024,task_language,gn,1,2726,9,2735,0.00036683785766691124,42,2684,1,0.00037257824143070045
observed,2024,task_language,gom,4,2726,9,2735,0.001467351430667645,42,2684,4,0.0014903129657228018
observed,2024,task_language,gor,0,2726,9,2735,0.0,42,2684,0,0.0
observed,2024,task_language,grc,0,2726,9,2735,0.0,42,2684,0,0.0
observed,2024,task_language,gu,9,2726,9,2735,0.003301540719002201,42,2684,9,0.0033532041728763042
observed,2024,task_language,ha,7,2726,9,2735,0.0025678650036683784,42,2684,7,0.0026080476900149033
observed,2024,task_language,haw,3,2726,9,2735,0.0011005135730007337,42,2684,3,0.0011177347242921013
observed,2024,task_language,he,21,2726,9,2735,0.007703595011005136,42,2684,20,0.007451564828614009
observed,2024,task_language,hi,53,2726,9,2735,0.019442406456346296,42,2684,51,0.019001490312965722
observed,2024,task_language,hil,1,2726,9,2735,0.00036683785766691124,42,2684,1,0.00037257824143070045
observed,2024,task_language,hmn,3,2726,9,2735,0.0011005135730007337,42,2684,3,0.0011177347242921013
observed,2024,task_language,hne,1,2726,9,2735,0.00036683785766691124,42,2684,1,0.00037257824143070045
observed,2024,task_language,hoj,1,2726,9,2735,0.00036683785766691124,42,2684,1,0.00037257824143070045
observed,2024,task_language,hr,7,2726,9,2735,0.0025678650036683784,42,2684,7,0.0026080476900149033
observed,2024,task_language,hsb,0,2726,9,2735,0.0,42,2684,0,0.0
observed,2024,task_language,ht,4,2726,9,2735,0.001467351430667645,42,2684,4,0.0014903129657228018
observed,2024,task_language,hu,16,2726,9,2735,0.00586940572267058,42,2684,16,0.005961251862891207
observed,2024,task_language,hy,9,2726,9,2735,0.003301540719002201,42,2684,9,0.0033532041728763042
observed,2024,task_language,iba,0,2726,9,2735,0.0,42,2684,0,0.0
observed,2024,task_language,id,27,2726,9,2735,0.009904622157006602,42,2684,26,0.009687034277198211
observed,2024,task_language,ida,0,2726,9,2735,0.0,42,2684,0,0.0
observed,2024,task_language,ig,5,2726,9,2735,0.001834189288334556,42,2684,5,0.0018628912071535022
observed,2024,task_language,igb,0,2726,9,2735,0.0,42,2684,0,0.0
observed,2024,task_language,ilo,2,2726,9,2735,0.0007336757153338225,42,2684,2,0.0007451564828614009
observed,2024,task_language,is,8,2726,9,2735,0.00293470286133529,42,2684,8,0.0029806259314456036
observed,2024,task_language,it,53,2726,9,2735,0.019442406456346296,42,2684,48,0.01788375558867362
observed,2024,task_language,ja,71,2726,9,2735,0.026045487894350697,42,2684,67,0.02496274217585693
observed,2024,task_language,jax,0,2726,9,2735,0.0,42,2684,0,0.0
observed,2024,task_language,jbo,0,2726,9,2735,0.0,42,2684,0,0.0
observed,2024,task_language,jv,5,2726,9,2735,0.001834189288334556,42,2684,4,0.0014903129657228018
observed,2024,task_language,ka,7,2726,9,2735,0.0025678650036683784,42,2684,7,0.0026080476900149033
observed,2024,task_language,kaa,0,2726,9,2735,0.0,42,2684,0,0.0
observed,2024,task_language,kam,0,2726,9,2735,0.0,42,2684,0,0.0
observed,2024,task_language,kea,0,2726,9,2735,0.0,42,2684,0,0.0
observed,2024,task_language,kgv,0,2726,9,2735,0.0,42,2684,0,0.0
observed,2024,task_language,khg,0,2726,9,2735,0.0,42,2684,0,0.0
observed,2024,task_language,ki,0,2726,9,2735,0.0,42,2684,0,0.0
observed,2024,task_language,kk,7,2726,9,2735,0.0025678650036683784,42,2684,7,0.0026080476900149033
observed,2024,task_language,km,4,2726,9,2735,0.001467351430667645,42,2684,4,0.0014903129657228018
observed,2024,task_language,kn,9,2726,9,2735,0.003301540719002201,42,2684,9,0.0033532041728763042
observed,2024,task_language,ko,58,2726,9,2735,0.02127659574468085,42,2684,55,0.020491803278688523
observed,2024,task_language,koi,0,2726,9,2735,0.0,42,2684,0,0.0
observed,2024,task_language,kok,0,2726,9,2735,0.0,42,2684,0,0.0
observed,2024,task_language,kpv,1,2726,9,2735,0.00036683785766691124,42,2684,1,0.00037257824143070045
observed,2024,task_language,kri,2,2726,9,2735,0.0007336757153338225,42,2684,2,0.0007451564828614009
observed,2024,task_language,ksh,0,2726,9,2735,0.0,42,2684,0,0.0
observed,2024,task_language,ku,3,2726,9,2735,0.0011005135730007337,42,2684,3,0.0011177347242921013
observed,2024,task_language,ky,5,2726,9,2735,0.001834189288334556,42,2684,5,0.0018628912071535022
observed,2024,task_language,la,4,2726,9,2735,0.001467351430667645,42,2684,4,0.0014903129657228018
observed,2024,task_language,lb,5,2726,9,2735,0.001834189288334556,42,2684,5,0.0018628912071535022
observed,2024,task_language,lg,1,2726,9,2735,0.00036683785766691124,42,2684,1,0.00037257824143070045
observed,2024,task_language,liv,1,2726,9,2735,0.00036683785766691124,42,2684,1,0.00037257824143070045
observed,2024,task_language,ljp,0,2726,9,2735,0.0,42,2684,0,0.0
observed,2024,task_language,ln,2,2726,9,2735,0.0007336757153338225,42,2684,2,0.0007451564828614009
observed,2024,task_language,lo,4,2726,9,2735,0.001467351430667645,42,2684,4,0.0014903129657228018
observed,2024,task_language,lt,8,2726,9,2735,0.00293470286133529,42,2684,8,0.0029806259314456036
observed,2024,task_language,luo,0,2726,9,2735,0.0,42,2684,0,0.0
observed,2024,task_language,lus,1,2726,9,2735,0.00036683785766691124,42,2684,1,0.00037257824143070045
observed,2024,task_language,lv,5,2726,9,2735,0.001834189288334556,42,2684,5,0.0018628912071535022
observed,2024,task_language,lzh,0,2726,9,2735,0.0,42,2684,0,0.0
observed,2024,task_language,mad,0,2726,9,2735,0.0,42,2684,0,0.0
observed,2024,task_language,mag,0,2726,9,2735,0.0,42,2684,0,0.0
observed,2024,task_language,mai,4,2726,9,2735,0.001467351430667645,42,2684,4,0.0014903129657228018
observed,2024,task_language,mak,0,2726,9,2735,0.0,42,2684,0,0.0
observed,2024,task_language,mg,5,2726,9,2735,0.001834189288334556,42,2684,5,0.0018628912071535022
observed,2024,task_language,mi,3,2726,9,2735,0.0011005135730007337,42,2684,3,0.0011177347242921013
observed,2024,task_language,min,1,2726,9,2735,0.00036683785766691124,42,2684,0,0.0
observed,2024,task_language,mk,6,2726,9,2735,0.0022010271460014674,42,2684,6,0.0022354694485842027
observed,2024,task_language,ml,9,2726,9,2735,0.003301540719002201,42,2684,9,0.0033532041728763042
observed,2024,task_language,mn,7,2726,9,2735,0.0025678650036683784,42,2684,6,0.0022354694485842027
observed,2024,task_language,mni,3,2726,9,2735,0.0011005135730007337,42,2684,3,0.0011177347242921013
observed,2024,task_language,mr,11,2726,9,2735,0.004035216434336023,42,2684,11,0.004098360655737705
observed,2024,task_language,ms,12,2726,9,2735,0.004402054292002935,42,2684,12,0.004470938897168405
observed,2024,task_language,mt,3,2726,9,2735,0.0011005135730007337,42,2684,3,0.0011177347242921013
observed,2024,task_language,mui,0,2726,9,2735,0.0,42,2684,0,0.0
observed,2024,task_language,multilingual_unspecified,21,2726,9,2735,0.007703595011005136,42,2684,0,0.0
observed,2024,task_language,mup,1,2726,9,2735,0.00036683785766691124,42,2684,1,0.00037257824143070045
observed,2024,task_language,mwr,1,2726,9,2735,0.00036683785766691124,42,2684,1,0.00037257824143070045
observed,2024,task_language,my,5,2726,9,2735,0.001834189288334556,42,2684,4,0.0014903129657228018
observed,2024,task_language,nan,1,2726,9,2735,0.00036683785766691124,42,2684,1,0.00037257824143070045
observed,2024,task_language,nb,2,2726,9,2735,0.0007336757153338225,42,2684,2,0.0007451564828614009
observed,2024,task_language,nds,0,2726,9,2735,0.0,42,2684,0,0.0
observed,2024,task_language,ne,10,2726,9,2735,0.003668378576669112,42,2684,10,0.0037257824143070045
observed,2024,task_language,nij,0,2726,9,2735,0.0,42,2684,0,0.0
observed,2024,task_language,nl,26,2726,9,2735,0.009537784299339692,42,2684,25,0.009314456035767511
observed,2024,task_language,nn,0,2726,9,2735,0.0,42,2684,0,0.0
observed,2024,task_language,no,4,2726,9,2735,0.001467351430667645,42,2684,4,0.0014903129657228018
observed,2024,task_language,nod,0,2726,9,2735,0.0,42,2684,0,0.0
observed,2024,task_language,not_applicable,5,2726,9,2735,0.001834189288334556,42,2684,0,0.0
observed,2024,task_language,nso,4,2726,9,2735,0.001467351430667645,42,2684,4,0.0014903129657228018
observed,2024,task_language,ny,4,2726,9,2735,0.001467351430667645,42,2684,4,0.0014903129657228018
observed,2024,task_language,nyf,0,2726,9,2735,0.0,42,2684,0,0.0
observed,2024,task_language,oc,0,2726,9,2735,0.0,42,2684,0,0.0
observed,2024,task_language,om,2,2726,9,2735,0.0007336757153338225,42,2684,2,0.0007451564828614009
observed,2024,task_language,or,7,2726,9,2735,0.0025678650036683784,42,2684,7,0.0026080476900149033
observed,2024,task_language,pa,7,2726,9,2735,0.0025678650036683784,42,2684,7,0.0026080476900149033
observed,2024,task_language,pap,1,2726,9,2735,0.00036683785766691124,42,2684,1,0.00037257824143070045
observed,2024,task_language,pcm,0,2726,9,2735,0.0,42,2684,0,0.0
observed,2024,task_language,pfl,0,2726,9,2735,0.0,42,2684,0,0.0
observed,2024,task_language,pi,0,2726,9,2735,0.0,42,2684,0,0.0
observed,2024,task_language,pl,22,2726,9,2735,0.008070432868672046,42,2684,22,0.00819672131147541
observed,2024,task_language,pms,0,2726,9,2735,0.0,42,2684,0,0.0
observed,2024,task_language,ps,5,2726,9,2735,0.001834189288334556,42,2684,5,0.0018628912071535022
observed,2024,task_language,pt,44,2726,9,2735,0.016140865737344093,42,2684,42,0.01564828614008942
observed,2024,task_language,qu,1,2726,9,2735,0.00036683785766691124,42,2684,1,0.00037257824143070045
observed,2024,task_language,raj,0,2726,9,2735,0.0,42,2684,0,0.0
observed,2024,task_language,rkt,0,2726,9,2735,0.0,42,2684,0,0.0
observed,2024,task_language,rm,0,2726,9,2735,0.0,42,2684,0,0.0
observed,2024,task_language,rn,1,2726,9,2735,0.00036683785766691124,42,2684,1,0.00037257824143070045
observed,2024,task_language,ro,17,2726,9,2735,0.0062362435803374906,42,2684,16,0.005961251862891207
observed,2024,task_language,ru,64,2726,9,2735,0.02347762289068232,42,2684,61,0.022727272727272728
observed,2024,task_language,rw,3,2726,9,2735,0.0011005135730007337,42,2684,2,0.0007451564828614009
observed,2024,task_language,sa,4,2726,9,2735,0.001467351430667645,42,2684,4,0.0014903129657228018
observed,2024,task_language,sas,0,2726,9,2735,0.0,42,2684,0,0.0
observed,2024,task_language,sat,1,2726,9,2735,0.00036683785766691124,42,2684,1,0.00037257824143070045
observed,2024,task_language,sd,4,2726,9,2735,0.001467351430667645,42,2684,4,0.0014903129657228018
observed,2024,task_language,sgc,0,2726,9,2735,0.0,42,2684,0,0.0
observed,2024,task_language,si,7,2726,9,2735,0.0025678650036683784,42,2684,6,0.0022354694485842027
observed,2024,task_language,sk,7,2726,9,2735,0.0025678650036683784,42,2684,7,0.0026080476900149033
observed,2024,task_language,sl,8,2726,9,2735,0.00293470286133529,42,2684,8,0.0029806259314456036
observed,2024,task_language,sm,3,2726,9,2735,0.0011005135730007337,42,2684,3,0.0011177347242921013
observed,2024,task_language,sn,6,2726,9,2735,0.0022010271460014674,42,2684,6,0.0022354694485842027
observed,2024,task_language,so,6,2726,9,2735,0.0022010271460014674,42,2684,6,0.0022354694485842027
observed,2024,task_language,sq,8,2726,9,2735,0.00293470286133529,42,2684,8,0.0029806259314456036
observed,2024,task_language,sr,13,2726,9,2735,0.004768892149669846,42,2684,13,0.004843517138599106
observed,2024,task_language,sso,0,2726,9,2735,0.0,42,2684,0,0.0
observed,2024,task_language,st,4,2726,9,2735,0.001467351430667645,42,2684,4,0.0014903129657228018
observed,2024,task_language,stq,0,2726,9,2735,0.0,42,2684,0,0.0
observed,2024,task_language,su,5,2726,9,2735,0.001834189288334556,42,2684,4,0.0014903129657228018
observed,2024,task_language,sv,13,2726,9,2735,0.004768892149669846,42,2684,13,0.004843517138599106
observed,2024,task_language,sw,20,2726,9,2735,0.007336757153338224,42,2684,17,0.006333830104321907
observed,2024,task_language,syl,0,2726,9,2735,0.0,42,2684,0,0.0
observed,2024,task_language,ta,13,2726,9,2735,0.004768892149669846,42,2684,12,0.004470938897168405
observed,2024,task_language,te,18,2726,9,2735,0.006603081438004402,42,2684,15,0.005588673621460507
observed,2024,task_language,teo,1,2726,9,2735,0.00036683785766691124,42,2684,1,0.00037257824143070045
observed,2024,task_language,tg,5,2726,9,2735,0.001834189288334556,42,2684,5,0.0018628912071535022
observed,2024,task_language,th,25,2726,9,2735,0.009170946441672781,42,2684,23,0.00856929955290611
observed,2024,task_language,ti,2,2726,9,2735,0.0007336757153338225,42,2684,2,0.0007451564828614009
observed,2024,task_language,tk,4,2726,9,2735,0.001467351430667645,42,2684,4,0.0014903129657228018
observed,2024,task_language,tl,7,2726,9,2735,0.0025678650036683784,42,2684,7,0.0026080476900149033
observed,2024,task_language,tn,3,2726,9,2735,0.0011005135730007337,42,2684,3,0.0011177347242921013
observed,2024,task_language,to,1,2726,9,2735,0.00036683785766691124,42,2684,1,0.00037257824143070045
observed,2024,task_language,tpi,0,2726,9,2735,0.0,42,2684,0,0.0
observed,2024,task_language,tr,29,2726,9,2735,0.010638297872340425,42,2684,28,0.010432190760059613
observed,2024,task_language,ts,3,2726,9,2735,0.0011005135730007337,42,2684,3,0.0011177347242921013
observed,2024,task_language,tt,1,2726,9,2735,0.00036683785766691124,42,2684,1,0.00037257824143070045
observed,2024,task_language,tts,0,2726,9,2735,0.0,42,2684,0,0.0
observed,2024,task_language,tw,0,2726,9,2735,0.0,42,2684,0,0.0
observed,2024,task_language,ty,0,2726,9,2735,0.0,42,2684,0,0.0
observed,2024,task_language,tzm,0,2726,9,2735,0.0,42,2684,0,0.0
observed,2024,task_language,ug,3,2726,9,2735,0.0011005135730007337,42,2684,3,0.0011177347242921013
observed,2024,task_language,uk,14,2726,9,2735,0.005135730007336757,42,2684,14,0.005216095380029807
observed,2024,task_language,umb,0,2726,9,2735,0.0,42,2684,0,0.0
observed,2024,task_language,unclear,16,2726,9,2735,0.00586940572267058,42,2684,0,0.0
observed,2024,task_language,ur,14,2726,9,2735,0.005135730007336757,42,2684,13,0.004843517138599106
observed,2024,task_language,uz,6,2726,9,2735,0.0022010271460014674,42,2684,6,0.0022354694485842027
observed,2024,task_language,vi,28,2726,9,2735,0.010271460014673514,42,2684,26,0.009687034277198211
observed,2024,task_language,vro,1,2726,9,2735,0.00036683785766691124,42,2684,1,0.00037257824143070045
observed,2024,task_language,wad,0,2726,9,2735,0.0,42,2684,0,0.0
observed,2024,task_language,wo,1,2726,9,2735,0.00036683785766691124,42,2684,1,0.00037257824143070045
observed,2024,task_language,wuu,0,2726,9,2735,0.0,42,2684,0,0.0
observed,2024,task_language,xh,3,2726,9,2735,0.0011005135730007337,42,2684,3,0.0011177347242921013
observed,2024,task_language,yi,3,2726,9,2735,0.0011005135730007337,42,2684,3,0.0011177347242921013
observed,2024,task_language,yo,7,2726,9,2735,0.0025678650036683784,42,2684,6,0.0022354694485842027
observed,2024,task_language,yue,2,2726,9,2735,0.0007336757153338225,42,2684,2,0.0007451564828614009
observed,2024,task_language,za,2,2726,9,2735,0.0007336757153338225,42,2684,2,0.0007451564828614009
observed,2024,task_language,zh,350,2726,9,2735,0.12839325018341893,42,2684,341,0.12704918032786885
observed,2024,task_language,zu,7,2726,9,2735,0.0025678650036683784,42,2684,6,0.0022354694485842027
observed,2025,target_system,agent_or_tool_system,801,5277,0,5277,0.15179079022171688,0,5277,801,0.15179079022171688
observed,2025,target_system,answering_model,4610,5277,0,5277,0.8736024256206177,0,5277,4610,0.8736024256206177
observed,2025,target_system,embodied_system,109,5277,0,5277,0.020655675573242372,0,5277,109,0.020655675573242372
observed,2025,evaluation_domain,cybersecurity,235,5277,0,5277,0.0445328785294675,0,5277,235,0.0445328785294675
observed,2025,evaluation_domain,education,109,5277,0,5277,0.020655675573242372,0,5277,109,0.020655675573242372
observed,2025,evaluation_domain,engineering,368,5277,0,5277,0.06973659276103847,0,5277,368,0.06973659276103847
observed,2025,evaluation_domain,finance_and_business,434,5277,0,5277,0.0822436990714421,0,5277,434,0.0822436990714421
observed,2025,evaluation_domain,general_or_cross_domain,2215,5277,0,5277,0.41974606784157664,0,5277,2215,0.41974606784157664
observed,2025,evaluation_domain,healthcare_biomedicine,585,5277,0,5277,0.11085844229675952,0,5277,585,0.11085844229675952
observed,2025,evaluation_domain,language_and_communication,787,5277,0,5277,0.1491377676710252,0,5277,787,0.1491377676710252
observed,2025,evaluation_domain,law_and_public_policy,182,5277,0,5277,0.03448929315899185,0,5277,182,0.03448929315899185
observed,2025,evaluation_domain,mathematics_and_formal_reasoning,614,5277,0,5277,0.11635398900890657,0,5277,614,0.11635398900890657
observed,2025,evaluation_domain,natural_sciences,470,5277,0,5277,0.089065757058935,0,5277,470,0.089065757058935
observed,2025,evaluation_domain,other,213,5277,0,5277,0.04036384309266629,0,5277,213,0.04036384309266629
observed,2025,evaluation_domain,social_sciences_and_humanities,622,5277,0,5277,0.1178700018950161,0,5277,622,0.1178700018950161
observed,2025,evaluation_domain,software_and_coding,909,5277,0,5277,0.17225696418419556,0,5277,909,0.17225696418419556
observed,2025,evaluation_setup,fixed_items,5017,5277,0,5277,0.9507295812014402,0,5277,5017,0.9507295812014402
observed,2025,evaluation_setup,interactive_loop,883,5277,0,5277,0.16732992230433957,0,5277,883,0.16732992230433957
observed,2025,evaluation_setup,runtime_generated_items,380,5277,0,5277,0.07201061209020276,0,5277,380,0.07201061209020276
observed,2025,modality,audio,257,5277,0,5277,0.04870191396626871,0,5277,257,0.04870191396626871
observed,2025,modality,code,857,5277,0,5277,0.16240288042448361,0,5277,857,0.16240288042448361
observed,2025,modality,image,1419,5277,0,5277,0.2689027856736782,0,5277,1419,0.2689027856736782
observed,2025,modality,structured_data,663,5277,0,5277,0.12563956793632747,0,5277,663,0.12563956793632747
observed,2025,modality,text,5223,5277,0,5277,0.9897669130187606,0,5277,5223,0.9897669130187606
observed,2025,modality,video,425,5277,0,5277,0.08053818457456888,0,5277,425,0.08053818457456888
observed,2025,material_origin,generative_model,2770,5276,1,5277,0.525018953752843,12,5264,2770,0.5262158054711246
observed,2025,material_origin,human_or_real_world,4396,5276,1,5277,0.8332069749810462,12,5264,4396,0.8351063829787234
observed,2025,material_origin,not_reported,11,5276,1,5277,0.002084912812736922,12,5264,0,0.0
observed,2025,material_origin,program_or_simulation,1370,5276,1,5277,0.2596664139499621,12,5264,1370,0.260258358662614
observed,2025,material_origin,unclear,1,5276,1,5277,0.00018953752843062926,12,5264,0,0.0
observed,2025,scoring_source,execution_or_environment,1099,5276,1,5277,0.20830174374526156,7,5269,1099,0.20857847788954262
observed,2025,scoring_source,human_judge,354,5276,1,5277,0.06709628506444276,7,5269,354,0.06718542417916114
observed,2025,scoring_source,llm_judge,1895,5276,1,5277,0.35917361637604245,7,5269,1895,0.35965078762573544
observed,2025,scoring_source,other_model_judge,472,5276,1,5277,0.08946171341925702,7,5269,472,0.08958056557221485
observed,2025,scoring_source,reference_or_metric,3547,5276,1,5277,0.672289613343442,7,5269,3547,0.6731827671284873
observed,2025,scoring_source,unclear,7,5276,1,5277,0.001326762699014405,7,5269,0,0.0
observed,2025,task_language,aa,0,5268,9,5277,0.0,124,5144,0,0.0
observed,2025,task_language,abl,1,5268,9,5277,0.00018982536066818528,124,5144,1,0.00019440124416796267
observed,2025,task_language,abs,1,5268,9,5277,0.00018982536066818528,124,5144,1,0.00019440124416796267
observed,2025,task_language,ace,1,5268,9,5277,0.00018982536066818528,124,5144,1,0.00019440124416796267
observed,2025,task_language,acm,1,5268,9,5277,0.00018982536066818528,124,5144,1,0.00019440124416796267
observed,2025,task_language,acq,0,5268,9,5277,0.0,124,5144,0,0.0
observed,2025,task_language,ado,0,5268,9,5277,0.0,124,5144,0,0.0
observed,2025,task_language,aeb,1,5268,9,5277,0.00018982536066818528,124,5144,1,0.00019440124416796267
observed,2025,task_language,af,5,5268,9,5277,0.0009491268033409263,124,5144,4,0.0007776049766718507
observed,2025,task_language,afb,1,5268,9,5277,0.00018982536066818528,124,5144,1,0.00019440124416796267
observed,2025,task_language,ak,1,5268,9,5277,0.00018982536066818528,124,5144,1,0.00019440124416796267
observed,2025,task_language,als,1,5268,9,5277,0.00018982536066818528,124,5144,1,0.00019440124416796267
observed,2025,task_language,am,9,5268,9,5277,0.0017084282460136675,124,5144,8,0.0015552099533437014
observed,2025,task_language,anp,0,5268,9,5277,0.0,124,5144,0,0.0
observed,2025,task_language,aoz,0,5268,9,5277,0.0,124,5144,0,0.0
observed,2025,task_language,apc,2,5268,9,5277,0.00037965072133637056,124,5144,2,0.00038880248833592535
observed,2025,task_language,ar,125,5268,9,5277,0.02372817008352316,124,5144,117,0.022744945567651633
observed,2025,task_language,arq,1,5268,9,5277,0.00018982536066818528,124,5144,1,0.00019440124416796267
observed,2025,task_language,ary,0,5268,9,5277,0.0,124,5144,0,0.0
observed,2025,task_language,arz,3,5268,9,5277,0.0005694760820045558,124,5144,3,0.0005832037325038881
observed,2025,task_language,as,5,5268,9,5277,0.0009491268033409263,124,5144,4,0.0007776049766718507
observed,2025,task_language,ase,1,5268,9,5277,0.00018982536066818528,124,5144,1,0.00019440124416796267
observed,2025,task_language,ast,0,5268,9,5277,0.0,124,5144,0,0.0
observed,2025,task_language,awa,0,5268,9,5277,0.0,124,5144,0,0.0
observed,2025,task_language,ay,0,5268,9,5277,0.0,124,5144,0,0.0
observed,2025,task_language,az,4,5268,9,5277,0.0007593014426727411,124,5144,3,0.0005832037325038881
observed,2025,task_language,bal,0,5268,9,5277,0.0,124,5144,0,0.0
observed,2025,task_language,ban,1,5268,9,5277,0.00018982536066818528,124,5144,1,0.00019440124416796267
observed,2025,task_language,bar,3,5268,9,5277,0.0005694760820045558,124,5144,3,0.0005832037325038881
observed,2025,task_language,bbc,1,5268,9,5277,0.00018982536066818528,124,5144,1,0.00019440124416796267
observed,2025,task_language,bbj,0,5268,9,5277,0.0,124,5144,0,0.0
observed,2025,task_language,be,1,5268,9,5277,0.00018982536066818528,124,5144,1,0.00019440124416796267
observed,2025,task_language,bew,1,5268,9,5277,0.00018982536066818528,124,5144,1,0.00019440124416796267
observed,2025,task_language,bfy,0,5268,9,5277,0.0,124,5144,0,0.0
observed,2025,task_language,bg,12,5268,9,5277,0.002277904328018223,124,5144,10,0.0019440124416796269
observed,2025,task_language,bgc,0,5268,9,5277,0.0,124,5144,0,0.0
observed,2025,task_language,bho,0,5268,9,5277,0.0,124,5144,0,0.0
observed,2025,task_language,bjn,1,5268,9,5277,0.00018982536066818528,124,5144,1,0.00019440124416796267
observed,2025,task_language,bm,0,5268,9,5277,0.0,124,5144,0,0.0
observed,2025,task_language,bn,62,5268,9,5277,0.011769172361427487,124,5144,58,0.011275272161741835
observed,2025,task_language,bns,0,5268,9,5277,0.0,124,5144,0,0.0
observed,2025,task_language,bo,4,5268,9,5277,0.0007593014426727411,124,5144,3,0.0005832037325038881
observed,2025,task_language,br,1,5268,9,5277,0.00018982536066818528,124,5144,1,0.00019440124416796267
observed,2025,task_language,bra,0,5268,9,5277,0.0,124,5144,0,0.0
observed,2025,task_language,brx,1,5268,9,5277,0.00018982536066818528,124,5144,1,0.00019440124416796267
observed,2025,task_language,bs,1,5268,9,5277,0.00018982536066818528,124,5144,1,0.00019440124416796267
observed,2025,task_language,bug,1,5268,9,5277,0.00018982536066818528,124,5144,1,0.00019440124416796267
observed,2025,task_language,ca,14,5268,9,5277,0.0026575550493545936,124,5144,13,0.002527216174183515
observed,2025,task_language,ceb,4,5268,9,5277,0.0007593014426727411,124,5144,2,0.00038880248833592535
observed,2025,task_language,ckb,0,5268,9,5277,0.0,124,5144,0,0.0
observed,2025,task_language,co,0,5268,9,5277,0.0,124,5144,0,0.0
observed,2025,task_language,crh,1,5268,9,5277,0.00018982536066818528,124,5144,1,0.00019440124416796267
observed,2025,task_language,cs,34,5268,9,5277,0.006454062262718299,124,5144,32,0.006220839813374806
observed,2025,task_language,ctg,0,5268,9,5277,0.0,124,5144,0,0.0
observed,2025,task_language,cv,0,5268,9,5277,0.0,124,5144,0,0.0
observed,2025,task_language,cy,4,5268,9,5277,0.0007593014426727411,124,5144,3,0.0005832037325038881
observed,2025,task_language,da,16,5268,9,5277,0.0030372057706909645,124,5144,14,0.0027216174183514776
observed,2025,task_language,dag,0,5268,9,5277,0.0,124,5144,0,0.0
observed,2025,task_language,de,150,5268,9,5277,0.02847380410022779,124,5144,136,0.026438569206842923
observed,2025,task_language,doi,1,5268,9,5277,0.00018982536066818528,124,5144,1,0.00019440124416796267
observed,2025,task_language,dsb,0,5268,9,5277,0.0,124,5144,0,0.0
observed,2025,task_language,dv,0,5268,9,5277,0.0,124,5144,0,0.0
observed,2025,task_language,dz,2,5268,9,5277,0.00037965072133637056,124,5144,2,0.00038880248833592535
observed,2025,task_language,ee,0,5268,9,5277,0.0,124,5144,0,0.0
observed,2025,task_language,el,24,5268,9,5277,0.004555808656036446,124,5144,20,0.0038880248833592537
observed,2025,task_language,en,4812,5268,9,5277,0.9134396355353075,124,5144,4772,0.9276827371695179
observed,2025,task_language,eo,1,5268,9,5277,0.00018982536066818528,124,5144,0,0.0
observed,2025,task_language,es,171,5268,9,5277,0.03246013667425968,124,5144,157,0.03052099533437014
observed,2025,task_language,et,9,5268,9,5277,0.0017084282460136675,124,5144,7,0.0013608087091757388
observed,2025,task_language,eu,6,5268,9,5277,0.0011389521640091116,124,5144,5,0.0009720062208398134
observed,2025,task_language,fa,39,5268,9,5277,0.007403189066059226,124,5144,36,0.006998444790046656
observed,2025,task_language,ff,0,5268,9,5277,0.0,124,5144,0,0.0
observed,2025,task_language,fi,19,5268,9,5277,0.00360668185269552,124,5144,16,0.003110419906687403
observed,2025,task_language,fil,6,5268,9,5277,0.0011389521640091116,124,5144,6,0.0011664074650077762
observed,2025,task_language,fj,0,5268,9,5277,0.0,124,5144,0,0.0
observed,2025,task_language,fo,2,5268,9,5277,0.00037965072133637056,124,5144,2,0.00038880248833592535
observed,2025,task_language,fr,162,5268,9,5277,0.030751708428246014,124,5144,149,0.028965785381026437
observed,2025,task_language,frr,1,5268,9,5277,0.00018982536066818528,124,5144,1,0.00019440124416796267
observed,2025,task_language,fy,1,5268,9,5277,0.00018982536066818528,124,5144,1,0.00019440124416796267
observed,2025,task_language,ga,6,5268,9,5277,0.0011389521640091116,124,5144,5,0.0009720062208398134
observed,2025,task_language,gaa,0,5268,9,5277,0.0,124,5144,0,0.0
observed,2025,task_language,gbm,0,5268,9,5277,0.0,124,5144,0,0.0
observed,2025,task_language,gd,1,5268,9,5277,0.00018982536066818528,124,5144,1,0.00019440124416796267
observed,2025,task_language,gl,8,5268,9,5277,0.0015186028853454822,124,5144,7,0.0013608087091757388
observed,2025,task_language,gn,1,5268,9,5277,0.00018982536066818528,124,5144,1,0.00019440124416796267
observed,2025,task_language,gom,1,5268,9,5277,0.00018982536066818528,124,5144,1,0.00019440124416796267
observed,2025,task_language,gor,1,5268,9,5277,0.00018982536066818528,124,5144,1,0.00019440124416796267
observed,2025,task_language,grc,0,5268,9,5277,0.0,124,5144,0,0.0
observed,2025,task_language,gu,15,5268,9,5277,0.0028473804100227792,124,5144,12,0.0023328149300155523
observed,2025,task_language,ha,7,5268,9,5277,0.0013287775246772968,124,5144,7,0.0013608087091757388
observed,2025,task_language,haw,0,5268,9,5277,0.0,124,5144,0,0.0
observed,2025,task_language,he,21,5268,9,5277,0.003986332574031891,124,5144,19,0.0036936236391912907
observed,2025,task_language,hi,95,5268,9,5277,0.0180334092634776,124,5144,90,0.017496111975116642
observed,2025,task_language,hil,0,5268,9,5277,0.0,124,5144,0,0.0
observed,2025,task_language,hmn,0,5268,9,5277,0.0,124,5144,0,0.0
observed,2025,task_language,hne,0,5268,9,5277,0.0,124,5144,0,0.0
observed,2025,task_language,hoj,0,5268,9,5277,0.0,124,5144,0,0.0
observed,2025,task_language,hr,11,5268,9,5277,0.002088078967350038,124,5144,8,0.0015552099533437014
observed,2025,task_language,hsb,0,5268,9,5277,0.0,124,5144,0,0.0
observed,2025,task_language,ht,0,5268,9,5277,0.0,124,5144,0,0.0
observed,2025,task_language,hu,20,5268,9,5277,0.0037965072133637054,124,5144,18,0.003499222395023328
observed,2025,task_language,hy,4,5268,9,5277,0.0007593014426727411,124,5144,3,0.0005832037325038881
observed,2025,task_language,iba,1,5268,9,5277,0.00018982536066818528,124,5144,1,0.00019440124416796267
observed,2025,task_language,id,43,5268,9,5277,0.008162490508731966,124,5144,39,0.007581648522550544
observed,2025,task_language,ida,0,5268,9,5277,0.0,124,5144,0,0.0
observed,2025,task_language,ig,2,5268,9,5277,0.00037965072133637056,124,5144,2,0.00038880248833592535
observed,2025,task_language,igb,0,5268,9,5277,0.0,124,5144,0,0.0
observed,2025,task_language,ilo,0,5268,9,5277,0.0,124,5144,0,0.0
observed,2025,task_language,is,4,5268,9,5277,0.0007593014426727411,124,5144,3,0.0005832037325038881
observed,2025,task_language,it,79,5268,9,5277,0.014996203492786636,124,5144,73,0.014191290824261276
observed,2025,task_language,ja,140,5268,9,5277,0.026575550493545937,124,5144,133,0.025855365474339035
observed,2025,task_language,jax,1,5268,9,5277,0.00018982536066818528,124,5144,1,0.00019440124416796267
observed,2025,task_language,jbo,1,5268,9,5277,0.00018982536066818528,124,5144,1,0.00019440124416796267
observed,2025,task_language,jv,4,5268,9,5277,0.0007593014426727411,124,5144,3,0.0005832037325038881
observed,2025,task_language,ka,5,5268,9,5277,0.0009491268033409263,124,5144,4,0.0007776049766718507
observed,2025,task_language,kaa,1,5268,9,5277,0.00018982536066818528,124,5144,1,0.00019440124416796267
observed,2025,task_language,kam,0,5268,9,5277,0.0,124,5144,0,0.0
observed,2025,task_language,kea,0,5268,9,5277,0.0,124,5144,0,0.0
observed,2025,task_language,kgv,0,5268,9,5277,0.0,124,5144,0,0.0
observed,2025,task_language,khg,0,5268,9,5277,0.0,124,5144,0,0.0
observed,2025,task_language,ki,0,5268,9,5277,0.0,124,5144,0,0.0
observed,2025,task_language,kk,8,5268,9,5277,0.0015186028853454822,124,5144,7,0.0013608087091757388
observed,2025,task_language,km,5,5268,9,5277,0.0009491268033409263,124,5144,3,0.0005832037325038881
observed,2025,task_language,kn,10,5268,9,5277,0.0018982536066818527,124,5144,9,0.001749611197511664
observed,2025,task_language,ko,100,5268,9,5277,0.018982536066818528,124,5144,95,0.018468118195956455
observed,2025,task_language,koi,0,5268,9,5277,0.0,124,5144,0,0.0
observed,2025,task_language,kok,0,5268,9,5277,0.0,124,5144,0,0.0
observed,2025,task_language,kpv,0,5268,9,5277,0.0,124,5144,0,0.0
observed,2025,task_language,kri,0,5268,9,5277,0.0,124,5144,0,0.0
observed,2025,task_language,ksh,1,5268,9,5277,0.00018982536066818528,124,5144,1,0.00019440124416796267
observed,2025,task_language,ku,0,5268,9,5277,0.0,124,5144,0,0.0
observed,2025,task_language,ky,2,5268,9,5277,0.00037965072133637056,124,5144,2,0.00038880248833592535
observed,2025,task_language,la,3,5268,9,5277,0.0005694760820045558,124,5144,2,0.00038880248833592535
observed,2025,task_language,lb,2,5268,9,5277,0.00037965072133637056,124,5144,2,0.00038880248833592535
observed,2025,task_language,lg,1,5268,9,5277,0.00018982536066818528,124,5144,1,0.00019440124416796267
observed,2025,task_language,liv,0,5268,9,5277,0.0,124,5144,0,0.0
observed,2025,task_language,ljp,0,5268,9,5277,0.0,124,5144,0,0.0
observed,2025,task_language,ln,0,5268,9,5277,0.0,124,5144,0,0.0
observed,2025,task_language,lo,2,5268,9,5277,0.00037965072133637056,124,5144,2,0.00038880248833592535
observed,2025,task_language,lt,10,5268,9,5277,0.0018982536066818527,124,5144,7,0.0013608087091757388
observed,2025,task_language,luo,0,5268,9,5277,0.0,124,5144,0,0.0
observed,2025,task_language,lus,0,5268,9,5277,0.0,124,5144,0,0.0
observed,2025,task_language,lv,8,5268,9,5277,0.0015186028853454822,124,5144,7,0.0013608087091757388
observed,2025,task_language,lzh,2,5268,9,5277,0.00037965072133637056,124,5144,2,0.00038880248833592535
observed,2025,task_language,mad,1,5268,9,5277,0.00018982536066818528,124,5144,1,0.00019440124416796267
observed,2025,task_language,mag,0,5268,9,5277,0.0,124,5144,0,0.0
observed,2025,task_language,mai,2,5268,9,5277,0.00037965072133637056,124,5144,2,0.00038880248833592535
observed,2025,task_language,mak,1,5268,9,5277,0.00018982536066818528,124,5144,1,0.00019440124416796267
observed,2025,task_language,mg,2,5268,9,5277,0.00037965072133637056,124,5144,2,0.00038880248833592535
observed,2025,task_language,mi,1,5268,9,5277,0.00018982536066818528,124,5144,1,0.00019440124416796267
observed,2025,task_language,min,2,5268,9,5277,0.00037965072133637056,124,5144,2,0.00038880248833592535
observed,2025,task_language,mk,4,5268,9,5277,0.0007593014426727411,124,5144,3,0.0005832037325038881
observed,2025,task_language,ml,13,5268,9,5277,0.0024677296886864084,124,5144,12,0.0023328149300155523
observed,2025,task_language,mn,2,5268,9,5277,0.00037965072133637056,124,5144,2,0.00038880248833592535
observed,2025,task_language,mni,0,5268,9,5277,0.0,124,5144,0,0.0
observed,2025,task_language,mr,18,5268,9,5277,0.003416856492027335,124,5144,16,0.003110419906687403
observed,2025,task_language,ms,18,5268,9,5277,0.003416856492027335,124,5144,16,0.003110419906687403
observed,2025,task_language,mt,4,5268,9,5277,0.0007593014426727411,124,5144,4,0.0007776049766718507
observed,2025,task_language,mui,1,5268,9,5277,0.00018982536066818528,124,5144,1,0.00019440124416796267
observed,2025,task_language,multilingual_unspecified,50,5268,9,5277,0.009491268033409264,124,5144,0,0.0
observed,2025,task_language,mup,0,5268,9,5277,0.0,124,5144,0,0.0
observed,2025,task_language,mwr,0,5268,9,5277,0.0,124,5144,0,0.0
observed,2025,task_language,my,1,5268,9,5277,0.00018982536066818528,124,5144,0,0.0
observed,2025,task_language,nan,2,5268,9,5277,0.00037965072133637056,124,5144,2,0.00038880248833592535
observed,2025,task_language,nb,6,5268,9,5277,0.0011389521640091116,124,5144,6,0.0011664074650077762
observed,2025,task_language,nds,1,5268,9,5277,0.00018982536066818528,124,5144,1,0.00019440124416796267
observed,2025,task_language,ne,12,5268,9,5277,0.002277904328018223,124,5144,11,0.0021384136858475893
observed,2025,task_language,nij,1,5268,9,5277,0.00018982536066818528,124,5144,1,0.00019440124416796267
observed,2025,task_language,nl,27,5268,9,5277,0.005125284738041002,124,5144,23,0.004471228615863142
observed,2025,task_language,nn,6,5268,9,5277,0.0011389521640091116,124,5144,5,0.0009720062208398134
observed,2025,task_language,no,11,5268,9,5277,0.002088078967350038,124,5144,9,0.001749611197511664
observed,2025,task_language,nod,1,5268,9,5277,0.00018982536066818528,124,5144,1,0.00019440124416796267
observed,2025,task_language,not_applicable,17,5268,9,5277,0.0032270311313591497,124,5144,0,0.0
observed,2025,task_language,nso,0,5268,9,5277,0.0,124,5144,0,0.0
observed,2025,task_language,ny,1,5268,9,5277,0.00018982536066818528,124,5144,1,0.00019440124416796267
observed,2025,task_language,nyf,1,5268,9,5277,0.00018982536066818528,124,5144,1,0.00019440124416796267
observed,2025,task_language,oc,0,5268,9,5277,0.0,124,5144,0,0.0
observed,2025,task_language,om,1,5268,9,5277,0.00018982536066818528,124,5144,0,0.0
observed,2025,task_language,or,8,5268,9,5277,0.0015186028853454822,124,5144,7,0.0013608087091757388
observed,2025,task_language,pa,10,5268,9,5277,0.0018982536066818527,124,5144,8,0.0015552099533437014
observed,2025,task_language,pap,0,5268,9,5277,0.0,124,5144,0,0.0
observed,2025,task_language,pcm,3,5268,9,5277,0.0005694760820045558,124,5144,3,0.0005832037325038881
observed,2025,task_language,pfl,1,5268,9,5277,0.00018982536066818528,124,5144,1,0.00019440124416796267
observed,2025,task_language,pi,0,5268,9,5277,0.0,124,5144,0,0.0
observed,2025,task_language,pl,29,5268,9,5277,0.005504935459377373,124,5144,25,0.004860031104199067
observed,2025,task_language,pms,0,5268,9,5277,0.0,124,5144,0,0.0
observed,2025,task_language,ps,1,5268,9,5277,0.00018982536066818528,124,5144,1,0.00019440124416796267
observed,2025,task_language,pt,78,5268,9,5277,0.014806378132118452,124,5144,67,0.0130248833592535
observed,2025,task_language,qu,2,5268,9,5277,0.00037965072133637056,124,5144,1,0.00019440124416796267
observed,2025,task_language,raj,1,5268,9,5277,0.00018982536066818528,124,5144,1,0.00019440124416796267
observed,2025,task_language,rkt,0,5268,9,5277,0.0,124,5144,0,0.0
observed,2025,task_language,rm,1,5268,9,5277,0.00018982536066818528,124,5144,1,0.00019440124416796267
observed,2025,task_language,rn,0,5268,9,5277,0.0,124,5144,0,0.0
observed,2025,task_language,ro,24,5268,9,5277,0.004555808656036446,124,5144,21,0.004082426127527216
observed,2025,task_language,ru,117,5268,9,5277,0.022209567198177675,124,5144,105,0.02041213063763608
observed,2025,task_language,rw,0,5268,9,5277,0.0,124,5144,0,0.0
observed,2025,task_language,sa,2,5268,9,5277,0.00037965072133637056,124,5144,2,0.00038880248833592535
observed,2025,task_language,sas,1,5268,9,5277,0.00018982536066818528,124,5144,1,0.00019440124416796267
observed,2025,task_language,sat,2,5268,9,5277,0.00037965072133637056,124,5144,2,0.00038880248833592535
observed,2025,task_language,sd,1,5268,9,5277,0.00018982536066818528,124,5144,1,0.00019440124416796267
observed,2025,task_language,sgc,0,5268,9,5277,0.0,124,5144,0,0.0
observed,2025,task_language,si,3,5268,9,5277,0.0005694760820045558,124,5144,3,0.0005832037325038881
observed,2025,task_language,sk,11,5268,9,5277,0.002088078967350038,124,5144,9,0.001749611197511664
observed,2025,task_language,sl,8,5268,9,5277,0.0015186028853454822,124,5144,7,0.0013608087091757388
observed,2025,task_language,sm,0,5268,9,5277,0.0,124,5144,0,0.0
observed,2025,task_language,sn,1,5268,9,5277,0.00018982536066818528,124,5144,0,0.0
observed,2025,task_language,so,2,5268,9,5277,0.00037965072133637056,124,5144,2,0.00038880248833592535
observed,2025,task_language,sq,4,5268,9,5277,0.0007593014426727411,124,5144,3,0.0005832037325038881
observed,2025,task_language,sr,10,5268,9,5277,0.0018982536066818527,124,5144,9,0.001749611197511664
observed,2025,task_language,sso,1,5268,9,5277,0.00018982536066818528,124,5144,1,0.00019440124416796267
observed,2025,task_language,st,3,5268,9,5277,0.0005694760820045558,124,5144,2,0.00038880248833592535
observed,2025,task_language,stq,1,5268,9,5277,0.00018982536066818528,124,5144,1,0.00019440124416796267
observed,2025,task_language,su,2,5268,9,5277,0.00037965072133637056,124,5144,2,0.00038880248833592535
observed,2025,task_language,sv,21,5268,9,5277,0.003986332574031891,124,5144,20,0.0038880248833592537
observed,2025,task_language,sw,27,5268,9,5277,0.005125284738041002,124,5144,25,0.004860031104199067
observed,2025,task_language,syl,1,5268,9,5277,0.00018982536066818528,124,5144,1,0.00019440124416796267
observed,2025,task_language,ta,31,5268,9,5277,0.005884586180713743,124,5144,29,0.005637636080870917
observed,2025,task_language,te,24,5268,9,5277,0.004555808656036446,124,5144,22,0.0042768273716951785
observed,2025,task_language,teo,0,5268,9,5277,0.0,124,5144,0,0.0
observed,2025,task_language,tg,1,5268,9,5277,0.00018982536066818528,124,5144,1,0.00019440124416796267
observed,2025,task_language,th,48,5268,9,5277,0.009111617312072893,124,5144,44,0.008553654743390357
observed,2025,task_language,ti,0,5268,9,5277,0.0,124,5144,0,0.0
observed,2025,task_language,tk,0,5268,9,5277,0.0,124,5144,0,0.0
observed,2025,task_language,tl,10,5268,9,5277,0.0018982536066818527,124,5144,7,0.0013608087091757388
observed,2025,task_language,tn,2,5268,9,5277,0.00037965072133637056,124,5144,1,0.00019440124416796267
observed,2025,task_language,to,0,5268,9,5277,0.0,124,5144,0,0.0
observed,2025,task_language,tpi,1,5268,9,5277,0.00018982536066818528,124,5144,1,0.00019440124416796267
observed,2025,task_language,tr,48,5268,9,5277,0.009111617312072893,124,5144,44,0.008553654743390357
observed,2025,task_language,ts,0,5268,9,5277,0.0,124,5144,0,0.0
observed,2025,task_language,tt,1,5268,9,5277,0.00018982536066818528,124,5144,1,0.00019440124416796267
observed,2025,task_language,tts,1,5268,9,5277,0.00018982536066818528,124,5144,1,0.00019440124416796267
observed,2025,task_language,tw,0,5268,9,5277,0.0,124,5144,0,0.0
observed,2025,task_language,ty,1,5268,9,5277,0.00018982536066818528,124,5144,1,0.00019440124416796267
observed,2025,task_language,tzm,1,5268,9,5277,0.00018982536066818528,124,5144,1,0.00019440124416796267
observed,2025,task_language,ug,2,5268,9,5277,0.00037965072133637056,124,5144,2,0.00038880248833592535
observed,2025,task_language,uk,30,5268,9,5277,0.0056947608200455585,124,5144,26,0.00505443234836703
observed,2025,task_language,umb,0,5268,9,5277,0.0,124,5144,0,0.0
observed,2025,task_language,unclear,57,5268,9,5277,0.01082004555808656,124,5144,0,0.0
observed,2025,task_language,ur,26,5268,9,5277,0.004935459377372817,124,5144,24,0.004665629860031105
observed,2025,task_language,uz,3,5268,9,5277,0.0005694760820045558,124,5144,1,0.00019440124416796267
observed,2025,task_language,vi,52,5268,9,5277,0.009870918754745633,124,5144,49,0.009525660964230171
observed,2025,task_language,vro,0,5268,9,5277,0.0,124,5144,0,0.0
observed,2025,task_language,wad,0,5268,9,5277,0.0,124,5144,0,0.0
observed,2025,task_language,wo,1,5268,9,5277,0.00018982536066818528,124,5144,1,0.00019440124416796267
observed,2025,task_language,wuu,1,5268,9,5277,0.00018982536066818528,124,5144,1,0.00019440124416796267
observed,2025,task_language,xh,0,5268,9,5277,0.0,124,5144,0,0.0
observed,2025,task_language,yi,0,5268,9,5277,0.0,124,5144,0,0.0
observed,2025,task_language,yo,9,5268,9,5277,0.0017084282460136675,124,5144,7,0.0013608087091757388
observed,2025,task_language,yue,7,5268,9,5277,0.0013287775246772968,124,5144,7,0.0013608087091757388
observed,2025,task_language,za,1,5268,9,5277,0.00018982536066818528,124,5144,1,0.00019440124416796267
observed,2025,task_language,zh,613,5268,9,5277,0.11636294608959757,124,5144,600,0.1166407465007776
observed,2025,task_language,zu,5,5268,9,5277,0.0009491268033409263,124,5144,5,0.0009720062208398134
observed,2026,target_system,agent_or_tool_system,1624,5734,0,5734,0.2832228810603418,0,5734,1624,0.2832228810603418
observed,2026,target_system,answering_model,4348,5734,0,5734,0.7582839204743634,0,5734,4348,0.7582839204743634
observed,2026,target_system,embodied_system,133,5734,0,5734,0.02319497732821765,0,5734,133,0.02319497732821765
observed,2026,evaluation_domain,cybersecurity,388,5734,0,5734,0.06766655040111615,0,5734,388,0.06766655040111615
observed,2026,evaluation_domain,education,149,5734,0,5734,0.02598535054063481,0,5734,149,0.02598535054063481
observed,2026,evaluation_domain,engineering,509,5734,0,5734,0.08876874782002092,0,5734,509,0.08876874782002092
observed,2026,evaluation_domain,finance_and_business,667,5734,0,5734,0.1163236832926404,0,5734,667,0.1163236832926404
observed,2026,evaluation_domain,general_or_cross_domain,2237,5734,0,5734,0.3901290547610743,0,5734,2237,0.3901290547610743
observed,2026,evaluation_domain,healthcare_biomedicine,736,5734,0,5734,0.12835716777118938,0,5734,736,0.12835716777118938
observed,2026,evaluation_domain,language_and_communication,647,5734,0,5734,0.11283571677711894,0,5734,647,0.11283571677711894
observed,2026,evaluation_domain,law_and_public_policy,219,5734,0,5734,0.03819323334495989,0,5734,219,0.03819323334495989
observed,2026,evaluation_domain,mathematics_and_formal_reasoning,528,5734,0,5734,0.09208231600976631,0,5734,528,0.09208231600976631
observed,2026,evaluation_domain,natural_sciences,535,5734,0,5734,0.09330310429019881,0,5734,535,0.09330310429019881
observed,2026,evaluation_domain,other,254,5734,0,5734,0.04429717474712243,0,5734,254,0.04429717474712243
observed,2026,evaluation_domain,social_sciences_and_humanities,640,5734,0,5734,0.11161492849668643,0,5734,640,0.11161492849668643
observed,2026,evaluation_domain,software_and_coding,1128,5734,0,5734,0.19672131147540983,0,5734,1128,0.19672131147540983
observed,2026,evaluation_setup,fixed_items,5445,5733,1,5734,0.9497645211930926,0,5733,5445,0.9497645211930926
observed,2026,evaluation_setup,interactive_loop,1615,5733,1,5734,0.2817024245595674,0,5733,1615,0.2817024245595674
observed,2026,evaluation_setup,runtime_generated_items,429,5733,1,5734,0.07482993197278912,0,5733,429,0.07482993197278912
observed,2026,modality,audio,338,5734,0,5734,0.058946634112312525,0,5734,338,0.058946634112312525
observed,2026,modality,code,1090,5734,0,5734,0.19009417509591908,0,5734,1090,0.19009417509591908
observed,2026,modality,image,1498,5734,0,5734,0.2612486920125567,0,5734,1498,0.2612486920125567
observed,2026,modality,structured_data,1210,5734,0,5734,0.21102197418904778,0,5734,1210,0.21102197418904778
observed,2026,modality,text,5686,5734,0,5734,0.9916288803627485,0,5734,5686,0.9916288803627485
observed,2026,modality,video,459,5734,0,5734,0.08004883153121731,0,5734,459,0.08004883153121731
observed,2026,material_origin,generative_model,2942,5734,0,5734,0.5130798744332055,21,5713,2942,0.514965867320147
observed,2026,material_origin,human_or_real_world,4532,5734,0,5734,0.7903732124171607,21,5713,4532,0.7932784876597234
observed,2026,material_origin,not_reported,12,5734,0,5734,0.0020927799093128706,21,5713,0,0.0
observed,2026,material_origin,program_or_simulation,1873,5734,0,5734,0.3266480641785839,21,5713,1873,0.3278487659723438
observed,2026,material_origin,unclear,9,5734,0,5734,0.001569584931984653,21,5713,0,0.0
observed,2026,scoring_source,execution_or_environment,1631,5734,0,5734,0.2844436693407743,6,5728,1631,0.2847416201117318
observed,2026,scoring_source,human_judge,268,5734,0,5734,0.04673875130798744,6,5728,268,0.0467877094972067
observed,2026,scoring_source,llm_judge,2309,5734,0,5734,0.40268573421695153,6,5728,2309,0.40310754189944137
observed,2026,scoring_source,other_model_judge,401,5734,0,5734,0.06993372863620509,6,5728,401,0.07000698324022346
observed,2026,scoring_source,reference_or_metric,3415,5734,0,5734,0.5955702825252878,6,5728,3415,0.5961941340782123
observed,2026,scoring_source,unclear,6,5734,0,5734,0.0010463899546564353,6,5728,0,0.0
observed,2026,task_language,aa,0,5728,6,5734,0.0,118,5610,0,0.0
observed,2026,task_language,abl,0,5728,6,5734,0.0,118,5610,0,0.0
observed,2026,task_language,abs,0,5728,6,5734,0.0,118,5610,0,0.0
observed,2026,task_language,ace,1,5728,6,5734,0.00017458100558659218,118,5610,1,0.00017825311942959
observed,2026,task_language,acm,0,5728,6,5734,0.0,118,5610,0,0.0
observed,2026,task_language,acq,1,5728,6,5734,0.00017458100558659218,118,5610,1,0.00017825311942959
observed,2026,task_language,ado,0,5728,6,5734,0.0,118,5610,0,0.0
observed,2026,task_language,aeb,1,5728,6,5734,0.00017458100558659218,118,5610,1,0.00017825311942959
observed,2026,task_language,af,3,5728,6,5734,0.0005237430167597765,118,5610,3,0.0005347593582887701
observed,2026,task_language,afb,0,5728,6,5734,0.0,118,5610,0,0.0
observed,2026,task_language,ak,2,5728,6,5734,0.00034916201117318437,118,5610,2,0.00035650623885918
observed,2026,task_language,als,0,5728,6,5734,0.0,118,5610,0,0.0
observed,2026,task_language,am,15,5728,6,5734,0.0026187150837988825,118,5610,15,0.00267379679144385
observed,2026,task_language,anp,1,5728,6,5734,0.00017458100558659218,118,5610,1,0.00017825311942959
observed,2026,task_language,aoz,1,5728,6,5734,0.00017458100558659218,118,5610,1,0.00017825311942959
observed,2026,task_language,apc,0,5728,6,5734,0.0,118,5610,0,0.0
observed,2026,task_language,ar,103,5728,6,5734,0.017981843575418995,118,5610,98,0.01746880570409982
observed,2026,task_language,arq,1,5728,6,5734,0.00017458100558659218,118,5610,1,0.00017825311942959
observed,2026,task_language,ary,2,5728,6,5734,0.00034916201117318437,118,5610,2,0.00035650623885918
observed,2026,task_language,arz,3,5728,6,5734,0.0005237430167597765,118,5610,3,0.0005347593582887701
observed,2026,task_language,as,10,5728,6,5734,0.0017458100558659217,118,5610,10,0.0017825311942959
observed,2026,task_language,ase,0,5728,6,5734,0.0,118,5610,0,0.0
observed,2026,task_language,ast,0,5728,6,5734,0.0,118,5610,0,0.0
observed,2026,task_language,awa,1,5728,6,5734,0.00017458100558659218,118,5610,1,0.00017825311942959
observed,2026,task_language,ay,0,5728,6,5734,0.0,118,5610,0,0.0
observed,2026,task_language,az,2,5728,6,5734,0.00034916201117318437,118,5610,2,0.00035650623885918
observed,2026,task_language,bal,0,5728,6,5734,0.0,118,5610,0,0.0
observed,2026,task_language,ban,1,5728,6,5734,0.00017458100558659218,118,5610,1,0.00017825311942959
observed,2026,task_language,bar,2,5728,6,5734,0.00034916201117318437,118,5610,2,0.00035650623885918
observed,2026,task_language,bbc,1,5728,6,5734,0.00017458100558659218,118,5610,1,0.00017825311942959
observed,2026,task_language,bbj,0,5728,6,5734,0.0,118,5610,0,0.0
observed,2026,task_language,be,1,5728,6,5734,0.00017458100558659218,118,5610,1,0.00017825311942959
observed,2026,task_language,bew,0,5728,6,5734,0.0,118,5610,0,0.0
observed,2026,task_language,bfy,1,5728,6,5734,0.00017458100558659218,118,5610,1,0.00017825311942959
observed,2026,task_language,bg,10,5728,6,5734,0.0017458100558659217,118,5610,9,0.0016042780748663102
observed,2026,task_language,bgc,0,5728,6,5734,0.0,118,5610,0,0.0
observed,2026,task_language,bho,1,5728,6,5734,0.00017458100558659218,118,5610,1,0.00017825311942959
observed,2026,task_language,bjn,1,5728,6,5734,0.00017458100558659218,118,5610,1,0.00017825311942959
observed,2026,task_language,bm,0,5728,6,5734,0.0,118,5610,0,0.0
observed,2026,task_language,bn,62,5728,6,5734,0.010824022346368716,118,5610,59,0.010516934046345811
observed,2026,task_language,bns,1,5728,6,5734,0.00017458100558659218,118,5610,1,0.00017825311942959
observed,2026,task_language,bo,2,5728,6,5734,0.00034916201117318437,118,5610,2,0.00035650623885918
observed,2026,task_language,br,0,5728,6,5734,0.0,118,5610,0,0.0
observed,2026,task_language,bra,1,5728,6,5734,0.00017458100558659218,118,5610,1,0.00017825311942959
observed,2026,task_language,brx,0,5728,6,5734,0.0,118,5610,0,0.0
observed,2026,task_language,bs,1,5728,6,5734,0.00017458100558659218,118,5610,1,0.00017825311942959
observed,2026,task_language,bug,1,5728,6,5734,0.00017458100558659218,118,5610,1,0.00017825311942959
observed,2026,task_language,ca,3,5728,6,5734,0.0005237430167597765,118,5610,3,0.0005347593582887701
observed,2026,task_language,ceb,1,5728,6,5734,0.00017458100558659218,118,5610,1,0.00017825311942959
observed,2026,task_language,ckb,0,5728,6,5734,0.0,118,5610,0,0.0
observed,2026,task_language,co,0,5728,6,5734,0.0,118,5610,0,0.0
observed,2026,task_language,crh,0,5728,6,5734,0.0,118,5610,0,0.0
observed,2026,task_language,cs,18,5728,6,5734,0.0031424581005586594,118,5610,17,0.0030303030303030303
observed,2026,task_language,ctg,1,5728,6,5734,0.00017458100558659218,118,5610,1,0.00017825311942959
observed,2026,task_language,cv,1,5728,6,5734,0.00017458100558659218,118,5610,1,0.00017825311942959
observed,2026,task_language,cy,0,5728,6,5734,0.0,118,5610,0,0.0
observed,2026,task_language,da,10,5728,6,5734,0.0017458100558659217,118,5610,9,0.0016042780748663102
observed,2026,task_language,dag,1,5728,6,5734,0.00017458100558659218,118,5610,1,0.00017825311942959
observed,2026,task_language,de,106,5728,6,5734,0.018505586592178772,118,5610,101,0.018003565062388593
observed,2026,task_language,doi,3,5728,6,5734,0.0005237430167597765,118,5610,3,0.0005347593582887701
observed,2026,task_language,dsb,1,5728,6,5734,0.00017458100558659218,118,5610,1,0.00017825311942959
observed,2026,task_language,dv,0,5728,6,5734,0.0,118,5610,0,0.0
observed,2026,task_language,dz,2,5728,6,5734,0.00034916201117318437,118,5610,2,0.00035650623885918
observed,2026,task_language,ee,2,5728,6,5734,0.00034916201117318437,118,5610,2,0.00035650623885918
observed,2026,task_language,el,27,5728,6,5734,0.004713687150837989,118,5610,26,0.004634581105169341
observed,2026,task_language,en,5340,5728,6,5734,0.9322625698324022,118,5610,5306,0.9458110516934046
observed,2026,task_language,eo,0,5728,6,5734,0.0,118,5610,0,0.0
observed,2026,task_language,es,114,5728,6,5734,0.019902234636871508,118,5610,108,0.019251336898395723
observed,2026,task_language,et,9,5728,6,5734,0.0015712290502793297,118,5610,8,0.00142602495543672
observed,2026,task_language,eu,6,5728,6,5734,0.001047486033519553,118,5610,6,0.0010695187165775401
observed,2026,task_language,fa,21,5728,6,5734,0.003666201117318436,118,5610,20,0.0035650623885918
observed,2026,task_language,ff,0,5728,6,5734,0.0,118,5610,0,0.0
observed,2026,task_language,fi,15,5728,6,5734,0.0026187150837988825,118,5610,14,0.0024955436720142605
observed,2026,task_language,fil,4,5728,6,5734,0.0006983240223463687,118,5610,4,0.00071301247771836
observed,2026,task_language,fj,1,5728,6,5734,0.00017458100558659218,118,5610,1,0.00017825311942959
observed,2026,task_language,fo,0,5728,6,5734,0.0,118,5610,0,0.0
observed,2026,task_language,fr,110,5728,6,5734,0.01920391061452514,118,5610,102,0.01818181818181818
observed,2026,task_language,frr,0,5728,6,5734,0.0,118,5610,0,0.0
observed,2026,task_language,fy,0,5728,6,5734,0.0,118,5610,0,0.0
observed,2026,task_language,ga,3,5728,6,5734,0.0005237430167597765,118,5610,3,0.0005347593582887701
observed,2026,task_language,gaa,1,5728,6,5734,0.00017458100558659218,118,5610,1,0.00017825311942959
observed,2026,task_language,gbm,0,5728,6,5734,0.0,118,5610,0,0.0
observed,2026,task_language,gd,2,5728,6,5734,0.00034916201117318437,118,5610,2,0.00035650623885918
observed,2026,task_language,gl,3,5728,6,5734,0.0005237430167597765,118,5610,3,0.0005347593582887701
observed,2026,task_language,gn,3,5728,6,5734,0.0005237430167597765,118,5610,3,0.0005347593582887701
observed,2026,task_language,gom,1,5728,6,5734,0.00017458100558659218,118,5610,1,0.00017825311942959
observed,2026,task_language,gor,0,5728,6,5734,0.0,118,5610,0,0.0
observed,2026,task_language,grc,1,5728,6,5734,0.00017458100558659218,118,5610,1,0.00017825311942959
observed,2026,task_language,gu,12,5728,6,5734,0.002094972067039106,118,5610,12,0.0021390374331550803
observed,2026,task_language,ha,12,5728,6,5734,0.002094972067039106,118,5610,12,0.0021390374331550803
observed,2026,task_language,haw,0,5728,6,5734,0.0,118,5610,0,0.0
observed,2026,task_language,he,13,5728,6,5734,0.0022695530726256985,118,5610,11,0.00196078431372549
observed,2026,task_language,hi,81,5728,6,5734,0.014141061452513967,118,5610,78,0.013903743315508022
observed,2026,task_language,hil,0,5728,6,5734,0.0,118,5610,0,0.0
observed,2026,task_language,hmn,0,5728,6,5734,0.0,118,5610,0,0.0
observed,2026,task_language,hne,0,5728,6,5734,0.0,118,5610,0,0.0
observed,2026,task_language,hoj,0,5728,6,5734,0.0,118,5610,0,0.0
observed,2026,task_language,hr,5,5728,6,5734,0.0008729050279329608,118,5610,4,0.00071301247771836
observed,2026,task_language,hsb,1,5728,6,5734,0.00017458100558659218,118,5610,1,0.00017825311942959
observed,2026,task_language,ht,0,5728,6,5734,0.0,118,5610,0,0.0
observed,2026,task_language,hu,12,5728,6,5734,0.002094972067039106,118,5610,10,0.0017825311942959
observed,2026,task_language,hy,0,5728,6,5734,0.0,118,5610,0,0.0
observed,2026,task_language,iba,0,5728,6,5734,0.0,118,5610,0,0.0
observed,2026,task_language,id,40,5728,6,5734,0.006983240223463687,118,5610,40,0.0071301247771836
observed,2026,task_language,ida,1,5728,6,5734,0.00017458100558659218,118,5610,1,0.00017825311942959
observed,2026,task_language,ig,8,5728,6,5734,0.0013966480446927375,118,5610,8,0.00142602495543672
observed,2026,task_language,igb,1,5728,6,5734,0.00017458100558659218,118,5610,1,0.00017825311942959
observed,2026,task_language,ilo,0,5728,6,5734,0.0,118,5610,0,0.0
observed,2026,task_language,is,4,5728,6,5734,0.0006983240223463687,118,5610,4,0.00071301247771836
observed,2026,task_language,it,57,5728,6,5734,0.009951117318435754,118,5610,53,0.00944741532976827
observed,2026,task_language,ja,101,5728,6,5734,0.01763268156424581,118,5610,96,0.017112299465240642
observed,2026,task_language,jax,0,5728,6,5734,0.0,118,5610,0,0.0
observed,2026,task_language,jbo,0,5728,6,5734,0.0,118,5610,0,0.0
observed,2026,task_language,jv,3,5728,6,5734,0.0005237430167597765,118,5610,3,0.0005347593582887701
observed,2026,task_language,ka,6,5728,6,5734,0.001047486033519553,118,5610,6,0.0010695187165775401
observed,2026,task_language,kaa,0,5728,6,5734,0.0,118,5610,0,0.0
observed,2026,task_language,kam,0,5728,6,5734,0.0,118,5610,0,0.0
observed,2026,task_language,kea,0,5728,6,5734,0.0,118,5610,0,0.0
observed,2026,task_language,kgv,0,5728,6,5734,0.0,118,5610,0,0.0
observed,2026,task_language,khg,0,5728,6,5734,0.0,118,5610,0,0.0
observed,2026,task_language,ki,2,5728,6,5734,0.00034916201117318437,118,5610,2,0.00035650623885918
observed,2026,task_language,kk,6,5728,6,5734,0.001047486033519553,118,5610,6,0.0010695187165775401
observed,2026,task_language,km,5,5728,6,5734,0.0008729050279329608,118,5610,5,0.00089126559714795
observed,2026,task_language,kn,10,5728,6,5734,0.0017458100558659217,118,5610,10,0.0017825311942959
observed,2026,task_language,ko,86,5728,6,5734,0.015013966480446927,118,5610,79,0.014081996434937611
observed,2026,task_language,koi,1,5728,6,5734,0.00017458100558659218,118,5610,1,0.00017825311942959
observed,2026,task_language,kok,3,5728,6,5734,0.0005237430167597765,118,5610,3,0.0005347593582887701
observed,2026,task_language,kpv,0,5728,6,5734,0.0,118,5610,0,0.0
observed,2026,task_language,kri,0,5728,6,5734,0.0,118,5610,0,0.0
observed,2026,task_language,ksh,0,5728,6,5734,0.0,118,5610,0,0.0
observed,2026,task_language,ku,0,5728,6,5734,0.0,118,5610,0,0.0
observed,2026,task_language,ky,4,5728,6,5734,0.0006983240223463687,118,5610,4,0.00071301247771836
observed,2026,task_language,la,5,5728,6,5734,0.0008729050279329608,118,5610,5,0.00089126559714795
observed,2026,task_language,lb,4,5728,6,5734,0.0006983240223463687,118,5610,4,0.00071301247771836
observed,2026,task_language,lg,2,5728,6,5734,0.00034916201117318437,118,5610,2,0.00035650623885918
observed,2026,task_language,liv,0,5728,6,5734,0.0,118,5610,0,0.0
observed,2026,task_language,ljp,0,5728,6,5734,0.0,118,5610,0,0.0
observed,2026,task_language,ln,0,5728,6,5734,0.0,118,5610,0,0.0
observed,2026,task_language,lo,0,5728,6,5734,0.0,118,5610,0,0.0
observed,2026,task_language,lt,9,5728,6,5734,0.0015712290502793297,118,5610,8,0.00142602495543672
observed,2026,task_language,luo,0,5728,6,5734,0.0,118,5610,0,0.0
observed,2026,task_language,lus,0,5728,6,5734,0.0,118,5610,0,0.0
observed,2026,task_language,lv,6,5728,6,5734,0.001047486033519553,118,5610,5,0.00089126559714795
observed,2026,task_language,lzh,3,5728,6,5734,0.0005237430167597765,118,5610,3,0.0005347593582887701
observed,2026,task_language,mad,0,5728,6,5734,0.0,118,5610,0,0.0
observed,2026,task_language,mag,1,5728,6,5734,0.00017458100558659218,118,5610,1,0.00017825311942959
observed,2026,task_language,mai,3,5728,6,5734,0.0005237430167597765,118,5610,3,0.0005347593582887701
observed,2026,task_language,mak,0,5728,6,5734,0.0,118,5610,0,0.0
observed,2026,task_language,mg,1,5728,6,5734,0.00017458100558659218,118,5610,1,0.00017825311942959
observed,2026,task_language,mi,1,5728,6,5734,0.00017458100558659218,118,5610,1,0.00017825311942959
observed,2026,task_language,min,1,5728,6,5734,0.00017458100558659218,118,5610,1,0.00017825311942959
observed,2026,task_language,mk,0,5728,6,5734,0.0,118,5610,0,0.0
observed,2026,task_language,ml,9,5728,6,5734,0.0015712290502793297,118,5610,9,0.0016042780748663102
observed,2026,task_language,mn,0,5728,6,5734,0.0,118,5610,0,0.0
observed,2026,task_language,mni,2,5728,6,5734,0.00034916201117318437,118,5610,2,0.00035650623885918
observed,2026,task_language,mr,17,5728,6,5734,0.002967877094972067,118,5610,17,0.0030303030303030303
observed,2026,task_language,ms,14,5728,6,5734,0.0024441340782122905,118,5610,13,0.0023172905525846704
observed,2026,task_language,mt,2,5728,6,5734,0.00034916201117318437,118,5610,2,0.00035650623885918
observed,2026,task_language,mui,0,5728,6,5734,0.0,118,5610,0,0.0
observed,2026,task_language,multilingual_unspecified,42,5728,6,5734,0.007332402234636872,118,5610,0,0.0
observed,2026,task_language,mup,0,5728,6,5734,0.0,118,5610,0,0.0
observed,2026,task_language,mwr,0,5728,6,5734,0.0,118,5610,0,0.0
observed,2026,task_language,my,4,5728,6,5734,0.0006983240223463687,118,5610,4,0.00071301247771836
observed,2026,task_language,nan,0,5728,6,5734,0.0,118,5610,0,0.0
observed,2026,task_language,nb,2,5728,6,5734,0.00034916201117318437,118,5610,2,0.00035650623885918
observed,2026,task_language,nds,0,5728,6,5734,0.0,118,5610,0,0.0
observed,2026,task_language,ne,9,5728,6,5734,0.0015712290502793297,118,5610,9,0.0016042780748663102
observed,2026,task_language,nij,0,5728,6,5734,0.0,118,5610,0,0.0
observed,2026,task_language,nl,25,5728,6,5734,0.004364525139664804,118,5610,24,0.0042780748663101605
observed,2026,task_language,nn,2,5728,6,5734,0.00034916201117318437,118,5610,1,0.00017825311942959
observed,2026,task_language,no,7,5728,6,5734,0.0012220670391061453,118,5610,6,0.0010695187165775401
observed,2026,task_language,nod,0,5728,6,5734,0.0,118,5610,0,0.0
observed,2026,task_language,not_applicable,11,5728,6,5734,0.001920391061452514,118,5610,0,0.0
observed,2026,task_language,nso,0,5728,6,5734,0.0,118,5610,0,0.0
observed,2026,task_language,ny,3,5728,6,5734,0.0005237430167597765,118,5610,3,0.0005347593582887701
observed,2026,task_language,nyf,0,5728,6,5734,0.0,118,5610,0,0.0
observed,2026,task_language,oc,0,5728,6,5734,0.0,118,5610,0,0.0
observed,2026,task_language,om,1,5728,6,5734,0.00017458100558659218,118,5610,1,0.00017825311942959
observed,2026,task_language,or,8,5728,6,5734,0.0013966480446927375,118,5610,8,0.00142602495543672
observed,2026,task_language,pa,12,5728,6,5734,0.002094972067039106,118,5610,12,0.0021390374331550803
observed,2026,task_language,pap,0,5728,6,5734,0.0,118,5610,0,0.0
observed,2026,task_language,pcm,2,5728,6,5734,0.00034916201117318437,118,5610,2,0.00035650623885918
observed,2026,task_language,pfl,0,5728,6,5734,0.0,118,5610,0,0.0
observed,2026,task_language,pi,1,5728,6,5734,0.00017458100558659218,118,5610,1,0.00017825311942959
observed,2026,task_language,pl,29,5728,6,5734,0.005062849162011173,118,5610,27,0.004812834224598931
observed,2026,task_language,pms,1,5728,6,5734,0.00017458100558659218,118,5610,1,0.00017825311942959
observed,2026,task_language,ps,2,5728,6,5734,0.00034916201117318437,118,5610,2,0.00035650623885918
observed,2026,task_language,pt,72,5728,6,5734,0.012569832402234637,118,5610,70,0.012477718360071301
observed,2026,task_language,qu,2,5728,6,5734,0.00034916201117318437,118,5610,2,0.00035650623885918
observed,2026,task_language,raj,0,5728,6,5734,0.0,118,5610,0,0.0
observed,2026,task_language,rkt,1,5728,6,5734,0.00017458100558659218,118,5610,1,0.00017825311942959
observed,2026,task_language,rm,0,5728,6,5734,0.0,118,5610,0,0.0
observed,2026,task_language,rn,0,5728,6,5734,0.0,118,5610,0,0.0
observed,2026,task_language,ro,14,5728,6,5734,0.0024441340782122905,118,5610,14,0.0024955436720142605
observed,2026,task_language,ru,61,5728,6,5734,0.010649441340782122,118,5610,56,0.009982174688057042
observed,2026,task_language,rw,3,5728,6,5734,0.0005237430167597765,118,5610,3,0.0005347593582887701
observed,2026,task_language,sa,4,5728,6,5734,0.0006983240223463687,118,5610,4,0.00071301247771836
observed,2026,task_language,sas,0,5728,6,5734,0.0,118,5610,0,0.0
observed,2026,task_language,sat,0,5728,6,5734,0.0,118,5610,0,0.0
observed,2026,task_language,sd,2,5728,6,5734,0.00034916201117318437,118,5610,2,0.00035650623885918
observed,2026,task_language,sgc,1,5728,6,5734,0.00017458100558659218,118,5610,1,0.00017825311942959
observed,2026,task_language,si,5,5728,6,5734,0.0008729050279329608,118,5610,5,0.00089126559714795
observed,2026,task_language,sk,10,5728,6,5734,0.0017458100558659217,118,5610,9,0.0016042780748663102
observed,2026,task_language,sl,8,5728,6,5734,0.0013966480446927375,118,5610,7,0.0012477718360071302
observed,2026,task_language,sm,0,5728,6,5734,0.0,118,5610,0,0.0
observed,2026,task_language,sn,0,5728,6,5734,0.0,118,5610,0,0.0
observed,2026,task_language,so,3,5728,6,5734,0.0005237430167597765,118,5610,3,0.0005347593582887701
observed,2026,task_language,sq,4,5728,6,5734,0.0006983240223463687,118,5610,4,0.00071301247771836
observed,2026,task_language,sr,7,5728,6,5734,0.0012220670391061453,118,5610,6,0.0010695187165775401
observed,2026,task_language,sso,0,5728,6,5734,0.0,118,5610,0,0.0
observed,2026,task_language,st,2,5728,6,5734,0.00034916201117318437,118,5610,2,0.00035650623885918
observed,2026,task_language,stq,0,5728,6,5734,0.0,118,5610,0,0.0
observed,2026,task_language,su,3,5728,6,5734,0.0005237430167597765,118,5610,3,0.0005347593582887701
observed,2026,task_language,sv,14,5728,6,5734,0.0024441340782122905,118,5610,12,0.0021390374331550803
observed,2026,task_language,sw,30,5728,6,5734,0.005237430167597765,118,5610,29,0.00516934046345811
observed,2026,task_language,syl,1,5728,6,5734,0.00017458100558659218,118,5610,1,0.00017825311942959
observed,2026,task_language,ta,22,5728,6,5734,0.003840782122905028,118,5610,22,0.00392156862745098
observed,2026,task_language,te,22,5728,6,5734,0.003840782122905028,118,5610,22,0.00392156862745098
observed,2026,task_language,teo,0,5728,6,5734,0.0,118,5610,0,0.0
observed,2026,task_language,tg,1,5728,6,5734,0.00017458100558659218,118,5610,1,0.00017825311942959
observed,2026,task_language,th,34,5728,6,5734,0.005935754189944134,118,5610,32,0.00570409982174688
observed,2026,task_language,ti,3,5728,6,5734,0.0005237430167597765,118,5610,3,0.0005347593582887701
observed,2026,task_language,tk,0,5728,6,5734,0.0,118,5610,0,0.0
observed,2026,task_language,tl,7,5728,6,5734,0.0012220670391061453,118,5610,7,0.0012477718360071302
observed,2026,task_language,tn,1,5728,6,5734,0.00017458100558659218,118,5610,1,0.00017825311942959
observed,2026,task_language,to,0,5728,6,5734,0.0,118,5610,0,0.0
observed,2026,task_language,tpi,0,5728,6,5734,0.0,118,5610,0,0.0
observed,2026,task_language,tr,35,5728,6,5734,0.006110335195530726,118,5610,33,0.0058823529411764705
observed,2026,task_language,ts,0,5728,6,5734,0.0,118,5610,0,0.0
observed,2026,task_language,tt,1,5728,6,5734,0.00017458100558659218,118,5610,1,0.00017825311942959
observed,2026,task_language,tts,0,5728,6,5734,0.0,118,5610,0,0.0
observed,2026,task_language,tw,3,5728,6,5734,0.0005237430167597765,118,5610,3,0.0005347593582887701
observed,2026,task_language,ty,0,5728,6,5734,0.0,118,5610,0,0.0
observed,2026,task_language,tzm,0,5728,6,5734,0.0,118,5610,0,0.0
observed,2026,task_language,ug,0,5728,6,5734,0.0,118,5610,0,0.0
observed,2026,task_language,uk,22,5728,6,5734,0.003840782122905028,118,5610,21,0.0037433155080213902
observed,2026,task_language,umb,0,5728,6,5734,0.0,118,5610,0,0.0
observed,2026,task_language,unclear,65,5728,6,5734,0.011347765363128492,118,5610,0,0.0
observed,2026,task_language,ur,22,5728,6,5734,0.003840782122905028,118,5610,22,0.00392156862745098
observed,2026,task_language,uz,1,5728,6,5734,0.00017458100558659218,118,5610,1,0.00017825311942959
observed,2026,task_language,vi,32,5728,6,5734,0.00558659217877095,118,5610,31,0.00552584670231729
observed,2026,task_language,vro,0,5728,6,5734,0.0,118,5610,0,0.0
observed,2026,task_language,wad,1,5728,6,5734,0.00017458100558659218,118,5610,1,0.00017825311942959
observed,2026,task_language,wo,1,5728,6,5734,0.00017458100558659218,118,5610,1,0.00017825311942959
observed,2026,task_language,wuu,0,5728,6,5734,0.0,118,5610,0,0.0
observed,2026,task_language,xh,4,5728,6,5734,0.0006983240223463687,118,5610,4,0.00071301247771836
observed,2026,task_language,yi,1,5728,6,5734,0.00017458100558659218,118,5610,1,0.00017825311942959
observed,2026,task_language,yo,13,5728,6,5734,0.0022695530726256985,118,5610,13,0.0023172905525846704
observed,2026,task_language,yue,3,5728,6,5734,0.0005237430167597765,118,5610,3,0.0005347593582887701
observed,2026,task_language,za,0,5728,6,5734,0.0,118,5610,0,0.0
observed,2026,task_language,zh,560,5728,6,5734,0.09776536312849161,118,5610,540,0.0962566844919786
observed,2026,task_language,zu,9,5728,6,5734,0.0015712290502793297,118,5610,9,0.0016042780748663102
jan_aug,all,target_system,agent_or_tool_system,2228,11146,0,11146,0.19989233805849632,0,11146,2228,0.19989233805849632
jan_aug,all,target_system,answering_model,9262,11146,0,11146,0.8309707518392249,0,11146,9262,0.8309707518392249
jan_aug,all,target_system,embodied_system,215,11146,0,11146,0.019289431186075724,0,11146,215,0.019289431186075724
jan_aug,all,evaluation_domain,cybersecurity,579,11146,0,11146,0.05194688677552485,0,11146,579,0.05194688677552485
jan_aug,all,evaluation_domain,education,264,11146,0,11146,0.02368562713080926,0,11146,264,0.02368562713080926
jan_aug,all,evaluation_domain,engineering,800,11146,0,11146,0.07177462766911896,0,11146,800,0.07177462766911896
jan_aug,all,evaluation_domain,finance_and_business,1053,11146,0,11146,0.09447335366947784,0,11146,1053,0.09447335366947784
jan_aug,all,evaluation_domain,general_or_cross_domain,4628,11146,0,11146,0.4152162210658532,0,11146,4628,0.4152162210658532
jan_aug,all,evaluation_domain,healthcare_biomedicine,1296,11146,0,11146,0.11627489682397273,0,11146,1296,0.11627489682397273
jan_aug,all,evaluation_domain,language_and_communication,1660,11146,0,11146,0.14893235241342184,0,11146,1660,0.14893235241342184
jan_aug,all,evaluation_domain,law_and_public_policy,386,11146,0,11146,0.0346312578503499,0,11146,386,0.0346312578503499
jan_aug,all,evaluation_domain,mathematics_and_formal_reasoning,1198,11146,0,11146,0.10748250493450565,0,11146,1198,0.10748250493450565
jan_aug,all,evaluation_domain,natural_sciences,971,11146,0,11146,0.08711645433339314,0,11146,971,0.08711645433339314
jan_aug,all,evaluation_domain,other,432,11146,0,11146,0.038758298941324244,0,11146,432,0.038758298941324244
jan_aug,all,evaluation_domain,social_sciences_and_humanities,1256,11146,0,11146,0.11268616544051678,0,11146,1256,0.11268616544051678
jan_aug,all,evaluation_domain,software_and_coding,2036,11146,0,11146,0.18266642741790776,0,11146,2036,0.18266642741790776
jan_aug,all,evaluation_setup,fixed_items,10611,11145,1,11146,0.9520861372812921,0,11145,10611,0.9520861372812921
jan_aug,all,evaluation_setup,interactive_loop,2319,11145,1,11146,0.20807537012113056,0,11145,2319,0.20807537012113056
jan_aug,all,evaluation_setup,runtime_generated_items,793,11145,1,11146,0.07115298340062809,0,11145,793,0.07115298340062809
jan_aug,all,modality,audio,527,11146,0,11146,0.04728153597703212,0,11146,527,0.04728153597703212
jan_aug,all,modality,code,1947,11146,0,11146,0.17468150008971828,0,11146,1947,0.17468150008971828
jan_aug,all,modality,image,2824,11146,0,11146,0.25336443567198996,0,11146,2824,0.25336443567198996
jan_aug,all,modality,structured_data,1813,11146,0,11146,0.16265924995514086,0,11146,1813,0.16265924995514086
jan_aug,all,modality,text,11037,11146,0,11146,0.9902207069800826,0,11146,11037,0.9902207069800826
jan_aug,all,modality,video,805,11146,0,11146,0.07222321909205096,0,11146,805,0.07222321909205096
jan_aug,all,material_origin,generative_model,5634,11145,1,11146,0.5055181695827725,28,11117,5634,0.5067914005577044
jan_aug,all,material_origin,human_or_real_world,9139,11145,1,11146,0.820008972633468,28,11117,9139,0.822074300620671
jan_aug,all,material_origin,not_reported,18,11145,1,11146,0.0016150740242261105,28,11117,0,0.0
jan_aug,all,material_origin,program_or_simulation,3254,11145,1,11146,0.29196949304620906,28,11117,3254,0.29270486642079696
jan_aug,all,material_origin,unclear,10,11145,1,11146,0.0008972633467922835,28,11117,0,0.0
jan_aug,all,scoring_source,execution_or_environment,2645,11143,3,11146,0.23736875168267074,15,11128,2645,0.23768871315600287
jan_aug,all,scoring_source,human_judge,756,11143,3,11146,0.06784528403482007,15,11128,756,0.06793673616103522
jan_aug,all,scoring_source,llm_judge,3959,11143,3,11146,0.35529031679081036,15,11128,3959,0.3557692307692308
jan_aug,all,scoring_source,other_model_judge,928,11143,3,11146,0.08328098357713362,15,11128,928,0.08339324227174695
jan_aug,all,scoring_source,reference_or_metric,7232,11143,3,11146,0.6490173202907655,15,11128,7232,0.6498921639108555
jan_aug,all,scoring_source,unclear,15,11143,3,11146,0.0013461365879924617,15,11128,0,0.0
jan_aug,all,task_language,aa,1,11128,18,11146,8.986340762041697e-05,210,10918,1,9.159186664224217e-05
jan_aug,all,task_language,abl,1,11128,18,11146,8.986340762041697e-05,210,10918,1,9.159186664224217e-05
jan_aug,all,task_language,abs,1,11128,18,11146,8.986340762041697e-05,210,10918,1,9.159186664224217e-05
jan_aug,all,task_language,ace,2,11128,18,11146,0.00017972681524083394,210,10918,2,0.00018318373328448433
jan_aug,all,task_language,acm,1,11128,18,11146,8.986340762041697e-05,210,10918,1,9.159186664224217e-05
jan_aug,all,task_language,acq,1,11128,18,11146,8.986340762041697e-05,210,10918,1,9.159186664224217e-05
jan_aug,all,task_language,ado,0,11128,18,11146,0.0,210,10918,0,0.0
jan_aug,all,task_language,aeb,1,11128,18,11146,8.986340762041697e-05,210,10918,1,9.159186664224217e-05
jan_aug,all,task_language,af,16,11128,18,11146,0.0014378145219266715,210,10918,15,0.0013738779996336325
jan_aug,all,task_language,afb,0,11128,18,11146,0.0,210,10918,0,0.0
jan_aug,all,task_language,ak,4,11128,18,11146,0.0003594536304816679,210,10918,4,0.00036636746656896867
jan_aug,all,task_language,als,0,11128,18,11146,0.0,210,10918,0,0.0
jan_aug,all,task_language,am,27,11128,18,11146,0.002426312005751258,210,10918,27,0.0024729803993405386
jan_aug,all,task_language,anp,1,11128,18,11146,8.986340762041697e-05,210,10918,1,9.159186664224217e-05
jan_aug,all,task_language,aoz,1,11128,18,11146,8.986340762041697e-05,210,10918,1,9.159186664224217e-05
jan_aug,all,task_language,apc,1,11128,18,11146,8.986340762041697e-05,210,10918,1,9.159186664224217e-05
jan_aug,all,task_language,ar,250,11128,18,11146,0.02246585190510424,210,10918,237,0.021707272394211392
jan_aug,all,task_language,arq,2,11128,18,11146,0.00017972681524083394,210,10918,2,0.00018318373328448433
jan_aug,all,task_language,ary,2,11128,18,11146,0.00017972681524083394,210,10918,2,0.00018318373328448433
jan_aug,all,task_language,arz,5,11128,18,11146,0.0004493170381020848,210,10918,5,0.0004579593332112108
jan_aug,all,task_language,as,24,11128,18,11146,0.002156721782890007,210,10918,23,0.00210661293277157
jan_aug,all,task_language,ase,0,11128,18,11146,0.0,210,10918,0,0.0
jan_aug,all,task_language,ast,1,11128,18,11146,8.986340762041697e-05,210,10918,1,9.159186664224217e-05
jan_aug,all,task_language,awa,2,11128,18,11146,0.00017972681524083394,210,10918,2,0.00018318373328448433
jan_aug,all,task_language,ay,1,11128,18,11146,8.986340762041697e-05,210,10918,1,9.159186664224217e-05
jan_aug,all,task_language,az,15,11128,18,11146,0.0013479511143062546,210,10918,14,0.0012822861329913904
jan_aug,all,task_language,bal,1,11128,18,11146,8.986340762041697e-05,210,10918,1,9.159186664224217e-05
jan_aug,all,task_language,ban,2,11128,18,11146,0.00017972681524083394,210,10918,2,0.00018318373328448433
jan_aug,all,task_language,bar,2,11128,18,11146,0.00017972681524083394,210,10918,2,0.00018318373328448433
jan_aug,all,task_language,bbc,2,11128,18,11146,0.00017972681524083394,210,10918,2,0.00018318373328448433
jan_aug,all,task_language,bbj,1,11128,18,11146,8.986340762041697e-05,210,10918,1,9.159186664224217e-05
jan_aug,all,task_language,be,7,11128,18,11146,0.0006290438533429188,210,10918,7,0.0006411430664956952
jan_aug,all,task_language,bew,1,11128,18,11146,8.986340762041697e-05,210,10918,1,9.159186664224217e-05
jan_aug,all,task_language,bfy,1,11128,18,11146,8.986340762041697e-05,210,10918,1,9.159186664224217e-05
jan_aug,all,task_language,bg,33,11128,18,11146,0.00296549245147376,210,10918,30,0.002747755999267265
jan_aug,all,task_language,bgc,1,11128,18,11146,8.986340762041697e-05,210,10918,1,9.159186664224217e-05
jan_aug,all,task_language,bho,3,11128,18,11146,0.0002695902228612509,210,10918,3,0.0002747755999267265
jan_aug,all,task_language,bjn,2,11128,18,11146,0.00017972681524083394,210,10918,2,0.00018318373328448433
jan_aug,all,task_language,bm,2,11128,18,11146,0.00017972681524083394,210,10918,2,0.00018318373328448433
jan_aug,all,task_language,bn,130,11128,18,11146,0.011682242990654205,210,10918,124,0.011357391463638029
jan_aug,all,task_language,bns,1,11128,18,11146,8.986340762041697e-05,210,10918,1,9.159186664224217e-05
jan_aug,all,task_language,bo,7,11128,18,11146,0.0006290438533429188,210,10918,6,0.000549551199853453
jan_aug,all,task_language,br,1,11128,18,11146,8.986340762041697e-05,210,10918,1,9.159186664224217e-05
jan_aug,all,task_language,bra,1,11128,18,11146,8.986340762041697e-05,210,10918,1,9.159186664224217e-05
jan_aug,all,task_language,brx,1,11128,18,11146,8.986340762041697e-05,210,10918,1,9.159186664224217e-05
jan_aug,all,task_language,bs,6,11128,18,11146,0.0005391804457225018,210,10918,6,0.000549551199853453
jan_aug,all,task_language,bug,2,11128,18,11146,0.00017972681524083394,210,10918,2,0.00018318373328448433
jan_aug,all,task_language,ca,22,11128,18,11146,0.001976994967649173,210,10918,21,0.0019234291994870856
jan_aug,all,task_language,ceb,9,11128,18,11146,0.0008087706685837527,210,10918,7,0.0006411430664956952
jan_aug,all,task_language,ckb,2,11128,18,11146,0.00017972681524083394,210,10918,2,0.00018318373328448433
jan_aug,all,task_language,co,2,11128,18,11146,0.00017972681524083394,210,10918,2,0.00018318373328448433
jan_aug,all,task_language,crh,1,11128,18,11146,8.986340762041697e-05,210,10918,1,9.159186664224217e-05
jan_aug,all,task_language,cs,54,11128,18,11146,0.004852624011502516,210,10918,52,0.004762777065396593
jan_aug,all,task_language,ctg,1,11128,18,11146,8.986340762041697e-05,210,10918,1,9.159186664224217e-05
jan_aug,all,task_language,cv,1,11128,18,11146,8.986340762041697e-05,210,10918,1,9.159186664224217e-05
jan_aug,all,task_language,cy,10,11128,18,11146,0.0008986340762041696,210,10918,9,0.0008243267997801795
jan_aug,all,task_language,da,33,11128,18,11146,0.00296549245147376,210,10918,30,0.002747755999267265
jan_aug,all,task_language,dag,1,11128,18,11146,8.986340762041697e-05,210,10918,1,9.159186664224217e-05
jan_aug,all,task_language,de,278,11128,18,11146,0.024982027318475916,210,10918,262,0.023997069060267447
jan_aug,all,task_language,doi,4,11128,18,11146,0.0003594536304816679,210,10918,4,0.00036636746656896867
jan_aug,all,task_language,dsb,1,11128,18,11146,8.986340762041697e-05,210,10918,1,9.159186664224217e-05
jan_aug,all,task_language,dv,1,11128,18,11146,8.986340762041697e-05,210,10918,1,9.159186664224217e-05
jan_aug,all,task_language,dz,3,11128,18,11146,0.0002695902228612509,210,10918,3,0.0002747755999267265
jan_aug,all,task_language,ee,4,11128,18,11146,0.0003594536304816679,210,10918,4,0.00036636746656896867
jan_aug,all,task_language,el,59,11128,18,11146,0.005301941049604601,210,10918,55,0.00503755266532332
jan_aug,all,task_language,en,10286,11128,18,11146,0.9243350107836089,210,10918,10215,0.9356109177505038
jan_aug,all,task_language,eo,5,11128,18,11146,0.0004493170381020848,210,10918,4,0.00036636746656896867
jan_aug,all,task_language,es,305,11128,18,11146,0.027408339324227173,210,10918,289,0.026470049459607986
jan_aug,all,task_language,et,24,11128,18,11146,0.002156721782890007,210,10918,22,0.002015021066129328
jan_aug,all,task_language,eu,18,11128,18,11146,0.0016175413371675054,210,10918,17,0.0015570617329181168
jan_aug,all,task_language,fa,68,11128,18,11146,0.006110711718188354,210,10918,63,0.005770287598461257
jan_aug,all,task_language,ff,1,11128,18,11146,8.986340762041697e-05,210,10918,1,9.159186664224217e-05
jan_aug,all,task_language,fi,40,11128,18,11146,0.0035945363048166786,210,10918,36,0.003297307199120718
jan_aug,all,task_language,fil,15,11128,18,11146,0.0013479511143062546,210,10918,15,0.0013738779996336325
jan_aug,all,task_language,fj,2,11128,18,11146,0.00017972681524083394,210,10918,2,0.00018318373328448433
jan_aug,all,task_language,fo,1,11128,18,11146,8.986340762041697e-05,210,10918,1,9.159186664224217e-05
jan_aug,all,task_language,fr,301,11128,18,11146,0.027048885693745507,210,10918,282,0.02582890639311229
jan_aug,all,task_language,frr,0,11128,18,11146,0.0,210,10918,0,0.0
jan_aug,all,task_language,fy,4,11128,18,11146,0.0003594536304816679,210,10918,4,0.00036636746656896867
jan_aug,all,task_language,ga,14,11128,18,11146,0.0012580877066858376,210,10918,13,0.0011906942663491482
jan_aug,all,task_language,gaa,1,11128,18,11146,8.986340762041697e-05,210,10918,1,9.159186664224217e-05
jan_aug,all,task_language,gbm,1,11128,18,11146,8.986340762041697e-05,210,10918,1,9.159186664224217e-05
jan_aug,all,task_language,gd,6,11128,18,11146,0.0005391804457225018,210,10918,6,0.000549551199853453
jan_aug,all,task_language,gl,15,11128,18,11146,0.0013479511143062546,210,10918,14,0.0012822861329913904
jan_aug,all,task_language,gn,5,11128,18,11146,0.0004493170381020848,210,10918,5,0.0004579593332112108
jan_aug,all,task_language,gom,3,11128,18,11146,0.0002695902228612509,210,10918,3,0.0002747755999267265
jan_aug,all,task_language,gor,1,11128,18,11146,8.986340762041697e-05,210,10918,1,9.159186664224217e-05
jan_aug,all,task_language,grc,1,11128,18,11146,8.986340762041697e-05,210,10918,1,9.159186664224217e-05
jan_aug,all,task_language,gu,28,11128,18,11146,0.0025161754133716753,210,10918,26,0.0023813885326982964
jan_aug,all,task_language,ha,19,11128,18,11146,0.0017074047447879223,210,10918,19,0.0017402454662026011
jan_aug,all,task_language,haw,2,11128,18,11146,0.00017972681524083394,210,10918,2,0.00018318373328448433
jan_aug,all,task_language,he,51,11128,18,11146,0.004583033788641265,210,10918,47,0.004304817732185382
jan_aug,all,task_language,hi,184,11128,18,11146,0.01653486700215672,210,10918,177,0.016211760395676865
jan_aug,all,task_language,hil,1,11128,18,11146,8.986340762041697e-05,210,10918,1,9.159186664224217e-05
jan_aug,all,task_language,hmn,2,11128,18,11146,0.00017972681524083394,210,10918,2,0.00018318373328448433
jan_aug,all,task_language,hne,1,11128,18,11146,8.986340762041697e-05,210,10918,1,9.159186664224217e-05
jan_aug,all,task_language,hoj,1,11128,18,11146,8.986340762041697e-05,210,10918,1,9.159186664224217e-05
jan_aug,all,task_language,hr,21,11128,18,11146,0.0018871315600287562,210,10918,18,0.001648653599560359
jan_aug,all,task_language,hsb,1,11128,18,11146,8.986340762041697e-05,210,10918,1,9.159186664224217e-05
jan_aug,all,task_language,ht,5,11128,18,11146,0.0004493170381020848,210,10918,5,0.0004579593332112108
jan_aug,all,task_language,hu,42,11128,18,11146,0.0037742631200575125,210,10918,38,0.0034804909324052022
jan_aug,all,task_language,hy,11,11128,18,11146,0.0009884974838245866,210,10918,10,0.0009159186664224216
jan_aug,all,task_language,iba,1,11128,18,11146,8.986340762041697e-05,210,10918,1,9.159186664224217e-05
jan_aug,all,task_language,id,93,11128,18,11146,0.008357296908698778,210,10918,90,0.008243267997801795
jan_aug,all,task_language,ida,1,11128,18,11146,8.986340762041697e-05,210,10918,1,9.159186664224217e-05
jan_aug,all,task_language,ig,15,11128,18,11146,0.0013479511143062546,210,10918,15,0.0013738779996336325
jan_aug,all,task_language,igb,1,11128,18,11146,8.986340762041697e-05,210,10918,1,9.159186664224217e-05
jan_aug,all,task_language,ilo,1,11128,18,11146,8.986340762041697e-05,210,10918,1,9.159186664224217e-05
jan_aug,all,task_language,is,15,11128,18,11146,0.0013479511143062546,210,10918,14,0.0012822861329913904
jan_aug,all,task_language,it,152,11128,18,11146,0.013659237958303379,210,10918,143,0.013097636929840631
jan_aug,all,task_language,ja,255,11128,18,11146,0.022915168943206325,210,10918,243,0.022256823594064848
jan_aug,all,task_language,jax,1,11128,18,11146,8.986340762041697e-05,210,10918,1,9.159186664224217e-05
jan_aug,all,task_language,jbo,1,11128,18,11146,8.986340762041697e-05,210,10918,1,9.159186664224217e-05
jan_aug,all,task_language,jv,13,11128,18,11146,0.0011682242990654205,210,10918,12,0.001099102399706906
jan_aug,all,task_language,ka,17,11128,18,11146,0.0015276779295470885,210,10918,16,0.0014654698662758747
jan_aug,all,task_language,kaa,1,11128,18,11146,8.986340762041697e-05,210,10918,1,9.159186664224217e-05
jan_aug,all,task_language,kam,1,11128,18,11146,8.986340762041697e-05,210,10918,1,9.159186664224217e-05
jan_aug,all,task_language,kea,1,11128,18,11146,8.986340762041697e-05,210,10918,1,9.159186664224217e-05
jan_aug,all,task_language,kgv,0,11128,18,11146,0.0,210,10918,0,0.0
jan_aug,all,task_language,khg,0,11128,18,11146,0.0,210,10918,0,0.0
jan_aug,all,task_language,ki,2,11128,18,11146,0.00017972681524083394,210,10918,2,0.00018318373328448433
jan_aug,all,task_language,kk,18,11128,18,11146,0.0016175413371675054,210,10918,18,0.001648653599560359
jan_aug,all,task_language,km,15,11128,18,11146,0.0013479511143062546,210,10918,13,0.0011906942663491482
jan_aug,all,task_language,kn,27,11128,18,11146,0.002426312005751258,210,10918,25,0.0022897966660560543
jan_aug,all,task_language,ko,193,11128,18,11146,0.017343637670740476,210,10918,183,0.016761311595530317
jan_aug,all,task_language,koi,1,11128,18,11146,8.986340762041697e-05,210,10918,1,9.159186664224217e-05
jan_aug,all,task_language,kok,3,11128,18,11146,0.0002695902228612509,210,10918,3,0.0002747755999267265
jan_aug,all,task_language,kpv,0,11128,18,11146,0.0,210,10918,0,0.0
jan_aug,all,task_language,kri,1,11128,18,11146,8.986340762041697e-05,210,10918,1,9.159186664224217e-05
jan_aug,all,task_language,ksh,0,11128,18,11146,0.0,210,10918,0,0.0
jan_aug,all,task_language,ku,3,11128,18,11146,0.0002695902228612509,210,10918,3,0.0002747755999267265
jan_aug,all,task_language,ky,13,11128,18,11146,0.0011682242990654205,210,10918,13,0.0011906942663491482
jan_aug,all,task_language,la,11,11128,18,11146,0.0009884974838245866,210,10918,10,0.0009159186664224216
jan_aug,all,task_language,lb,8,11128,18,11146,0.0007189072609633358,210,10918,8,0.0007327349331379373
jan_aug,all,task_language,lg,5,11128,18,11146,0.0004493170381020848,210,10918,5,0.0004579593332112108
jan_aug,all,task_language,liv,0,11128,18,11146,0.0,210,10918,0,0.0
jan_aug,all,task_language,ljp,0,11128,18,11146,0.0,210,10918,0,0.0
jan_aug,all,task_language,ln,2,11128,18,11146,0.00017972681524083394,210,10918,2,0.00018318373328448433
jan_aug,all,task_language,lo,6,11128,18,11146,0.0005391804457225018,210,10918,6,0.000549551199853453
jan_aug,all,task_language,lt,23,11128,18,11146,0.00206685837526959,210,10918,20,0.0018318373328448433
jan_aug,all,task_language,luo,1,11128,18,11146,8.986340762041697e-05,210,10918,1,9.159186664224217e-05
jan_aug,all,task_language,lus,1,11128,18,11146,8.986340762041697e-05,210,10918,1,9.159186664224217e-05
jan_aug,all,task_language,lv,19,11128,18,11146,0.0017074047447879223,210,10918,17,0.0015570617329181168
jan_aug,all,task_language,lzh,4,11128,18,11146,0.0003594536304816679,210,10918,4,0.00036636746656896867
jan_aug,all,task_language,mad,1,11128,18,11146,8.986340762041697e-05,210,10918,1,9.159186664224217e-05
jan_aug,all,task_language,mag,1,11128,18,11146,8.986340762041697e-05,210,10918,1,9.159186664224217e-05
jan_aug,all,task_language,mai,6,11128,18,11146,0.0005391804457225018,210,10918,6,0.000549551199853453
jan_aug,all,task_language,mak,1,11128,18,11146,8.986340762041697e-05,210,10918,1,9.159186664224217e-05
jan_aug,all,task_language,mg,7,11128,18,11146,0.0006290438533429188,210,10918,7,0.0006411430664956952
jan_aug,all,task_language,mi,5,11128,18,11146,0.0004493170381020848,210,10918,5,0.0004579593332112108
jan_aug,all,task_language,min,3,11128,18,11146,0.0002695902228612509,210,10918,3,0.0002747755999267265
jan_aug,all,task_language,mk,9,11128,18,11146,0.0008087706685837527,210,10918,8,0.0007327349331379373
jan_aug,all,task_language,ml,27,11128,18,11146,0.002426312005751258,210,10918,26,0.0023813885326982964
jan_aug,all,task_language,mn,6,11128,18,11146,0.0005391804457225018,210,10918,6,0.000549551199853453
jan_aug,all,task_language,mni,4,11128,18,11146,0.0003594536304816679,210,10918,4,0.00036636746656896867
jan_aug,all,task_language,mr,40,11128,18,11146,0.0035945363048166786,210,10918,38,0.0034804909324052022
jan_aug,all,task_language,ms,37,11128,18,11146,0.0033249460819554278,210,10918,34,0.0031141234658362336
jan_aug,all,task_language,mt,9,11128,18,11146,0.0008087706685837527,210,10918,9,0.0008243267997801795
jan_aug,all,task_language,mui,1,11128,18,11146,8.986340762041697e-05,210,10918,1,9.159186664224217e-05
jan_aug,all,task_language,multilingual_unspecified,84,11128,18,11146,0.007548526240115025,210,10918,0,0.0
jan_aug,all,task_language,mup,1,11128,18,11146,8.986340762041697e-05,210,10918,1,9.159186664224217e-05
jan_aug,all,task_language,mwr,1,11128,18,11146,8.986340762041697e-05,210,10918,1,9.159186664224217e-05
jan_aug,all,task_language,my,11,11128,18,11146,0.0009884974838245866,210,10918,10,0.0009159186664224216
jan_aug,all,task_language,nan,1,11128,18,11146,8.986340762041697e-05,210,10918,1,9.159186664224217e-05
jan_aug,all,task_language,nb,6,11128,18,11146,0.0005391804457225018,210,10918,6,0.000549551199853453
jan_aug,all,task_language,nds,0,11128,18,11146,0.0,210,10918,0,0.0
jan_aug,all,task_language,ne,25,11128,18,11146,0.002246585190510424,210,10918,24,0.002198204799413812
jan_aug,all,task_language,nij,1,11128,18,11146,8.986340762041697e-05,210,10918,1,9.159186664224217e-05
jan_aug,all,task_language,nl,68,11128,18,11146,0.006110711718188354,210,10918,63,0.005770287598461257
jan_aug,all,task_language,nn,6,11128,18,11146,0.0005391804457225018,210,10918,4,0.00036636746656896867
jan_aug,all,task_language,no,22,11128,18,11146,0.001976994967649173,210,10918,19,0.0017402454662026011
jan_aug,all,task_language,nod,1,11128,18,11146,8.986340762041697e-05,210,10918,1,9.159186664224217e-05
jan_aug,all,task_language,not_applicable,27,11128,18,11146,0.002426312005751258,210,10918,0,0.0
jan_aug,all,task_language,nso,2,11128,18,11146,0.00017972681524083394,210,10918,2,0.00018318373328448433
jan_aug,all,task_language,ny,7,11128,18,11146,0.0006290438533429188,210,10918,7,0.0006411430664956952
jan_aug,all,task_language,nyf,1,11128,18,11146,8.986340762041697e-05,210,10918,1,9.159186664224217e-05
jan_aug,all,task_language,oc,1,11128,18,11146,8.986340762041697e-05,210,10918,1,9.159186664224217e-05
jan_aug,all,task_language,om,5,11128,18,11146,0.0004493170381020848,210,10918,4,0.00036636746656896867
jan_aug,all,task_language,or,20,11128,18,11146,0.0017972681524083393,210,10918,19,0.0017402454662026011
jan_aug,all,task_language,pa,29,11128,18,11146,0.002606038820992092,210,10918,27,0.0024729803993405386
jan_aug,all,task_language,pap,1,11128,18,11146,8.986340762041697e-05,210,10918,1,9.159186664224217e-05
jan_aug,all,task_language,pcm,6,11128,18,11146,0.0005391804457225018,210,10918,6,0.000549551199853453
jan_aug,all,task_language,pfl,0,11128,18,11146,0.0,210,10918,0,0.0
jan_aug,all,task_language,pi,1,11128,18,11146,8.986340762041697e-05,210,10918,1,9.159186664224217e-05
jan_aug,all,task_language,pl,67,11128,18,11146,0.0060208483105679365,210,10918,61,0.005587103865176773
jan_aug,all,task_language,pms,1,11128,18,11146,8.986340762041697e-05,210,10918,1,9.159186664224217e-05
jan_aug,all,task_language,ps,9,11128,18,11146,0.0008087706685837527,210,10918,9,0.0008243267997801795
jan_aug,all,task_language,pt,159,11128,18,11146,0.014288281811646297,210,10918,150,0.013738779996336326
jan_aug,all,task_language,qu,6,11128,18,11146,0.0005391804457225018,210,10918,5,0.0004579593332112108
jan_aug,all,task_language,raj,0,11128,18,11146,0.0,210,10918,0,0.0
jan_aug,all,task_language,rkt,1,11128,18,11146,8.986340762041697e-05,210,10918,1,9.159186664224217e-05
jan_aug,all,task_language,rm,1,11128,18,11146,8.986340762041697e-05,210,10918,1,9.159186664224217e-05
jan_aug,all,task_language,rn,2,11128,18,11146,0.00017972681524083394,210,10918,2,0.00018318373328448433
jan_aug,all,task_language,ro,45,11128,18,11146,0.004043853342918764,210,10918,43,0.003938450265616413
jan_aug,all,task_language,ru,200,11128,18,11146,0.017972681524083392,210,10918,186,0.017036087195457045
jan_aug,all,task_language,rw,5,11128,18,11146,0.0004493170381020848,210,10918,5,0.0004579593332112108
jan_aug,all,task_language,sa,8,11128,18,11146,0.0007189072609633358,210,10918,8,0.0007327349331379373
jan_aug,all,task_language,sas,1,11128,18,11146,8.986340762041697e-05,210,10918,1,9.159186664224217e-05
jan_aug,all,task_language,sat,2,11128,18,11146,0.00017972681524083394,210,10918,2,0.00018318373328448433
jan_aug,all,task_language,sd,5,11128,18,11146,0.0004493170381020848,210,10918,5,0.0004579593332112108
jan_aug,all,task_language,sgc,1,11128,18,11146,8.986340762041697e-05,210,10918,1,9.159186664224217e-05
jan_aug,all,task_language,si,13,11128,18,11146,0.0011682242990654205,210,10918,13,0.0011906942663491482
jan_aug,all,task_language,sk,25,11128,18,11146,0.002246585190510424,210,10918,22,0.002015021066129328
jan_aug,all,task_language,sl,22,11128,18,11146,0.001976994967649173,210,10918,20,0.0018318373328448433
jan_aug,all,task_language,sm,3,11128,18,11146,0.0002695902228612509,210,10918,3,0.0002747755999267265
jan_aug,all,task_language,sn,5,11128,18,11146,0.0004493170381020848,210,10918,4,0.00036636746656896867
jan_aug,all,task_language,so,10,11128,18,11146,0.0008986340762041696,210,10918,10,0.0009159186664224216
jan_aug,all,task_language,sq,15,11128,18,11146,0.0013479511143062546,210,10918,14,0.0012822861329913904
jan_aug,all,task_language,sr,27,11128,18,11146,0.002426312005751258,210,10918,25,0.0022897966660560543
jan_aug,all,task_language,sso,1,11128,18,11146,8.986340762041697e-05,210,10918,1,9.159186664224217e-05
jan_aug,all,task_language,st,7,11128,18,11146,0.0006290438533429188,210,10918,6,0.000549551199853453
jan_aug,all,task_language,stq,0,11128,18,11146,0.0,210,10918,0,0.0
jan_aug,all,task_language,su,9,11128,18,11146,0.0008087706685837527,210,10918,9,0.0008243267997801795
jan_aug,all,task_language,sv,39,11128,18,11146,0.0035046728971962616,210,10918,35,0.0032057153324784758
jan_aug,all,task_language,sw,65,11128,18,11146,0.005841121495327103,210,10918,61,0.005587103865176773
jan_aug,all,task_language,syl,2,11128,18,11146,0.00017972681524083394,210,10918,2,0.00018318373328448433
jan_aug,all,task_language,ta,59,11128,18,11146,0.005301941049604601,210,10918,57,0.005220736398607804
jan_aug,all,task_language,te,54,11128,18,11146,0.004852624011502516,210,10918,52,0.004762777065396593
jan_aug,all,task_language,teo,0,11128,18,11146,0.0,210,10918,0,0.0
jan_aug,all,task_language,tg,7,11128,18,11146,0.0006290438533429188,210,10918,7,0.0006411430664956952
jan_aug,all,task_language,th,91,11128,18,11146,0.008177570093457943,210,10918,87,0.007968492397875069
jan_aug,all,task_language,ti,6,11128,18,11146,0.0005391804457225018,210,10918,6,0.000549551199853453
jan_aug,all,task_language,tk,3,11128,18,11146,0.0002695902228612509,210,10918,3,0.0002747755999267265
jan_aug,all,task_language,tl,23,11128,18,11146,0.00206685837526959,210,10918,20,0.0018318373328448433
jan_aug,all,task_language,tn,6,11128,18,11146,0.0005391804457225018,210,10918,5,0.0004579593332112108
jan_aug,all,task_language,to,1,11128,18,11146,8.986340762041697e-05,210,10918,1,9.159186664224217e-05
jan_aug,all,task_language,tpi,1,11128,18,11146,8.986340762041697e-05,210,10918,1,9.159186664224217e-05
jan_aug,all,task_language,tr,101,11128,18,11146,0.009076204169662113,210,10918,96,0.008792819197655248
jan_aug,all,task_language,ts,1,11128,18,11146,8.986340762041697e-05,210,10918,1,9.159186664224217e-05
jan_aug,all,task_language,tt,3,11128,18,11146,0.0002695902228612509,210,10918,3,0.0002747755999267265
jan_aug,all,task_language,tts,1,11128,18,11146,8.986340762041697e-05,210,10918,1,9.159186664224217e-05
jan_aug,all,task_language,tw,4,11128,18,11146,0.0003594536304816679,210,10918,4,0.00036636746656896867
jan_aug,all,task_language,ty,1,11128,18,11146,8.986340762041697e-05,210,10918,1,9.159186664224217e-05
jan_aug,all,task_language,tzm,1,11128,18,11146,8.986340762041697e-05,210,10918,1,9.159186664224217e-05
jan_aug,all,task_language,ug,6,11128,18,11146,0.0005391804457225018,210,10918,6,0.000549551199853453
jan_aug,all,task_language,uk,54,11128,18,11146,0.004852624011502516,210,10918,50,0.0045795933321121085
jan_aug,all,task_language,umb,1,11128,18,11146,8.986340762041697e-05,210,10918,1,9.159186664224217e-05
jan_aug,all,task_language,unclear,99,11128,18,11146,0.00889647735442128,210,10918,0,0.0
jan_aug,all,task_language,ur,55,11128,18,11146,0.004942487419122933,210,10918,53,0.0048543689320388345
jan_aug,all,task_language,uz,10,11128,18,11146,0.0008986340762041696,210,10918,8,0.0007327349331379373
jan_aug,all,task_language,vi,91,11128,18,11146,0.008177570093457943,210,10918,87,0.007968492397875069
jan_aug,all,task_language,vro,0,11128,18,11146,0.0,210,10918,0,0.0
jan_aug,all,task_language,wad,1,11128,18,11146,8.986340762041697e-05,210,10918,1,9.159186664224217e-05
jan_aug,all,task_language,wo,4,11128,18,11146,0.0003594536304816679,210,10918,4,0.00036636746656896867
jan_aug,all,task_language,wuu,0,11128,18,11146,0.0,210,10918,0,0.0
jan_aug,all,task_language,xh,8,11128,18,11146,0.0007189072609633358,210,10918,8,0.0007327349331379373
jan_aug,all,task_language,yi,4,11128,18,11146,0.0003594536304816679,210,10918,4,0.00036636746656896867
jan_aug,all,task_language,yo,28,11128,18,11146,0.0025161754133716753,210,10918,26,0.0023813885326982964
jan_aug,all,task_language,yue,9,11128,18,11146,0.0008087706685837527,210,10918,9,0.0008243267997801795
jan_aug,all,task_language,za,3,11128,18,11146,0.0002695902228612509,210,10918,3,0.0002747755999267265
jan_aug,all,task_language,zh,1263,11128,18,11146,0.11349748382458663,210,10918,1231,0.11274958783660011
jan_aug,all,task_language,zu,17,11128,18,11146,0.0015276779295470885,210,10918,17,0.0015570617329181168
jan_aug,2022,target_system,agent_or_tool_system,1,69,0,69,0.014492753623188406,0,69,1,0.014492753623188406
jan_aug,2022,target_system,answering_model,68,69,0,69,0.9855072463768116,0,69,68,0.9855072463768116
jan_aug,2022,target_system,embodied_system,0,69,0,69,0.0,0,69,0,0.0
jan_aug,2022,evaluation_domain,cybersecurity,1,69,0,69,0.014492753623188406,0,69,1,0.014492753623188406
jan_aug,2022,evaluation_domain,education,0,69,0,69,0.0,0,69,0,0.0
jan_aug,2022,evaluation_domain,engineering,1,69,0,69,0.014492753623188406,0,69,1,0.014492753623188406
jan_aug,2022,evaluation_domain,finance_and_business,4,69,0,69,0.057971014492753624,0,69,4,0.057971014492753624
jan_aug,2022,evaluation_domain,general_or_cross_domain,19,69,0,69,0.2753623188405797,0,69,19,0.2753623188405797
jan_aug,2022,evaluation_domain,healthcare_biomedicine,5,69,0,69,0.07246376811594203,0,69,5,0.07246376811594203
jan_aug,2022,evaluation_domain,language_and_communication,39,69,0,69,0.5652173913043478,0,69,39,0.5652173913043478
jan_aug,2022,evaluation_domain,law_and_public_policy,2,69,0,69,0.028985507246376812,0,69,2,0.028985507246376812
jan_aug,2022,evaluation_domain,mathematics_and_formal_reasoning,5,69,0,69,0.07246376811594203,0,69,5,0.07246376811594203
jan_aug,2022,evaluation_domain,natural_sciences,3,69,0,69,0.043478260869565216,0,69,3,0.043478260869565216
jan_aug,2022,evaluation_domain,other,1,69,0,69,0.014492753623188406,0,69,1,0.014492753623188406
jan_aug,2022,evaluation_domain,social_sciences_and_humanities,8,69,0,69,0.11594202898550725,0,69,8,0.11594202898550725
jan_aug,2022,evaluation_domain,software_and_coding,13,69,0,69,0.18840579710144928,0,69,13,0.18840579710144928
jan_aug,2022,evaluation_setup,fixed_items,64,69,0,69,0.927536231884058,0,69,64,0.927536231884058
jan_aug,2022,evaluation_setup,interactive_loop,6,69,0,69,0.08695652173913043,0,69,6,0.08695652173913043
jan_aug,2022,evaluation_setup,runtime_generated_items,5,69,0,69,0.07246376811594203,0,69,5,0.07246376811594203
jan_aug,2022,modality,audio,1,69,0,69,0.014492753623188406,0,69,1,0.014492753623188406
jan_aug,2022,modality,code,12,69,0,69,0.17391304347826086,0,69,12,0.17391304347826086
jan_aug,2022,modality,image,4,69,0,69,0.057971014492753624,0,69,4,0.057971014492753624
jan_aug,2022,modality,structured_data,5,69,0,69,0.07246376811594203,0,69,5,0.07246376811594203
jan_aug,2022,modality,text,67,69,0,69,0.9710144927536232,0,69,67,0.9710144927536232
jan_aug,2022,modality,video,1,69,0,69,0.014492753623188406,0,69,1,0.014492753623188406
jan_aug,2022,material_origin,generative_model,10,69,0,69,0.14492753623188406,0,69,10,0.14492753623188406
jan_aug,2022,material_origin,human_or_real_world,64,69,0,69,0.927536231884058,0,69,64,0.927536231884058
jan_aug,2022,material_origin,not_reported,0,69,0,69,0.0,0,69,0,0.0
jan_aug,2022,material_origin,program_or_simulation,18,69,0,69,0.2608695652173913,0,69,18,0.2608695652173913
jan_aug,2022,material_origin,unclear,0,69,0,69,0.0,0,69,0,0.0
jan_aug,2022,scoring_source,execution_or_environment,12,69,0,69,0.17391304347826086,0,69,12,0.17391304347826086
jan_aug,2022,scoring_source,human_judge,9,69,0,69,0.13043478260869565,0,69,9,0.13043478260869565
jan_aug,2022,scoring_source,llm_judge,0,69,0,69,0.0,0,69,0,0.0
jan_aug,2022,scoring_source,other_model_judge,11,69,0,69,0.15942028985507245,0,69,11,0.15942028985507245
jan_aug,2022,scoring_source,reference_or_metric,61,69,0,69,0.8840579710144928,0,69,61,0.8840579710144928
jan_aug,2022,scoring_source,unclear,0,69,0,69,0.0,0,69,0,0.0
jan_aug,2022,task_language,aa,0,69,0,69,0.0,2,67,0,0.0
jan_aug,2022,task_language,abl,0,69,0,69,0.0,2,67,0,0.0
jan_aug,2022,task_language,abs,0,69,0,69,0.0,2,67,0,0.0
jan_aug,2022,task_language,ace,0,69,0,69,0.0,2,67,0,0.0
jan_aug,2022,task_language,acm,0,69,0,69,0.0,2,67,0,0.0
jan_aug,2022,task_language,acq,0,69,0,69,0.0,2,67,0,0.0
jan_aug,2022,task_language,ado,0,69,0,69,0.0,2,67,0,0.0
jan_aug,2022,task_language,aeb,0,69,0,69,0.0,2,67,0,0.0
jan_aug,2022,task_language,af,0,69,0,69,0.0,2,67,0,0.0
jan_aug,2022,task_language,afb,0,69,0,69,0.0,2,67,0,0.0
jan_aug,2022,task_language,ak,0,69,0,69,0.0,2,67,0,0.0
jan_aug,2022,task_language,als,0,69,0,69,0.0,2,67,0,0.0
jan_aug,2022,task_language,am,1,69,0,69,0.014492753623188406,2,67,1,0.014925373134328358
jan_aug,2022,task_language,anp,0,69,0,69,0.0,2,67,0,0.0
jan_aug,2022,task_language,aoz,0,69,0,69,0.0,2,67,0,0.0
jan_aug,2022,task_language,apc,0,69,0,69,0.0,2,67,0,0.0
jan_aug,2022,task_language,ar,3,69,0,69,0.043478260869565216,2,67,3,0.04477611940298507
jan_aug,2022,task_language,arq,0,69,0,69,0.0,2,67,0,0.0
jan_aug,2022,task_language,ary,0,69,0,69,0.0,2,67,0,0.0
jan_aug,2022,task_language,arz,0,69,0,69,0.0,2,67,0,0.0
jan_aug,2022,task_language,as,2,69,0,69,0.028985507246376812,2,67,2,0.029850746268656716
jan_aug,2022,task_language,ase,0,69,0,69,0.0,2,67,0,0.0
jan_aug,2022,task_language,ast,0,69,0,69,0.0,2,67,0,0.0
jan_aug,2022,task_language,awa,0,69,0,69,0.0,2,67,0,0.0
jan_aug,2022,task_language,ay,0,69,0,69,0.0,2,67,0,0.0
jan_aug,2022,task_language,az,1,69,0,69,0.014492753623188406,2,67,1,0.014925373134328358
jan_aug,2022,task_language,bal,0,69,0,69,0.0,2,67,0,0.0
jan_aug,2022,task_language,ban,0,69,0,69,0.0,2,67,0,0.0
jan_aug,2022,task_language,bar,0,69,0,69,0.0,2,67,0,0.0
jan_aug,2022,task_language,bbc,0,69,0,69,0.0,2,67,0,0.0
jan_aug,2022,task_language,bbj,0,69,0,69,0.0,2,67,0,0.0
jan_aug,2022,task_language,be,0,69,0,69,0.0,2,67,0,0.0
jan_aug,2022,task_language,bew,0,69,0,69,0.0,2,67,0,0.0
jan_aug,2022,task_language,bfy,0,69,0,69,0.0,2,67,0,0.0
jan_aug,2022,task_language,bg,2,69,0,69,0.028985507246376812,2,67,2,0.029850746268656716
jan_aug,2022,task_language,bgc,0,69,0,69,0.0,2,67,0,0.0
jan_aug,2022,task_language,bho,0,69,0,69,0.0,2,67,0,0.0
jan_aug,2022,task_language,bjn,0,69,0,69,0.0,2,67,0,0.0
jan_aug,2022,task_language,bm,0,69,0,69,0.0,2,67,0,0.0
jan_aug,2022,task_language,bn,5,69,0,69,0.07246376811594203,2,67,5,0.07462686567164178
jan_aug,2022,task_language,bns,0,69,0,69,0.0,2,67,0,0.0
jan_aug,2022,task_language,bo,0,69,0,69,0.0,2,67,0,0.0
jan_aug,2022,task_language,br,0,69,0,69,0.0,2,67,0,0.0
jan_aug,2022,task_language,bra,0,69,0,69,0.0,2,67,0,0.0
jan_aug,2022,task_language,brx,0,69,0,69,0.0,2,67,0,0.0
jan_aug,2022,task_language,bs,0,69,0,69,0.0,2,67,0,0.0
jan_aug,2022,task_language,bug,0,69,0,69,0.0,2,67,0,0.0
jan_aug,2022,task_language,ca,1,69,0,69,0.014492753623188406,2,67,1,0.014925373134328358
jan_aug,2022,task_language,ceb,0,69,0,69,0.0,2,67,0,0.0
jan_aug,2022,task_language,ckb,0,69,0,69,0.0,2,67,0,0.0
jan_aug,2022,task_language,co,0,69,0,69,0.0,2,67,0,0.0
jan_aug,2022,task_language,crh,0,69,0,69,0.0,2,67,0,0.0
jan_aug,2022,task_language,cs,4,69,0,69,0.057971014492753624,2,67,4,0.05970149253731343
jan_aug,2022,task_language,ctg,0,69,0,69,0.0,2,67,0,0.0
jan_aug,2022,task_language,cv,0,69,0,69,0.0,2,67,0,0.0
jan_aug,2022,task_language,cy,1,69,0,69,0.014492753623188406,2,67,1,0.014925373134328358
jan_aug,2022,task_language,da,1,69,0,69,0.014492753623188406,2,67,1,0.014925373134328358
jan_aug,2022,task_language,dag,0,69,0,69,0.0,2,67,0,0.0
jan_aug,2022,task_language,de,8,69,0,69,0.11594202898550725,2,67,7,0.1044776119402985
jan_aug,2022,task_language,doi,0,69,0,69,0.0,2,67,0,0.0
jan_aug,2022,task_language,dsb,0,69,0,69,0.0,2,67,0,0.0
jan_aug,2022,task_language,dv,0,69,0,69,0.0,2,67,0,0.0
jan_aug,2022,task_language,dz,0,69,0,69,0.0,2,67,0,0.0
jan_aug,2022,task_language,ee,0,69,0,69,0.0,2,67,0,0.0
jan_aug,2022,task_language,el,1,69,0,69,0.014492753623188406,2,67,1,0.014925373134328358
jan_aug,2022,task_language,en,62,69,0,69,0.8985507246376812,2,67,60,0.8955223880597015
jan_aug,2022,task_language,eo,0,69,0,69,0.0,2,67,0,0.0
jan_aug,2022,task_language,es,5,69,0,69,0.07246376811594203,2,67,5,0.07462686567164178
jan_aug,2022,task_language,et,2,69,0,69,0.028985507246376812,2,67,2,0.029850746268656716
jan_aug,2022,task_language,eu,0,69,0,69,0.0,2,67,0,0.0
jan_aug,2022,task_language,fa,4,69,0,69,0.057971014492753624,2,67,3,0.04477611940298507
jan_aug,2022,task_language,ff,0,69,0,69,0.0,2,67,0,0.0
jan_aug,2022,task_language,fi,4,69,0,69,0.057971014492753624,2,67,3,0.04477611940298507
jan_aug,2022,task_language,fil,1,69,0,69,0.014492753623188406,2,67,1,0.014925373134328358
jan_aug,2022,task_language,fj,0,69,0,69,0.0,2,67,0,0.0
jan_aug,2022,task_language,fo,0,69,0,69,0.0,2,67,0,0.0
jan_aug,2022,task_language,fr,6,69,0,69,0.08695652173913043,2,67,6,0.08955223880597014
jan_aug,2022,task_language,frr,0,69,0,69,0.0,2,67,0,0.0
jan_aug,2022,task_language,fy,0,69,0,69,0.0,2,67,0,0.0
jan_aug,2022,task_language,ga,0,69,0,69,0.0,2,67,0,0.0
jan_aug,2022,task_language,gaa,0,69,0,69,0.0,2,67,0,0.0
jan_aug,2022,task_language,gbm,0,69,0,69,0.0,2,67,0,0.0
jan_aug,2022,task_language,gd,1,69,0,69,0.014492753623188406,2,67,1,0.014925373134328358
jan_aug,2022,task_language,gl,1,69,0,69,0.014492753623188406,2,67,1,0.014925373134328358
jan_aug,2022,task_language,gn,0,69,0,69,0.0,2,67,0,0.0
jan_aug,2022,task_language,gom,0,69,0,69,0.0,2,67,0,0.0
jan_aug,2022,task_language,gor,0,69,0,69,0.0,2,67,0,0.0
jan_aug,2022,task_language,grc,0,69,0,69,0.0,2,67,0,0.0
jan_aug,2022,task_language,gu,3,69,0,69,0.043478260869565216,2,67,3,0.04477611940298507
jan_aug,2022,task_language,ha,1,69,0,69,0.014492753623188406,2,67,1,0.014925373134328358
jan_aug,2022,task_language,haw,0,69,0,69,0.0,2,67,0,0.0
jan_aug,2022,task_language,he,2,69,0,69,0.028985507246376812,2,67,2,0.029850746268656716
jan_aug,2022,task_language,hi,5,69,0,69,0.07246376811594203,2,67,4,0.05970149253731343
jan_aug,2022,task_language,hil,0,69,0,69,0.0,2,67,0,0.0
jan_aug,2022,task_language,hmn,0,69,0,69,0.0,2,67,0,0.0
jan_aug,2022,task_language,hne,0,69,0,69,0.0,2,67,0,0.0
jan_aug,2022,task_language,hoj,0,69,0,69,0.0,2,67,0,0.0
jan_aug,2022,task_language,hr,2,69,0,69,0.028985507246376812,2,67,2,0.029850746268656716
jan_aug,2022,task_language,hsb,0,69,0,69,0.0,2,67,0,0.0
jan_aug,2022,task_language,ht,1,69,0,69,0.014492753623188406,2,67,1,0.014925373134328358
jan_aug,2022,task_language,hu,1,69,0,69,0.014492753623188406,2,67,1,0.014925373134328358
jan_aug,2022,task_language,hy,0,69,0,69,0.0,2,67,0,0.0
jan_aug,2022,task_language,iba,0,69,0,69,0.0,2,67,0,0.0
jan_aug,2022,task_language,id,3,69,0,69,0.043478260869565216,2,67,3,0.04477611940298507
jan_aug,2022,task_language,ida,0,69,0,69,0.0,2,67,0,0.0
jan_aug,2022,task_language,ig,2,69,0,69,0.028985507246376812,2,67,2,0.029850746268656716
jan_aug,2022,task_language,igb,0,69,0,69,0.0,2,67,0,0.0
jan_aug,2022,task_language,ilo,0,69,0,69,0.0,2,67,0,0.0
jan_aug,2022,task_language,is,0,69,0,69,0.0,2,67,0,0.0
jan_aug,2022,task_language,it,5,69,0,69,0.07246376811594203,2,67,5,0.07462686567164178
jan_aug,2022,task_language,ja,5,69,0,69,0.07246376811594203,2,67,5,0.07462686567164178
jan_aug,2022,task_language,jax,0,69,0,69,0.0,2,67,0,0.0
jan_aug,2022,task_language,jbo,0,69,0,69,0.0,2,67,0,0.0
jan_aug,2022,task_language,jv,1,69,0,69,0.014492753623188406,2,67,1,0.014925373134328358
jan_aug,2022,task_language,ka,0,69,0,69,0.0,2,67,0,0.0
jan_aug,2022,task_language,kaa,0,69,0,69,0.0,2,67,0,0.0
jan_aug,2022,task_language,kam,0,69,0,69,0.0,2,67,0,0.0
jan_aug,2022,task_language,kea,0,69,0,69,0.0,2,67,0,0.0
jan_aug,2022,task_language,kgv,0,69,0,69,0.0,2,67,0,0.0
jan_aug,2022,task_language,khg,0,69,0,69,0.0,2,67,0,0.0
jan_aug,2022,task_language,ki,0,69,0,69,0.0,2,67,0,0.0
jan_aug,2022,task_language,kk,0,69,0,69,0.0,2,67,0,0.0
jan_aug,2022,task_language,km,1,69,0,69,0.014492753623188406,2,67,1,0.014925373134328358
jan_aug,2022,task_language,kn,4,69,0,69,0.057971014492753624,2,67,3,0.04477611940298507
jan_aug,2022,task_language,ko,4,69,0,69,0.057971014492753624,2,67,4,0.05970149253731343
jan_aug,2022,task_language,koi,0,69,0,69,0.0,2,67,0,0.0
jan_aug,2022,task_language,kok,0,69,0,69,0.0,2,67,0,0.0
jan_aug,2022,task_language,kpv,0,69,0,69,0.0,2,67,0,0.0
jan_aug,2022,task_language,kri,0,69,0,69,0.0,2,67,0,0.0
jan_aug,2022,task_language,ksh,0,69,0,69,0.0,2,67,0,0.0
jan_aug,2022,task_language,ku,1,69,0,69,0.014492753623188406,2,67,1,0.014925373134328358
jan_aug,2022,task_language,ky,1,69,0,69,0.014492753623188406,2,67,1,0.014925373134328358
jan_aug,2022,task_language,la,0,69,0,69,0.0,2,67,0,0.0
jan_aug,2022,task_language,lb,0,69,0,69,0.0,2,67,0,0.0
jan_aug,2022,task_language,lg,0,69,0,69,0.0,2,67,0,0.0
jan_aug,2022,task_language,liv,0,69,0,69,0.0,2,67,0,0.0
jan_aug,2022,task_language,ljp,0,69,0,69,0.0,2,67,0,0.0
jan_aug,2022,task_language,ln,0,69,0,69,0.0,2,67,0,0.0
jan_aug,2022,task_language,lo,1,69,0,69,0.014492753623188406,2,67,1,0.014925373134328358
jan_aug,2022,task_language,lt,1,69,0,69,0.014492753623188406,2,67,1,0.014925373134328358
jan_aug,2022,task_language,luo,0,69,0,69,0.0,2,67,0,0.0
jan_aug,2022,task_language,lus,0,69,0,69,0.0,2,67,0,0.0
jan_aug,2022,task_language,lv,1,69,0,69,0.014492753623188406,2,67,1,0.014925373134328358
jan_aug,2022,task_language,lzh,0,69,0,69,0.0,2,67,0,0.0
jan_aug,2022,task_language,mad,0,69,0,69,0.0,2,67,0,0.0
jan_aug,2022,task_language,mag,0,69,0,69,0.0,2,67,0,0.0
jan_aug,2022,task_language,mai,0,69,0,69,0.0,2,67,0,0.0
jan_aug,2022,task_language,mak,0,69,0,69,0.0,2,67,0,0.0
jan_aug,2022,task_language,mg,0,69,0,69,0.0,2,67,0,0.0
jan_aug,2022,task_language,mi,0,69,0,69,0.0,2,67,0,0.0
jan_aug,2022,task_language,min,0,69,0,69,0.0,2,67,0,0.0
jan_aug,2022,task_language,mk,1,69,0,69,0.014492753623188406,2,67,1,0.014925373134328358
jan_aug,2022,task_language,ml,3,69,0,69,0.043478260869565216,2,67,3,0.04477611940298507
jan_aug,2022,task_language,mn,0,69,0,69,0.0,2,67,0,0.0
jan_aug,2022,task_language,mni,0,69,0,69,0.0,2,67,0,0.0
jan_aug,2022,task_language,mr,4,69,0,69,0.057971014492753624,2,67,4,0.05970149253731343
jan_aug,2022,task_language,ms,1,69,0,69,0.014492753623188406,2,67,1,0.014925373134328358
jan_aug,2022,task_language,mt,0,69,0,69,0.0,2,67,0,0.0
jan_aug,2022,task_language,mui,0,69,0,69,0.0,2,67,0,0.0
jan_aug,2022,task_language,multilingual_unspecified,2,69,0,69,0.028985507246376812,2,67,0,0.0
jan_aug,2022,task_language,mup,0,69,0,69,0.0,2,67,0,0.0
jan_aug,2022,task_language,mwr,0,69,0,69,0.0,2,67,0,0.0
jan_aug,2022,task_language,my,2,69,0,69,0.028985507246376812,2,67,2,0.029850746268656716
jan_aug,2022,task_language,nan,0,69,0,69,0.0,2,67,0,0.0
jan_aug,2022,task_language,nb,0,69,0,69,0.0,2,67,0,0.0
jan_aug,2022,task_language,nds,0,69,0,69,0.0,2,67,0,0.0
jan_aug,2022,task_language,ne,1,69,0,69,0.014492753623188406,2,67,1,0.014925373134328358
jan_aug,2022,task_language,nij,0,69,0,69,0.0,2,67,0,0.0
jan_aug,2022,task_language,nl,3,69,0,69,0.043478260869565216,2,67,3,0.04477611940298507
jan_aug,2022,task_language,nn,0,69,0,69,0.0,2,67,0,0.0
jan_aug,2022,task_language,no,1,69,0,69,0.014492753623188406,2,67,1,0.014925373134328358
jan_aug,2022,task_language,nod,0,69,0,69,0.0,2,67,0,0.0
jan_aug,2022,task_language,not_applicable,0,69,0,69,0.0,2,67,0,0.0
jan_aug,2022,task_language,nso,0,69,0,69,0.0,2,67,0,0.0
jan_aug,2022,task_language,ny,0,69,0,69,0.0,2,67,0,0.0
jan_aug,2022,task_language,nyf,0,69,0,69,0.0,2,67,0,0.0
jan_aug,2022,task_language,oc,0,69,0,69,0.0,2,67,0,0.0
jan_aug,2022,task_language,om,1,69,0,69,0.014492753623188406,2,67,1,0.014925373134328358
jan_aug,2022,task_language,or,2,69,0,69,0.028985507246376812,2,67,2,0.029850746268656716
jan_aug,2022,task_language,pa,3,69,0,69,0.043478260869565216,2,67,3,0.04477611940298507
jan_aug,2022,task_language,pap,0,69,0,69,0.0,2,67,0,0.0
jan_aug,2022,task_language,pcm,1,69,0,69,0.014492753623188406,2,67,1,0.014925373134328358
jan_aug,2022,task_language,pfl,0,69,0,69,0.0,2,67,0,0.0
jan_aug,2022,task_language,pi,0,69,0,69,0.0,2,67,0,0.0
jan_aug,2022,task_language,pl,4,69,0,69,0.057971014492753624,2,67,3,0.04477611940298507
jan_aug,2022,task_language,pms,0,69,0,69,0.0,2,67,0,0.0
jan_aug,2022,task_language,ps,1,69,0,69,0.014492753623188406,2,67,1,0.014925373134328358
jan_aug,2022,task_language,pt,3,69,0,69,0.043478260869565216,2,67,3,0.04477611940298507
jan_aug,2022,task_language,qu,0,69,0,69,0.0,2,67,0,0.0
jan_aug,2022,task_language,raj,0,69,0,69,0.0,2,67,0,0.0
jan_aug,2022,task_language,rkt,0,69,0,69,0.0,2,67,0,0.0
jan_aug,2022,task_language,rm,0,69,0,69,0.0,2,67,0,0.0
jan_aug,2022,task_language,rn,1,69,0,69,0.014492753623188406,2,67,1,0.014925373134328358
jan_aug,2022,task_language,ro,2,69,0,69,0.028985507246376812,2,67,2,0.029850746268656716
jan_aug,2022,task_language,ru,5,69,0,69,0.07246376811594203,2,67,4,0.05970149253731343
jan_aug,2022,task_language,rw,0,69,0,69,0.0,2,67,0,0.0
jan_aug,2022,task_language,sa,0,69,0,69,0.0,2,67,0,0.0
jan_aug,2022,task_language,sas,0,69,0,69,0.0,2,67,0,0.0
jan_aug,2022,task_language,sat,0,69,0,69,0.0,2,67,0,0.0
jan_aug,2022,task_language,sd,0,69,0,69,0.0,2,67,0,0.0
jan_aug,2022,task_language,sgc,0,69,0,69,0.0,2,67,0,0.0
jan_aug,2022,task_language,si,2,69,0,69,0.028985507246376812,2,67,2,0.029850746268656716
jan_aug,2022,task_language,sk,1,69,0,69,0.014492753623188406,2,67,1,0.014925373134328358
jan_aug,2022,task_language,sl,1,69,0,69,0.014492753623188406,2,67,1,0.014925373134328358
jan_aug,2022,task_language,sm,0,69,0,69,0.0,2,67,0,0.0
jan_aug,2022,task_language,sn,0,69,0,69,0.0,2,67,0,0.0
jan_aug,2022,task_language,so,2,69,0,69,0.028985507246376812,2,67,2,0.029850746268656716
jan_aug,2022,task_language,sq,1,69,0,69,0.014492753623188406,2,67,1,0.014925373134328358
jan_aug,2022,task_language,sr,1,69,0,69,0.014492753623188406,2,67,1,0.014925373134328358
jan_aug,2022,task_language,sso,0,69,0,69,0.0,2,67,0,0.0
jan_aug,2022,task_language,st,0,69,0,69,0.0,2,67,0,0.0
jan_aug,2022,task_language,stq,0,69,0,69,0.0,2,67,0,0.0
jan_aug,2022,task_language,su,1,69,0,69,0.014492753623188406,2,67,1,0.014925373134328358
jan_aug,2022,task_language,sv,4,69,0,69,0.057971014492753624,2,67,3,0.04477611940298507
jan_aug,2022,task_language,sw,3,69,0,69,0.043478260869565216,2,67,2,0.029850746268656716
jan_aug,2022,task_language,syl,0,69,0,69,0.0,2,67,0,0.0
jan_aug,2022,task_language,ta,4,69,0,69,0.057971014492753624,2,67,4,0.05970149253731343
jan_aug,2022,task_language,te,4,69,0,69,0.057971014492753624,2,67,4,0.05970149253731343
jan_aug,2022,task_language,teo,0,69,0,69,0.0,2,67,0,0.0
jan_aug,2022,task_language,tg,0,69,0,69,0.0,2,67,0,0.0
jan_aug,2022,task_language,th,3,69,0,69,0.043478260869565216,2,67,3,0.04477611940298507
jan_aug,2022,task_language,ti,1,69,0,69,0.014492753623188406,2,67,1,0.014925373134328358
jan_aug,2022,task_language,tk,0,69,0,69,0.0,2,67,0,0.0
jan_aug,2022,task_language,tl,2,69,0,69,0.028985507246376812,2,67,2,0.029850746268656716
jan_aug,2022,task_language,tn,0,69,0,69,0.0,2,67,0,0.0
jan_aug,2022,task_language,to,0,69,0,69,0.0,2,67,0,0.0
jan_aug,2022,task_language,tpi,0,69,0,69,0.0,2,67,0,0.0
jan_aug,2022,task_language,tr,3,69,0,69,0.043478260869565216,2,67,3,0.04477611940298507
jan_aug,2022,task_language,ts,0,69,0,69,0.0,2,67,0,0.0
jan_aug,2022,task_language,tt,0,69,0,69,0.0,2,67,0,0.0
jan_aug,2022,task_language,tts,0,69,0,69,0.0,2,67,0,0.0
jan_aug,2022,task_language,tw,0,69,0,69,0.0,2,67,0,0.0
jan_aug,2022,task_language,ty,0,69,0,69,0.0,2,67,0,0.0
jan_aug,2022,task_language,tzm,0,69,0,69,0.0,2,67,0,0.0
jan_aug,2022,task_language,ug,0,69,0,69,0.0,2,67,0,0.0
jan_aug,2022,task_language,uk,2,69,0,69,0.028985507246376812,2,67,2,0.029850746268656716
jan_aug,2022,task_language,umb,0,69,0,69,0.0,2,67,0,0.0
jan_aug,2022,task_language,unclear,0,69,0,69,0.0,2,67,0,0.0
jan_aug,2022,task_language,ur,3,69,0,69,0.043478260869565216,2,67,3,0.04477611940298507
jan_aug,2022,task_language,uz,1,69,0,69,0.014492753623188406,2,67,1,0.014925373134328358
jan_aug,2022,task_language,vi,3,69,0,69,0.043478260869565216,2,67,3,0.04477611940298507
jan_aug,2022,task_language,vro,0,69,0,69,0.0,2,67,0,0.0
jan_aug,2022,task_language,wad,0,69,0,69,0.0,2,67,0,0.0
jan_aug,2022,task_language,wo,0,69,0,69,0.0,2,67,0,0.0
jan_aug,2022,task_language,wuu,0,69,0,69,0.0,2,67,0,0.0
jan_aug,2022,task_language,xh,1,69,0,69,0.014492753623188406,2,67,1,0.014925373134328358
jan_aug,2022,task_language,yi,0,69,0,69,0.0,2,67,0,0.0
jan_aug,2022,task_language,yo,2,69,0,69,0.028985507246376812,2,67,2,0.029850746268656716
jan_aug,2022,task_language,yue,0,69,0,69,0.0,2,67,0,0.0
jan_aug,2022,task_language,za,1,69,0,69,0.014492753623188406,2,67,1,0.014925373134328358
jan_aug,2022,task_language,zh,8,69,0,69,0.11594202898550725,2,67,7,0.1044776119402985
jan_aug,2022,task_language,zu,0,69,0,69,0.0,2,67,0,0.0
jan_aug,2023,target_system,agent_or_tool_system,23,376,0,376,0.061170212765957445,0,376,23,0.061170212765957445
jan_aug,2023,target_system,answering_model,357,376,0,376,0.949468085106383,0,376,357,0.949468085106383
jan_aug,2023,target_system,embodied_system,4,376,0,376,0.010638297872340425,0,376,4,0.010638297872340425
jan_aug,2023,evaluation_domain,cybersecurity,9,376,0,376,0.023936170212765957,0,376,9,0.023936170212765957
jan_aug,2023,evaluation_domain,education,9,376,0,376,0.023936170212765957,0,376,9,0.023936170212765957
jan_aug,2023,evaluation_domain,engineering,19,376,0,376,0.05053191489361702,0,376,19,0.05053191489361702
jan_aug,2023,evaluation_domain,finance_and_business,23,376,0,376,0.061170212765957445,0,376,23,0.061170212765957445
jan_aug,2023,evaluation_domain,general_or_cross_domain,168,376,0,376,0.44680851063829785,0,376,168,0.44680851063829785
jan_aug,2023,evaluation_domain,healthcare_biomedicine,28,376,0,376,0.07446808510638298,0,376,28,0.07446808510638298
jan_aug,2023,evaluation_domain,language_and_communication,123,376,0,376,0.3271276595744681,0,376,123,0.3271276595744681
jan_aug,2023,evaluation_domain,law_and_public_policy,12,376,0,376,0.031914893617021274,0,376,12,0.031914893617021274
jan_aug,2023,evaluation_domain,mathematics_and_formal_reasoning,54,376,0,376,0.14361702127659576,0,376,54,0.14361702127659576
jan_aug,2023,evaluation_domain,natural_sciences,29,376,0,376,0.07712765957446809,0,376,29,0.07712765957446809
jan_aug,2023,evaluation_domain,other,7,376,0,376,0.018617021276595744,0,376,7,0.018617021276595744
jan_aug,2023,evaluation_domain,social_sciences_and_humanities,53,376,0,376,0.14095744680851063,0,376,53,0.14095744680851063
jan_aug,2023,evaluation_domain,software_and_coding,70,376,0,376,0.18617021276595744,0,376,70,0.18617021276595744
jan_aug,2023,evaluation_setup,fixed_items,362,376,0,376,0.9627659574468085,0,376,362,0.9627659574468085
jan_aug,2023,evaluation_setup,interactive_loop,31,376,0,376,0.08244680851063829,0,376,31,0.08244680851063829
jan_aug,2023,evaluation_setup,runtime_generated_items,17,376,0,376,0.04521276595744681,0,376,17,0.04521276595744681
jan_aug,2023,modality,audio,5,376,0,376,0.013297872340425532,0,376,5,0.013297872340425532
jan_aug,2023,modality,code,60,376,0,376,0.1595744680851064,0,376,60,0.1595744680851064
jan_aug,2023,modality,image,53,376,0,376,0.14095744680851063,0,376,53,0.14095744680851063
jan_aug,2023,modality,structured_data,33,376,0,376,0.08776595744680851,0,376,33,0.08776595744680851
jan_aug,2023,modality,text,365,376,0,376,0.9707446808510638,0,376,365,0.9707446808510638
jan_aug,2023,modality,video,5,376,0,376,0.013297872340425532,0,376,5,0.013297872340425532
jan_aug,2023,material_origin,generative_model,107,376,0,376,0.2845744680851064,0,376,107,0.2845744680851064
jan_aug,2023,material_origin,human_or_real_world,332,376,0,376,0.8829787234042553,0,376,332,0.8829787234042553
jan_aug,2023,material_origin,not_reported,0,376,0,376,0.0,0,376,0,0.0
jan_aug,2023,material_origin,program_or_simulation,94,376,0,376,0.25,0,376,94,0.25
jan_aug,2023,material_origin,unclear,0,376,0,376,0.0,0,376,0,0.0
jan_aug,2023,scoring_source,execution_or_environment,60,376,0,376,0.1595744680851064,0,376,60,0.1595744680851064
jan_aug,2023,scoring_source,human_judge,83,376,0,376,0.22074468085106383,0,376,83,0.22074468085106383
jan_aug,2023,scoring_source,llm_judge,51,376,0,376,0.1356382978723404,0,376,51,0.1356382978723404
jan_aug,2023,scoring_source,other_model_judge,43,376,0,376,0.11436170212765957,0,376,43,0.11436170212765957
jan_aug,2023,scoring_source,reference_or_metric,295,376,0,376,0.7845744680851063,0,376,295,0.7845744680851063
jan_aug,2023,scoring_source,unclear,0,376,0,376,0.0,0,376,0,0.0
jan_aug,2023,task_language,aa,0,375,1,376,0.0,10,365,0,0.0
jan_aug,2023,task_language,abl,0,375,1,376,0.0,10,365,0,0.0
jan_aug,2023,task_language,abs,0,375,1,376,0.0,10,365,0,0.0
jan_aug,2023,task_language,ace,0,375,1,376,0.0,10,365,0,0.0
jan_aug,2023,task_language,acm,0,375,1,376,0.0,10,365,0,0.0
jan_aug,2023,task_language,acq,0,375,1,376,0.0,10,365,0,0.0
jan_aug,2023,task_language,ado,0,375,1,376,0.0,10,365,0,0.0
jan_aug,2023,task_language,aeb,0,375,1,376,0.0,10,365,0,0.0
jan_aug,2023,task_language,af,3,375,1,376,0.008,10,365,3,0.00821917808219178
jan_aug,2023,task_language,afb,0,375,1,376,0.0,10,365,0,0.0
jan_aug,2023,task_language,ak,0,375,1,376,0.0,10,365,0,0.0
jan_aug,2023,task_language,als,0,375,1,376,0.0,10,365,0,0.0
jan_aug,2023,task_language,am,1,375,1,376,0.0026666666666666666,10,365,1,0.0027397260273972603
jan_aug,2023,task_language,anp,0,375,1,376,0.0,10,365,0,0.0
jan_aug,2023,task_language,aoz,0,375,1,376,0.0,10,365,0,0.0
jan_aug,2023,task_language,apc,0,375,1,376,0.0,10,365,0,0.0
jan_aug,2023,task_language,ar,9,375,1,376,0.024,10,365,9,0.024657534246575342
jan_aug,2023,task_language,arq,0,375,1,376,0.0,10,365,0,0.0
jan_aug,2023,task_language,ary,0,375,1,376,0.0,10,365,0,0.0
jan_aug,2023,task_language,arz,0,375,1,376,0.0,10,365,0,0.0
jan_aug,2023,task_language,as,2,375,1,376,0.005333333333333333,10,365,2,0.005479452054794521
jan_aug,2023,task_language,ase,0,375,1,376,0.0,10,365,0,0.0
jan_aug,2023,task_language,ast,1,375,1,376,0.0026666666666666666,10,365,1,0.0027397260273972603
jan_aug,2023,task_language,awa,0,375,1,376,0.0,10,365,0,0.0
jan_aug,2023,task_language,ay,0,375,1,376,0.0,10,365,0,0.0
jan_aug,2023,task_language,az,3,375,1,376,0.008,10,365,3,0.00821917808219178
jan_aug,2023,task_language,bal,0,375,1,376,0.0,10,365,0,0.0
jan_aug,2023,task_language,ban,0,375,1,376,0.0,10,365,0,0.0
jan_aug,2023,task_language,bar,0,375,1,376,0.0,10,365,0,0.0
jan_aug,2023,task_language,bbc,0,375,1,376,0.0,10,365,0,0.0
jan_aug,2023,task_language,bbj,1,375,1,376,0.0026666666666666666,10,365,1,0.0027397260273972603
jan_aug,2023,task_language,be,2,375,1,376,0.005333333333333333,10,365,2,0.005479452054794521
jan_aug,2023,task_language,bew,0,375,1,376,0.0,10,365,0,0.0
jan_aug,2023,task_language,bfy,0,375,1,376,0.0,10,365,0,0.0
jan_aug,2023,task_language,bg,4,375,1,376,0.010666666666666666,10,365,4,0.010958904109589041
jan_aug,2023,task_language,bgc,0,375,1,376,0.0,10,365,0,0.0
jan_aug,2023,task_language,bho,0,375,1,376,0.0,10,365,0,0.0
jan_aug,2023,task_language,bjn,0,375,1,376,0.0,10,365,0,0.0
jan_aug,2023,task_language,bm,1,375,1,376,0.0026666666666666666,10,365,1,0.0027397260273972603
jan_aug,2023,task_language,bn,7,375,1,376,0.018666666666666668,10,365,7,0.019178082191780823
jan_aug,2023,task_language,bns,0,375,1,376,0.0,10,365,0,0.0
jan_aug,2023,task_language,bo,0,375,1,376,0.0,10,365,0,0.0
jan_aug,2023,task_language,br,0,375,1,376,0.0,10,365,0,0.0
jan_aug,2023,task_language,bra,0,375,1,376,0.0,10,365,0,0.0
jan_aug,2023,task_language,brx,0,375,1,376,0.0,10,365,0,0.0
jan_aug,2023,task_language,bs,2,375,1,376,0.005333333333333333,10,365,2,0.005479452054794521
jan_aug,2023,task_language,bug,0,375,1,376,0.0,10,365,0,0.0
jan_aug,2023,task_language,ca,2,375,1,376,0.005333333333333333,10,365,2,0.005479452054794521
jan_aug,2023,task_language,ceb,1,375,1,376,0.0026666666666666666,10,365,1,0.0027397260273972603
jan_aug,2023,task_language,ckb,1,375,1,376,0.0026666666666666666,10,365,1,0.0027397260273972603
jan_aug,2023,task_language,co,0,375,1,376,0.0,10,365,0,0.0
jan_aug,2023,task_language,crh,0,375,1,376,0.0,10,365,0,0.0
jan_aug,2023,task_language,cs,2,375,1,376,0.005333333333333333,10,365,2,0.005479452054794521
jan_aug,2023,task_language,ctg,0,375,1,376,0.0,10,365,0,0.0
jan_aug,2023,task_language,cv,0,375,1,376,0.0,10,365,0,0.0
jan_aug,2023,task_language,cy,2,375,1,376,0.005333333333333333,10,365,2,0.005479452054794521
jan_aug,2023,task_language,da,5,375,1,376,0.013333333333333334,10,365,5,0.0136986301369863
jan_aug,2023,task_language,dag,0,375,1,376,0.0,10,365,0,0.0
jan_aug,2023,task_language,de,11,375,1,376,0.029333333333333333,10,365,11,0.030136986301369864
jan_aug,2023,task_language,doi,0,375,1,376,0.0,10,365,0,0.0
jan_aug,2023,task_language,dsb,0,375,1,376,0.0,10,365,0,0.0
jan_aug,2023,task_language,dv,0,375,1,376,0.0,10,365,0,0.0
jan_aug,2023,task_language,dz,0,375,1,376,0.0,10,365,0,0.0
jan_aug,2023,task_language,ee,1,375,1,376,0.0026666666666666666,10,365,1,0.0027397260273972603
jan_aug,2023,task_language,el,4,375,1,376,0.010666666666666666,10,365,4,0.010958904109589041
jan_aug,2023,task_language,en,330,375,1,376,0.88,10,365,328,0.8986301369863013
jan_aug,2023,task_language,eo,1,375,1,376,0.0026666666666666666,10,365,1,0.0027397260273972603
jan_aug,2023,task_language,es,13,375,1,376,0.034666666666666665,10,365,13,0.03561643835616438
jan_aug,2023,task_language,et,3,375,1,376,0.008,10,365,3,0.00821917808219178
jan_aug,2023,task_language,eu,2,375,1,376,0.005333333333333333,10,365,2,0.005479452054794521
jan_aug,2023,task_language,fa,4,375,1,376,0.010666666666666666,10,365,4,0.010958904109589041
jan_aug,2023,task_language,ff,1,375,1,376,0.0026666666666666666,10,365,1,0.0027397260273972603
jan_aug,2023,task_language,fi,2,375,1,376,0.005333333333333333,10,365,2,0.005479452054794521
jan_aug,2023,task_language,fil,1,375,1,376,0.0026666666666666666,10,365,1,0.0027397260273972603
jan_aug,2023,task_language,fj,0,375,1,376,0.0,10,365,0,0.0
jan_aug,2023,task_language,fo,0,375,1,376,0.0,10,365,0,0.0
jan_aug,2023,task_language,fr,13,375,1,376,0.034666666666666665,10,365,13,0.03561643835616438
jan_aug,2023,task_language,frr,0,375,1,376,0.0,10,365,0,0.0
jan_aug,2023,task_language,fy,1,375,1,376,0.0026666666666666666,10,365,1,0.0027397260273972603
jan_aug,2023,task_language,ga,2,375,1,376,0.005333333333333333,10,365,2,0.005479452054794521
jan_aug,2023,task_language,gaa,0,375,1,376,0.0,10,365,0,0.0
jan_aug,2023,task_language,gbm,0,375,1,376,0.0,10,365,0,0.0
jan_aug,2023,task_language,gd,0,375,1,376,0.0,10,365,0,0.0
jan_aug,2023,task_language,gl,2,375,1,376,0.005333333333333333,10,365,2,0.005479452054794521
jan_aug,2023,task_language,gn,0,375,1,376,0.0,10,365,0,0.0
jan_aug,2023,task_language,gom,0,375,1,376,0.0,10,365,0,0.0
jan_aug,2023,task_language,gor,0,375,1,376,0.0,10,365,0,0.0
jan_aug,2023,task_language,grc,0,375,1,376,0.0,10,365,0,0.0
jan_aug,2023,task_language,gu,3,375,1,376,0.008,10,365,3,0.00821917808219178
jan_aug,2023,task_language,ha,1,375,1,376,0.0026666666666666666,10,365,1,0.0027397260273972603
jan_aug,2023,task_language,haw,0,375,1,376,0.0,10,365,0,0.0
jan_aug,2023,task_language,he,4,375,1,376,0.010666666666666666,10,365,4,0.010958904109589041
jan_aug,2023,task_language,hi,6,375,1,376,0.016,10,365,6,0.01643835616438356
jan_aug,2023,task_language,hil,0,375,1,376,0.0,10,365,0,0.0
jan_aug,2023,task_language,hmn,0,375,1,376,0.0,10,365,0,0.0
jan_aug,2023,task_language,hne,0,375,1,376,0.0,10,365,0,0.0
jan_aug,2023,task_language,hoj,0,375,1,376,0.0,10,365,0,0.0
jan_aug,2023,task_language,hr,2,375,1,376,0.005333333333333333,10,365,2,0.005479452054794521
jan_aug,2023,task_language,hsb,0,375,1,376,0.0,10,365,0,0.0
jan_aug,2023,task_language,ht,2,375,1,376,0.005333333333333333,10,365,2,0.005479452054794521
jan_aug,2023,task_language,hu,2,375,1,376,0.005333333333333333,10,365,2,0.005479452054794521
jan_aug,2023,task_language,hy,3,375,1,376,0.008,10,365,3,0.00821917808219178
jan_aug,2023,task_language,iba,0,375,1,376,0.0,10,365,0,0.0
jan_aug,2023,task_language,id,5,375,1,376,0.013333333333333334,10,365,5,0.0136986301369863
jan_aug,2023,task_language,ida,0,375,1,376,0.0,10,365,0,0.0
jan_aug,2023,task_language,ig,1,375,1,376,0.0026666666666666666,10,365,1,0.0027397260273972603
jan_aug,2023,task_language,igb,0,375,1,376,0.0,10,365,0,0.0
jan_aug,2023,task_language,ilo,0,375,1,376,0.0,10,365,0,0.0
jan_aug,2023,task_language,is,3,375,1,376,0.008,10,365,3,0.00821917808219178
jan_aug,2023,task_language,it,8,375,1,376,0.021333333333333333,10,365,8,0.021917808219178082
jan_aug,2023,task_language,ja,9,375,1,376,0.024,10,365,8,0.021917808219178082
jan_aug,2023,task_language,jax,0,375,1,376,0.0,10,365,0,0.0
jan_aug,2023,task_language,jbo,0,375,1,376,0.0,10,365,0,0.0
jan_aug,2023,task_language,jv,2,375,1,376,0.005333333333333333,10,365,2,0.005479452054794521
jan_aug,2023,task_language,ka,3,375,1,376,0.008,10,365,3,0.00821917808219178
jan_aug,2023,task_language,kaa,0,375,1,376,0.0,10,365,0,0.0
jan_aug,2023,task_language,kam,1,375,1,376,0.0026666666666666666,10,365,1,0.0027397260273972603
jan_aug,2023,task_language,kea,1,375,1,376,0.0026666666666666666,10,365,1,0.0027397260273972603
jan_aug,2023,task_language,kgv,0,375,1,376,0.0,10,365,0,0.0
jan_aug,2023,task_language,khg,0,375,1,376,0.0,10,365,0,0.0
jan_aug,2023,task_language,ki,0,375,1,376,0.0,10,365,0,0.0
jan_aug,2023,task_language,kk,2,375,1,376,0.005333333333333333,10,365,2,0.005479452054794521
jan_aug,2023,task_language,km,2,375,1,376,0.005333333333333333,10,365,2,0.005479452054794521
jan_aug,2023,task_language,kn,3,375,1,376,0.008,10,365,3,0.00821917808219178
jan_aug,2023,task_language,ko,5,375,1,376,0.013333333333333334,10,365,5,0.0136986301369863
jan_aug,2023,task_language,koi,0,375,1,376,0.0,10,365,0,0.0
jan_aug,2023,task_language,kok,0,375,1,376,0.0,10,365,0,0.0
jan_aug,2023,task_language,kpv,0,375,1,376,0.0,10,365,0,0.0
jan_aug,2023,task_language,kri,0,375,1,376,0.0,10,365,0,0.0
jan_aug,2023,task_language,ksh,0,375,1,376,0.0,10,365,0,0.0
jan_aug,2023,task_language,ku,0,375,1,376,0.0,10,365,0,0.0
jan_aug,2023,task_language,ky,3,375,1,376,0.008,10,365,3,0.00821917808219178
jan_aug,2023,task_language,la,1,375,1,376,0.0026666666666666666,10,365,1,0.0027397260273972603
jan_aug,2023,task_language,lb,1,375,1,376,0.0026666666666666666,10,365,1,0.0027397260273972603
jan_aug,2023,task_language,lg,1,375,1,376,0.0026666666666666666,10,365,1,0.0027397260273972603
jan_aug,2023,task_language,liv,0,375,1,376,0.0,10,365,0,0.0
jan_aug,2023,task_language,ljp,0,375,1,376,0.0,10,365,0,0.0
jan_aug,2023,task_language,ln,1,375,1,376,0.0026666666666666666,10,365,1,0.0027397260273972603
jan_aug,2023,task_language,lo,2,375,1,376,0.005333333333333333,10,365,2,0.005479452054794521
jan_aug,2023,task_language,lt,2,375,1,376,0.005333333333333333,10,365,2,0.005479452054794521
jan_aug,2023,task_language,luo,1,375,1,376,0.0026666666666666666,10,365,1,0.0027397260273972603
jan_aug,2023,task_language,lus,0,375,1,376,0.0,10,365,0,0.0
jan_aug,2023,task_language,lv,2,375,1,376,0.005333333333333333,10,365,2,0.005479452054794521
jan_aug,2023,task_language,lzh,0,375,1,376,0.0,10,365,0,0.0
jan_aug,2023,task_language,mad,0,375,1,376,0.0,10,365,0,0.0
jan_aug,2023,task_language,mag,0,375,1,376,0.0,10,365,0,0.0
jan_aug,2023,task_language,mai,0,375,1,376,0.0,10,365,0,0.0
jan_aug,2023,task_language,mak,0,375,1,376,0.0,10,365,0,0.0
jan_aug,2023,task_language,mg,2,375,1,376,0.005333333333333333,10,365,2,0.005479452054794521
jan_aug,2023,task_language,mi,1,375,1,376,0.0026666666666666666,10,365,1,0.0027397260273972603
jan_aug,2023,task_language,min,0,375,1,376,0.0,10,365,0,0.0
jan_aug,2023,task_language,mk,2,375,1,376,0.005333333333333333,10,365,2,0.005479452054794521
jan_aug,2023,task_language,ml,4,375,1,376,0.010666666666666666,10,365,4,0.010958904109589041
jan_aug,2023,task_language,mn,2,375,1,376,0.005333333333333333,10,365,2,0.005479452054794521
jan_aug,2023,task_language,mni,0,375,1,376,0.0,10,365,0,0.0
jan_aug,2023,task_language,mr,3,375,1,376,0.008,10,365,3,0.00821917808219178
jan_aug,2023,task_language,ms,2,375,1,376,0.005333333333333333,10,365,2,0.005479452054794521
jan_aug,2023,task_language,mt,2,375,1,376,0.005333333333333333,10,365,2,0.005479452054794521
jan_aug,2023,task_language,mui,0,375,1,376,0.0,10,365,0,0.0
jan_aug,2023,task_language,multilingual_unspecified,3,375,1,376,0.008,10,365,0,0.0
jan_aug,2023,task_language,mup,0,375,1,376,0.0,10,365,0,0.0
jan_aug,2023,task_language,mwr,0,375,1,376,0.0,10,365,0,0.0
jan_aug,2023,task_language,my,2,375,1,376,0.005333333333333333,10,365,2,0.005479452054794521
jan_aug,2023,task_language,nan,0,375,1,376,0.0,10,365,0,0.0
jan_aug,2023,task_language,nb,0,375,1,376,0.0,10,365,0,0.0
jan_aug,2023,task_language,nds,0,375,1,376,0.0,10,365,0,0.0
jan_aug,2023,task_language,ne,3,375,1,376,0.008,10,365,3,0.00821917808219178
jan_aug,2023,task_language,nij,0,375,1,376,0.0,10,365,0,0.0
jan_aug,2023,task_language,nl,5,375,1,376,0.013333333333333334,10,365,5,0.0136986301369863
jan_aug,2023,task_language,nn,0,375,1,376,0.0,10,365,0,0.0
jan_aug,2023,task_language,no,1,375,1,376,0.0026666666666666666,10,365,1,0.0027397260273972603
jan_aug,2023,task_language,nod,0,375,1,376,0.0,10,365,0,0.0
jan_aug,2023,task_language,not_applicable,7,375,1,376,0.018666666666666668,10,365,0,0.0
jan_aug,2023,task_language,nso,1,375,1,376,0.0026666666666666666,10,365,1,0.0027397260273972603
jan_aug,2023,task_language,ny,1,375,1,376,0.0026666666666666666,10,365,1,0.0027397260273972603
jan_aug,2023,task_language,nyf,0,375,1,376,0.0,10,365,0,0.0
jan_aug,2023,task_language,oc,1,375,1,376,0.0026666666666666666,10,365,1,0.0027397260273972603
jan_aug,2023,task_language,om,1,375,1,376,0.0026666666666666666,10,365,1,0.0027397260273972603
jan_aug,2023,task_language,or,2,375,1,376,0.005333333333333333,10,365,2,0.005479452054794521
jan_aug,2023,task_language,pa,3,375,1,376,0.008,10,365,3,0.00821917808219178
jan_aug,2023,task_language,pap,0,375,1,376,0.0,10,365,0,0.0
jan_aug,2023,task_language,pcm,1,375,1,376,0.0026666666666666666,10,365,1,0.0027397260273972603
jan_aug,2023,task_language,pfl,0,375,1,376,0.0,10,365,0,0.0
jan_aug,2023,task_language,pi,0,375,1,376,0.0,10,365,0,0.0
jan_aug,2023,task_language,pl,3,375,1,376,0.008,10,365,3,0.00821917808219178
jan_aug,2023,task_language,pms,0,375,1,376,0.0,10,365,0,0.0
jan_aug,2023,task_language,ps,1,375,1,376,0.0026666666666666666,10,365,1,0.0027397260273972603
jan_aug,2023,task_language,pt,8,375,1,376,0.021333333333333333,10,365,8,0.021917808219178082
jan_aug,2023,task_language,qu,1,375,1,376,0.0026666666666666666,10,365,1,0.0027397260273972603
jan_aug,2023,task_language,raj,0,375,1,376,0.0,10,365,0,0.0
jan_aug,2023,task_language,rkt,0,375,1,376,0.0,10,365,0,0.0
jan_aug,2023,task_language,rm,0,375,1,376,0.0,10,365,0,0.0
jan_aug,2023,task_language,rn,0,375,1,376,0.0,10,365,0,0.0
jan_aug,2023,task_language,ro,4,375,1,376,0.010666666666666666,10,365,4,0.010958904109589041
jan_aug,2023,task_language,ru,10,375,1,376,0.02666666666666667,10,365,10,0.0273972602739726
jan_aug,2023,task_language,rw,1,375,1,376,0.0026666666666666666,10,365,1,0.0027397260273972603
jan_aug,2023,task_language,sa,1,375,1,376,0.0026666666666666666,10,365,1,0.0027397260273972603
jan_aug,2023,task_language,sas,0,375,1,376,0.0,10,365,0,0.0
jan_aug,2023,task_language,sat,0,375,1,376,0.0,10,365,0,0.0
jan_aug,2023,task_language,sd,1,375,1,376,0.0026666666666666666,10,365,1,0.0027397260273972603
jan_aug,2023,task_language,sgc,0,375,1,376,0.0,10,365,0,0.0
jan_aug,2023,task_language,si,1,375,1,376,0.0026666666666666666,10,365,1,0.0027397260273972603
jan_aug,2023,task_language,sk,3,375,1,376,0.008,10,365,3,0.00821917808219178
jan_aug,2023,task_language,sl,3,375,1,376,0.008,10,365,3,0.00821917808219178
jan_aug,2023,task_language,sm,0,375,1,376,0.0,10,365,0,0.0
jan_aug,2023,task_language,sn,2,375,1,376,0.005333333333333333,10,365,2,0.005479452054794521
jan_aug,2023,task_language,so,2,375,1,376,0.005333333333333333,10,365,2,0.005479452054794521
jan_aug,2023,task_language,sq,2,375,1,376,0.005333333333333333,10,365,2,0.005479452054794521
jan_aug,2023,task_language,sr,2,375,1,376,0.005333333333333333,10,365,2,0.005479452054794521
jan_aug,2023,task_language,sso,0,375,1,376,0.0,10,365,0,0.0
jan_aug,2023,task_language,st,0,375,1,376,0.0,10,365,0,0.0
jan_aug,2023,task_language,stq,0,375,1,376,0.0,10,365,0,0.0
jan_aug,2023,task_language,su,0,375,1,376,0.0,10,365,0,0.0
jan_aug,2023,task_language,sv,1,375,1,376,0.0026666666666666666,10,365,1,0.0027397260273972603
jan_aug,2023,task_language,sw,4,375,1,376,0.010666666666666666,10,365,4,0.010958904109589041
jan_aug,2023,task_language,syl,0,375,1,376,0.0,10,365,0,0.0
jan_aug,2023,task_language,ta,5,375,1,376,0.013333333333333334,10,365,5,0.0136986301369863
jan_aug,2023,task_language,te,5,375,1,376,0.013333333333333334,10,365,5,0.0136986301369863
jan_aug,2023,task_language,teo,0,375,1,376,0.0,10,365,0,0.0
jan_aug,2023,task_language,tg,2,375,1,376,0.005333333333333333,10,365,2,0.005479452054794521
jan_aug,2023,task_language,th,5,375,1,376,0.013333333333333334,10,365,5,0.0136986301369863
jan_aug,2023,task_language,ti,1,375,1,376,0.0026666666666666666,10,365,1,0.0027397260273972603
jan_aug,2023,task_language,tk,0,375,1,376,0.0,10,365,0,0.0
jan_aug,2023,task_language,tl,1,375,1,376,0.0026666666666666666,10,365,1,0.0027397260273972603
jan_aug,2023,task_language,tn,1,375,1,376,0.0026666666666666666,10,365,1,0.0027397260273972603
jan_aug,2023,task_language,to,0,375,1,376,0.0,10,365,0,0.0
jan_aug,2023,task_language,tpi,0,375,1,376,0.0,10,365,0,0.0
jan_aug,2023,task_language,tr,6,375,1,376,0.016,10,365,6,0.01643835616438356
jan_aug,2023,task_language,ts,0,375,1,376,0.0,10,365,0,0.0
jan_aug,2023,task_language,tt,0,375,1,376,0.0,10,365,0,0.0
jan_aug,2023,task_language,tts,0,375,1,376,0.0,10,365,0,0.0
jan_aug,2023,task_language,tw,1,375,1,376,0.0026666666666666666,10,365,1,0.0027397260273972603
jan_aug,2023,task_language,ty,0,375,1,376,0.0,10,365,0,0.0
jan_aug,2023,task_language,tzm,0,375,1,376,0.0,10,365,0,0.0
jan_aug,2023,task_language,ug,1,375,1,376,0.0026666666666666666,10,365,1,0.0027397260273972603
jan_aug,2023,task_language,uk,4,375,1,376,0.010666666666666666,10,365,4,0.010958904109589041
jan_aug,2023,task_language,umb,1,375,1,376,0.0026666666666666666,10,365,1,0.0027397260273972603
jan_aug,2023,task_language,unclear,0,375,1,376,0.0,10,365,0,0.0
jan_aug,2023,task_language,ur,4,375,1,376,0.010666666666666666,10,365,4,0.010958904109589041
jan_aug,2023,task_language,uz,2,375,1,376,0.005333333333333333,10,365,2,0.005479452054794521
jan_aug,2023,task_language,vi,6,375,1,376,0.016,10,365,6,0.01643835616438356
jan_aug,2023,task_language,vro,0,375,1,376,0.0,10,365,0,0.0
jan_aug,2023,task_language,wad,0,375,1,376,0.0,10,365,0,0.0
jan_aug,2023,task_language,wo,1,375,1,376,0.0026666666666666666,10,365,1,0.0027397260273972603
jan_aug,2023,task_language,wuu,0,375,1,376,0.0,10,365,0,0.0
jan_aug,2023,task_language,xh,1,375,1,376,0.0026666666666666666,10,365,1,0.0027397260273972603
jan_aug,2023,task_language,yi,1,375,1,376,0.0026666666666666666,10,365,1,0.0027397260273972603
jan_aug,2023,task_language,yo,2,375,1,376,0.005333333333333333,10,365,2,0.005479452054794521
jan_aug,2023,task_language,yue,1,375,1,376,0.0026666666666666666,10,365,1,0.0027397260273972603
jan_aug,2023,task_language,za,0,375,1,376,0.0,10,365,0,0.0
jan_aug,2023,task_language,zh,63,375,1,376,0.168,10,365,63,0.1726027397260274
jan_aug,2023,task_language,zu,1,375,1,376,0.0026666666666666666,10,365,1,0.0027397260273972603
jan_aug,2024,target_system,agent_or_tool_system,152,1683,0,1683,0.0903149138443256,0,1683,152,0.0903149138443256
jan_aug,2024,target_system,answering_model,1561,1683,0,1683,0.9275103980986333,0,1683,1561,0.9275103980986333
jan_aug,2024,target_system,embodied_system,19,1683,0,1683,0.0112893642305407,0,1683,19,0.0112893642305407
jan_aug,2024,evaluation_domain,cybersecurity,51,1683,0,1683,0.030303030303030304,0,1683,51,0.030303030303030304
jan_aug,2024,evaluation_domain,education,35,1683,0,1683,0.020796197266785502,0,1683,35,0.020796197266785502
jan_aug,2024,evaluation_domain,engineering,61,1683,0,1683,0.036244800950683304,0,1683,61,0.036244800950683304
jan_aug,2024,evaluation_domain,finance_and_business,102,1683,0,1683,0.06060606060606061,0,1683,102,0.06060606060606061
jan_aug,2024,evaluation_domain,general_or_cross_domain,792,1683,0,1683,0.47058823529411764,0,1683,792,0.47058823529411764
jan_aug,2024,evaluation_domain,healthcare_biomedicine,174,1683,0,1683,0.10338680926916222,0,1683,174,0.10338680926916222
jan_aug,2024,evaluation_domain,language_and_communication,334,1683,0,1683,0.1984551396316102,0,1683,334,0.1984551396316102
jan_aug,2024,evaluation_domain,law_and_public_policy,46,1683,0,1683,0.027332144979203804,0,1683,46,0.027332144979203804
jan_aug,2024,evaluation_domain,mathematics_and_formal_reasoning,210,1683,0,1683,0.12477718360071301,0,1683,210,0.12477718360071301
jan_aug,2024,evaluation_domain,natural_sciences,121,1683,0,1683,0.0718954248366013,0,1683,121,0.0718954248366013
jan_aug,2024,evaluation_domain,other,41,1683,0,1683,0.0243612596553773,0,1683,41,0.0243612596553773
jan_aug,2024,evaluation_domain,social_sciences_and_humanities,191,1683,0,1683,0.11348781937017231,0,1683,191,0.11348781937017231
jan_aug,2024,evaluation_domain,software_and_coding,270,1683,0,1683,0.16042780748663102,0,1683,270,0.16042780748663102
jan_aug,2024,evaluation_setup,fixed_items,1611,1683,0,1683,0.9572192513368984,0,1683,1611,0.9572192513368984
jan_aug,2024,evaluation_setup,interactive_loop,160,1683,0,1683,0.09506833036244801,0,1683,160,0.09506833036244801
jan_aug,2024,evaluation_setup,runtime_generated_items,112,1683,0,1683,0.06654783125371361,0,1683,112,0.06654783125371361
jan_aug,2024,modality,audio,33,1683,0,1683,0.0196078431372549,0,1683,33,0.0196078431372549
jan_aug,2024,modality,code,262,1683,0,1683,0.1556743909685086,0,1683,262,0.1556743909685086
jan_aug,2024,modality,image,415,1683,0,1683,0.24658348187759951,0,1683,415,0.24658348187759951
jan_aug,2024,modality,structured_data,191,1683,0,1683,0.11348781937017231,0,1683,191,0.11348781937017231
jan_aug,2024,modality,text,1667,1683,0,1683,0.9904931669637552,0,1683,1667,0.9904931669637552
jan_aug,2024,modality,video,66,1683,0,1683,0.0392156862745098,0,1683,66,0.0392156862745098
jan_aug,2024,material_origin,generative_model,833,1683,0,1683,0.494949494949495,1,1682,833,0.495243757431629
jan_aug,2024,material_origin,human_or_real_world,1452,1683,0,1683,0.8627450980392157,1,1682,1452,0.8632580261593341
jan_aug,2024,material_origin,not_reported,1,1683,0,1683,0.0005941770647653001,1,1682,0,0.0
jan_aug,2024,material_origin,program_or_simulation,421,1683,0,1683,0.2501485442661913,1,1682,421,0.2502972651605232
jan_aug,2024,material_origin,unclear,0,1683,0,1683,0.0,1,1682,0,0.0
jan_aug,2024,scoring_source,execution_or_environment,284,1681,2,1683,0.16894705532421178,2,1679,284,0.16914830256104824
jan_aug,2024,scoring_source,human_judge,165,1681,2,1683,0.09815585960737656,2,1679,165,0.09827278141751042
jan_aug,2024,scoring_source,llm_judge,433,1681,2,1683,0.2575847709696609,2,1679,433,0.2578916021441334
jan_aug,2024,scoring_source,other_model_judge,181,1681,2,1683,0.10767400356930398,2,1679,181,0.10780226325193568
jan_aug,2024,scoring_source,reference_or_metric,1221,1681,2,1683,0.7263533610945866,2,1679,1221,0.7272185824895772
jan_aug,2024,scoring_source,unclear,2,1681,2,1683,0.001189767995240928,2,1679,0,0.0
jan_aug,2024,task_language,aa,1,1677,6,1683,0.0005963029218843172,19,1658,1,0.0006031363088057901
jan_aug,2024,task_language,abl,0,1677,6,1683,0.0,19,1658,0,0.0
jan_aug,2024,task_language,abs,0,1677,6,1683,0.0,19,1658,0,0.0
jan_aug,2024,task_language,ace,0,1677,6,1683,0.0,19,1658,0,0.0
jan_aug,2024,task_language,acm,0,1677,6,1683,0.0,19,1658,0,0.0
jan_aug,2024,task_language,acq,0,1677,6,1683,0.0,19,1658,0,0.0
jan_aug,2024,task_language,ado,0,1677,6,1683,0.0,19,1658,0,0.0
jan_aug,2024,task_language,aeb,0,1677,6,1683,0.0,19,1658,0,0.0
jan_aug,2024,task_language,af,5,1677,6,1683,0.0029815146094215863,19,1658,5,0.0030156815440289505
jan_aug,2024,task_language,afb,0,1677,6,1683,0.0,19,1658,0,0.0
jan_aug,2024,task_language,ak,1,1677,6,1683,0.0005963029218843172,19,1658,1,0.0006031363088057901
jan_aug,2024,task_language,als,0,1677,6,1683,0.0,19,1658,0,0.0
jan_aug,2024,task_language,am,4,1677,6,1683,0.002385211687537269,19,1658,4,0.0024125452352231603
jan_aug,2024,task_language,anp,0,1677,6,1683,0.0,19,1658,0,0.0
jan_aug,2024,task_language,aoz,0,1677,6,1683,0.0,19,1658,0,0.0
jan_aug,2024,task_language,apc,0,1677,6,1683,0.0,19,1658,0,0.0
jan_aug,2024,task_language,ar,42,1677,6,1683,0.025044722719141325,19,1658,40,0.024125452352231604
jan_aug,2024,task_language,arq,0,1677,6,1683,0.0,19,1658,0,0.0
jan_aug,2024,task_language,ary,0,1677,6,1683,0.0,19,1658,0,0.0
jan_aug,2024,task_language,arz,0,1677,6,1683,0.0,19,1658,0,0.0
jan_aug,2024,task_language,as,5,1677,6,1683,0.0029815146094215863,19,1658,5,0.0030156815440289505
jan_aug,2024,task_language,ase,0,1677,6,1683,0.0,19,1658,0,0.0
jan_aug,2024,task_language,ast,0,1677,6,1683,0.0,19,1658,0,0.0
jan_aug,2024,task_language,awa,1,1677,6,1683,0.0005963029218843172,19,1658,1,0.0006031363088057901
jan_aug,2024,task_language,ay,1,1677,6,1683,0.0005963029218843172,19,1658,1,0.0006031363088057901
jan_aug,2024,task_language,az,5,1677,6,1683,0.0029815146094215863,19,1658,5,0.0030156815440289505
jan_aug,2024,task_language,bal,1,1677,6,1683,0.0005963029218843172,19,1658,1,0.0006031363088057901
jan_aug,2024,task_language,ban,0,1677,6,1683,0.0,19,1658,0,0.0
jan_aug,2024,task_language,bar,0,1677,6,1683,0.0,19,1658,0,0.0
jan_aug,2024,task_language,bbc,0,1677,6,1683,0.0,19,1658,0,0.0
jan_aug,2024,task_language,bbj,0,1677,6,1683,0.0,19,1658,0,0.0
jan_aug,2024,task_language,be,4,1677,6,1683,0.002385211687537269,19,1658,4,0.0024125452352231603
jan_aug,2024,task_language,bew,0,1677,6,1683,0.0,19,1658,0,0.0
jan_aug,2024,task_language,bfy,0,1677,6,1683,0.0,19,1658,0,0.0
jan_aug,2024,task_language,bg,8,1677,6,1683,0.004770423375074538,19,1658,8,0.0048250904704463205
jan_aug,2024,task_language,bgc,1,1677,6,1683,0.0005963029218843172,19,1658,1,0.0006031363088057901
jan_aug,2024,task_language,bho,2,1677,6,1683,0.0011926058437686344,19,1658,2,0.0012062726176115801
jan_aug,2024,task_language,bjn,0,1677,6,1683,0.0,19,1658,0,0.0
jan_aug,2024,task_language,bm,1,1677,6,1683,0.0005963029218843172,19,1658,1,0.0006031363088057901
jan_aug,2024,task_language,bn,18,1677,6,1683,0.01073345259391771,19,1658,17,0.010253317249698432
jan_aug,2024,task_language,bns,0,1677,6,1683,0.0,19,1658,0,0.0
jan_aug,2024,task_language,bo,1,1677,6,1683,0.0005963029218843172,19,1658,1,0.0006031363088057901
jan_aug,2024,task_language,br,0,1677,6,1683,0.0,19,1658,0,0.0
jan_aug,2024,task_language,bra,0,1677,6,1683,0.0,19,1658,0,0.0
jan_aug,2024,task_language,brx,1,1677,6,1683,0.0005963029218843172,19,1658,1,0.0006031363088057901
jan_aug,2024,task_language,bs,2,1677,6,1683,0.0011926058437686344,19,1658,2,0.0012062726176115801
jan_aug,2024,task_language,bug,0,1677,6,1683,0.0,19,1658,0,0.0
jan_aug,2024,task_language,ca,4,1677,6,1683,0.002385211687537269,19,1658,4,0.0024125452352231603
jan_aug,2024,task_language,ceb,3,1677,6,1683,0.0017889087656529517,19,1658,3,0.0018094089264173703
jan_aug,2024,task_language,ckb,1,1677,6,1683,0.0005963029218843172,19,1658,1,0.0006031363088057901
jan_aug,2024,task_language,co,2,1677,6,1683,0.0011926058437686344,19,1658,2,0.0012062726176115801
jan_aug,2024,task_language,crh,0,1677,6,1683,0.0,19,1658,0,0.0
jan_aug,2024,task_language,cs,5,1677,6,1683,0.0029815146094215863,19,1658,5,0.0030156815440289505
jan_aug,2024,task_language,ctg,0,1677,6,1683,0.0,19,1658,0,0.0
jan_aug,2024,task_language,cv,0,1677,6,1683,0.0,19,1658,0,0.0
jan_aug,2024,task_language,cy,3,1677,6,1683,0.0017889087656529517,19,1658,3,0.0018094089264173703
jan_aug,2024,task_language,da,5,1677,6,1683,0.0029815146094215863,19,1658,5,0.0030156815440289505
jan_aug,2024,task_language,dag,0,1677,6,1683,0.0,19,1658,0,0.0
jan_aug,2024,task_language,de,45,1677,6,1683,0.026833631484794274,19,1658,43,0.025934861278648975
jan_aug,2024,task_language,doi,1,1677,6,1683,0.0005963029218843172,19,1658,1,0.0006031363088057901
jan_aug,2024,task_language,dsb,0,1677,6,1683,0.0,19,1658,0,0.0
jan_aug,2024,task_language,dv,1,1677,6,1683,0.0005963029218843172,19,1658,1,0.0006031363088057901
jan_aug,2024,task_language,dz,0,1677,6,1683,0.0,19,1658,0,0.0
jan_aug,2024,task_language,ee,1,1677,6,1683,0.0005963029218843172,19,1658,1,0.0006031363088057901
jan_aug,2024,task_language,el,8,1677,6,1683,0.004770423375074538,19,1658,8,0.0048250904704463205
jan_aug,2024,task_language,en,1548,1677,6,1683,0.9230769230769231,19,1658,1537,0.9270205066344994
jan_aug,2024,task_language,eo,3,1677,6,1683,0.0017889087656529517,19,1658,3,0.0018094089264173703
jan_aug,2024,task_language,es,54,1677,6,1683,0.03220035778175313,19,1658,53,0.031966224366706875
jan_aug,2024,task_language,et,4,1677,6,1683,0.002385211687537269,19,1658,4,0.0024125452352231603
jan_aug,2024,task_language,eu,6,1677,6,1683,0.0035778175313059034,19,1658,6,0.0036188178528347406
jan_aug,2024,task_language,fa,11,1677,6,1683,0.00655933214072749,19,1658,11,0.0066344993968636915
jan_aug,2024,task_language,ff,0,1677,6,1683,0.0,19,1658,0,0.0
jan_aug,2024,task_language,fi,5,1677,6,1683,0.0029815146094215863,19,1658,5,0.0030156815440289505
jan_aug,2024,task_language,fil,4,1677,6,1683,0.002385211687537269,19,1658,4,0.0024125452352231603
jan_aug,2024,task_language,fj,1,1677,6,1683,0.0005963029218843172,19,1658,1,0.0006031363088057901
jan_aug,2024,task_language,fo,1,1677,6,1683,0.0005963029218843172,19,1658,1,0.0006031363088057901
jan_aug,2024,task_language,fr,61,1677,6,1683,0.03637447823494335,19,1658,59,0.03558504221954162
jan_aug,2024,task_language,frr,0,1677,6,1683,0.0,19,1658,0,0.0
jan_aug,2024,task_language,fy,2,1677,6,1683,0.0011926058437686344,19,1658,2,0.0012062726176115801
jan_aug,2024,task_language,ga,4,1677,6,1683,0.002385211687537269,19,1658,4,0.0024125452352231603
jan_aug,2024,task_language,gaa,0,1677,6,1683,0.0,19,1658,0,0.0
jan_aug,2024,task_language,gbm,1,1677,6,1683,0.0005963029218843172,19,1658,1,0.0006031363088057901
jan_aug,2024,task_language,gd,2,1677,6,1683,0.0011926058437686344,19,1658,2,0.0012062726176115801
jan_aug,2024,task_language,gl,3,1677,6,1683,0.0017889087656529517,19,1658,3,0.0018094089264173703
jan_aug,2024,task_language,gn,1,1677,6,1683,0.0005963029218843172,19,1658,1,0.0006031363088057901
jan_aug,2024,task_language,gom,2,1677,6,1683,0.0011926058437686344,19,1658,2,0.0012062726176115801
jan_aug,2024,task_language,gor,0,1677,6,1683,0.0,19,1658,0,0.0
jan_aug,2024,task_language,grc,0,1677,6,1683,0.0,19,1658,0,0.0
jan_aug,2024,task_language,gu,4,1677,6,1683,0.002385211687537269,19,1658,4,0.0024125452352231603
jan_aug,2024,task_language,ha,3,1677,6,1683,0.0017889087656529517,19,1658,3,0.0018094089264173703
jan_aug,2024,task_language,haw,2,1677,6,1683,0.0011926058437686344,19,1658,2,0.0012062726176115801
jan_aug,2024,task_language,he,13,1677,6,1683,0.007751937984496124,19,1658,13,0.007840772014475271
jan_aug,2024,task_language,hi,27,1677,6,1683,0.016100178890876567,19,1658,27,0.016284680337756333
jan_aug,2024,task_language,hil,1,1677,6,1683,0.0005963029218843172,19,1658,1,0.0006031363088057901
jan_aug,2024,task_language,hmn,2,1677,6,1683,0.0011926058437686344,19,1658,2,0.0012062726176115801
jan_aug,2024,task_language,hne,1,1677,6,1683,0.0005963029218843172,19,1658,1,0.0006031363088057901
jan_aug,2024,task_language,hoj,1,1677,6,1683,0.0005963029218843172,19,1658,1,0.0006031363088057901
jan_aug,2024,task_language,hr,4,1677,6,1683,0.002385211687537269,19,1658,4,0.0024125452352231603
jan_aug,2024,task_language,hsb,0,1677,6,1683,0.0,19,1658,0,0.0
jan_aug,2024,task_language,ht,2,1677,6,1683,0.0011926058437686344,19,1658,2,0.0012062726176115801
jan_aug,2024,task_language,hu,9,1677,6,1683,0.005366726296958855,19,1658,9,0.005428226779252111
jan_aug,2024,task_language,hy,5,1677,6,1683,0.0029815146094215863,19,1658,5,0.0030156815440289505
jan_aug,2024,task_language,iba,0,1677,6,1683,0.0,19,1658,0,0.0
jan_aug,2024,task_language,id,13,1677,6,1683,0.007751937984496124,19,1658,13,0.007840772014475271
jan_aug,2024,task_language,ida,0,1677,6,1683,0.0,19,1658,0,0.0
jan_aug,2024,task_language,ig,2,1677,6,1683,0.0011926058437686344,19,1658,2,0.0012062726176115801
jan_aug,2024,task_language,igb,0,1677,6,1683,0.0,19,1658,0,0.0
jan_aug,2024,task_language,ilo,1,1677,6,1683,0.0005963029218843172,19,1658,1,0.0006031363088057901
jan_aug,2024,task_language,is,5,1677,6,1683,0.0029815146094215863,19,1658,5,0.0030156815440289505
jan_aug,2024,task_language,it,29,1677,6,1683,0.0172927847346452,19,1658,29,0.017490952955367914
jan_aug,2024,task_language,ja,43,1677,6,1683,0.02564102564102564,19,1658,42,0.025331724969843185
jan_aug,2024,task_language,jax,0,1677,6,1683,0.0,19,1658,0,0.0
jan_aug,2024,task_language,jbo,0,1677,6,1683,0.0,19,1658,0,0.0
jan_aug,2024,task_language,jv,3,1677,6,1683,0.0017889087656529517,19,1658,3,0.0018094089264173703
jan_aug,2024,task_language,ka,4,1677,6,1683,0.002385211687537269,19,1658,4,0.0024125452352231603
jan_aug,2024,task_language,kaa,0,1677,6,1683,0.0,19,1658,0,0.0
jan_aug,2024,task_language,kam,0,1677,6,1683,0.0,19,1658,0,0.0
jan_aug,2024,task_language,kea,0,1677,6,1683,0.0,19,1658,0,0.0
jan_aug,2024,task_language,kgv,0,1677,6,1683,0.0,19,1658,0,0.0
jan_aug,2024,task_language,khg,0,1677,6,1683,0.0,19,1658,0,0.0
jan_aug,2024,task_language,ki,0,1677,6,1683,0.0,19,1658,0,0.0
jan_aug,2024,task_language,kk,5,1677,6,1683,0.0029815146094215863,19,1658,5,0.0030156815440289505
jan_aug,2024,task_language,km,2,1677,6,1683,0.0011926058437686344,19,1658,2,0.0012062726176115801
jan_aug,2024,task_language,kn,4,1677,6,1683,0.002385211687537269,19,1658,4,0.0024125452352231603
jan_aug,2024,task_language,ko,30,1677,6,1683,0.017889087656529516,19,1658,30,0.018094089264173704
jan_aug,2024,task_language,koi,0,1677,6,1683,0.0,19,1658,0,0.0
jan_aug,2024,task_language,kok,0,1677,6,1683,0.0,19,1658,0,0.0
jan_aug,2024,task_language,kpv,0,1677,6,1683,0.0,19,1658,0,0.0
jan_aug,2024,task_language,kri,1,1677,6,1683,0.0005963029218843172,19,1658,1,0.0006031363088057901
jan_aug,2024,task_language,ksh,0,1677,6,1683,0.0,19,1658,0,0.0
jan_aug,2024,task_language,ku,2,1677,6,1683,0.0011926058437686344,19,1658,2,0.0012062726176115801
jan_aug,2024,task_language,ky,3,1677,6,1683,0.0017889087656529517,19,1658,3,0.0018094089264173703
jan_aug,2024,task_language,la,3,1677,6,1683,0.0017889087656529517,19,1658,3,0.0018094089264173703
jan_aug,2024,task_language,lb,2,1677,6,1683,0.0011926058437686344,19,1658,2,0.0012062726176115801
jan_aug,2024,task_language,lg,1,1677,6,1683,0.0005963029218843172,19,1658,1,0.0006031363088057901
jan_aug,2024,task_language,liv,0,1677,6,1683,0.0,19,1658,0,0.0
jan_aug,2024,task_language,ljp,0,1677,6,1683,0.0,19,1658,0,0.0
jan_aug,2024,task_language,ln,1,1677,6,1683,0.0005963029218843172,19,1658,1,0.0006031363088057901
jan_aug,2024,task_language,lo,2,1677,6,1683,0.0011926058437686344,19,1658,2,0.0012062726176115801
jan_aug,2024,task_language,lt,4,1677,6,1683,0.002385211687537269,19,1658,4,0.0024125452352231603
jan_aug,2024,task_language,luo,0,1677,6,1683,0.0,19,1658,0,0.0
jan_aug,2024,task_language,lus,1,1677,6,1683,0.0005963029218843172,19,1658,1,0.0006031363088057901
jan_aug,2024,task_language,lv,3,1677,6,1683,0.0017889087656529517,19,1658,3,0.0018094089264173703
jan_aug,2024,task_language,lzh,0,1677,6,1683,0.0,19,1658,0,0.0
jan_aug,2024,task_language,mad,0,1677,6,1683,0.0,19,1658,0,0.0
jan_aug,2024,task_language,mag,0,1677,6,1683,0.0,19,1658,0,0.0
jan_aug,2024,task_language,mai,2,1677,6,1683,0.0011926058437686344,19,1658,2,0.0012062726176115801
jan_aug,2024,task_language,mak,0,1677,6,1683,0.0,19,1658,0,0.0
jan_aug,2024,task_language,mg,2,1677,6,1683,0.0011926058437686344,19,1658,2,0.0012062726176115801
jan_aug,2024,task_language,mi,2,1677,6,1683,0.0011926058437686344,19,1658,2,0.0012062726176115801
jan_aug,2024,task_language,min,0,1677,6,1683,0.0,19,1658,0,0.0
jan_aug,2024,task_language,mk,2,1677,6,1683,0.0011926058437686344,19,1658,2,0.0012062726176115801
jan_aug,2024,task_language,ml,5,1677,6,1683,0.0029815146094215863,19,1658,5,0.0030156815440289505
jan_aug,2024,task_language,mn,3,1677,6,1683,0.0017889087656529517,19,1658,3,0.0018094089264173703
jan_aug,2024,task_language,mni,2,1677,6,1683,0.0011926058437686344,19,1658,2,0.0012062726176115801
jan_aug,2024,task_language,mr,6,1677,6,1683,0.0035778175313059034,19,1658,6,0.0036188178528347406
jan_aug,2024,task_language,ms,6,1677,6,1683,0.0035778175313059034,19,1658,6,0.0036188178528347406
jan_aug,2024,task_language,mt,2,1677,6,1683,0.0011926058437686344,19,1658,2,0.0012062726176115801
jan_aug,2024,task_language,mui,0,1677,6,1683,0.0,19,1658,0,0.0
jan_aug,2024,task_language,multilingual_unspecified,11,1677,6,1683,0.00655933214072749,19,1658,0,0.0
jan_aug,2024,task_language,mup,1,1677,6,1683,0.0005963029218843172,19,1658,1,0.0006031363088057901
jan_aug,2024,task_language,mwr,1,1677,6,1683,0.0005963029218843172,19,1658,1,0.0006031363088057901
jan_aug,2024,task_language,my,2,1677,6,1683,0.0011926058437686344,19,1658,2,0.0012062726176115801
jan_aug,2024,task_language,nan,0,1677,6,1683,0.0,19,1658,0,0.0
jan_aug,2024,task_language,nb,0,1677,6,1683,0.0,19,1658,0,0.0
jan_aug,2024,task_language,nds,0,1677,6,1683,0.0,19,1658,0,0.0
jan_aug,2024,task_language,ne,4,1677,6,1683,0.002385211687537269,19,1658,4,0.0024125452352231603
jan_aug,2024,task_language,nij,0,1677,6,1683,0.0,19,1658,0,0.0
jan_aug,2024,task_language,nl,14,1677,6,1683,0.008348240906380441,19,1658,13,0.007840772014475271
jan_aug,2024,task_language,nn,0,1677,6,1683,0.0,19,1658,0,0.0
jan_aug,2024,task_language,no,3,1677,6,1683,0.0017889087656529517,19,1658,3,0.0018094089264173703
jan_aug,2024,task_language,nod,0,1677,6,1683,0.0,19,1658,0,0.0
jan_aug,2024,task_language,not_applicable,2,1677,6,1683,0.0011926058437686344,19,1658,0,0.0
jan_aug,2024,task_language,nso,1,1677,6,1683,0.0005963029218843172,19,1658,1,0.0006031363088057901
jan_aug,2024,task_language,ny,2,1677,6,1683,0.0011926058437686344,19,1658,2,0.0012062726176115801
jan_aug,2024,task_language,nyf,0,1677,6,1683,0.0,19,1658,0,0.0
jan_aug,2024,task_language,oc,0,1677,6,1683,0.0,19,1658,0,0.0
jan_aug,2024,task_language,om,1,1677,6,1683,0.0005963029218843172,19,1658,1,0.0006031363088057901
jan_aug,2024,task_language,or,4,1677,6,1683,0.002385211687537269,19,1658,4,0.0024125452352231603
jan_aug,2024,task_language,pa,4,1677,6,1683,0.002385211687537269,19,1658,4,0.0024125452352231603
jan_aug,2024,task_language,pap,1,1677,6,1683,0.0005963029218843172,19,1658,1,0.0006031363088057901
jan_aug,2024,task_language,pcm,0,1677,6,1683,0.0,19,1658,0,0.0
jan_aug,2024,task_language,pfl,0,1677,6,1683,0.0,19,1658,0,0.0
jan_aug,2024,task_language,pi,0,1677,6,1683,0.0,19,1658,0,0.0
jan_aug,2024,task_language,pl,10,1677,6,1683,0.005963029218843173,19,1658,10,0.006031363088057901
jan_aug,2024,task_language,pms,0,1677,6,1683,0.0,19,1658,0,0.0
jan_aug,2024,task_language,ps,4,1677,6,1683,0.002385211687537269,19,1658,4,0.0024125452352231603
jan_aug,2024,task_language,pt,22,1677,6,1683,0.01311866428145498,19,1658,22,0.013268998793727383
jan_aug,2024,task_language,qu,1,1677,6,1683,0.0005963029218843172,19,1658,1,0.0006031363088057901
jan_aug,2024,task_language,raj,0,1677,6,1683,0.0,19,1658,0,0.0
jan_aug,2024,task_language,rkt,0,1677,6,1683,0.0,19,1658,0,0.0
jan_aug,2024,task_language,rm,0,1677,6,1683,0.0,19,1658,0,0.0
jan_aug,2024,task_language,rn,1,1677,6,1683,0.0005963029218843172,19,1658,1,0.0006031363088057901
jan_aug,2024,task_language,ro,8,1677,6,1683,0.004770423375074538,19,1658,8,0.0048250904704463205
jan_aug,2024,task_language,ru,40,1677,6,1683,0.02385211687537269,19,1658,39,0.023522316043425813
jan_aug,2024,task_language,rw,1,1677,6,1683,0.0005963029218843172,19,1658,1,0.0006031363088057901
jan_aug,2024,task_language,sa,2,1677,6,1683,0.0011926058437686344,19,1658,2,0.0012062726176115801
jan_aug,2024,task_language,sas,0,1677,6,1683,0.0,19,1658,0,0.0
jan_aug,2024,task_language,sat,1,1677,6,1683,0.0005963029218843172,19,1658,1,0.0006031363088057901
jan_aug,2024,task_language,sd,2,1677,6,1683,0.0011926058437686344,19,1658,2,0.0012062726176115801
jan_aug,2024,task_language,sgc,0,1677,6,1683,0.0,19,1658,0,0.0
jan_aug,2024,task_language,si,3,1677,6,1683,0.0017889087656529517,19,1658,3,0.0018094089264173703
jan_aug,2024,task_language,sk,3,1677,6,1683,0.0017889087656529517,19,1658,3,0.0018094089264173703
jan_aug,2024,task_language,sl,4,1677,6,1683,0.002385211687537269,19,1658,4,0.0024125452352231603
jan_aug,2024,task_language,sm,3,1677,6,1683,0.0017889087656529517,19,1658,3,0.0018094089264173703
jan_aug,2024,task_language,sn,2,1677,6,1683,0.0011926058437686344,19,1658,2,0.0012062726176115801
jan_aug,2024,task_language,so,2,1677,6,1683,0.0011926058437686344,19,1658,2,0.0012062726176115801
jan_aug,2024,task_language,sq,4,1677,6,1683,0.002385211687537269,19,1658,4,0.0024125452352231603
jan_aug,2024,task_language,sr,7,1677,6,1683,0.0041741204531902205,19,1658,7,0.004221954161640531
jan_aug,2024,task_language,sso,0,1677,6,1683,0.0,19,1658,0,0.0
jan_aug,2024,task_language,st,2,1677,6,1683,0.0011926058437686344,19,1658,2,0.0012062726176115801
jan_aug,2024,task_language,stq,0,1677,6,1683,0.0,19,1658,0,0.0
jan_aug,2024,task_language,su,3,1677,6,1683,0.0017889087656529517,19,1658,3,0.0018094089264173703
jan_aug,2024,task_language,sv,5,1677,6,1683,0.0029815146094215863,19,1658,5,0.0030156815440289505
jan_aug,2024,task_language,sw,8,1677,6,1683,0.004770423375074538,19,1658,8,0.0048250904704463205
jan_aug,2024,task_language,syl,0,1677,6,1683,0.0,19,1658,0,0.0
jan_aug,2024,task_language,ta,7,1677,6,1683,0.0041741204531902205,19,1658,7,0.004221954161640531
jan_aug,2024,task_language,te,7,1677,6,1683,0.0041741204531902205,19,1658,7,0.004221954161640531
jan_aug,2024,task_language,teo,0,1677,6,1683,0.0,19,1658,0,0.0
jan_aug,2024,task_language,tg,3,1677,6,1683,0.0017889087656529517,19,1658,3,0.0018094089264173703
jan_aug,2024,task_language,th,15,1677,6,1683,0.008944543828264758,19,1658,15,0.009047044632086852
jan_aug,2024,task_language,ti,1,1677,6,1683,0.0005963029218843172,19,1658,1,0.0006031363088057901
jan_aug,2024,task_language,tk,3,1677,6,1683,0.0017889087656529517,19,1658,3,0.0018094089264173703
jan_aug,2024,task_language,tl,4,1677,6,1683,0.002385211687537269,19,1658,4,0.0024125452352231603
jan_aug,2024,task_language,tn,2,1677,6,1683,0.0011926058437686344,19,1658,2,0.0012062726176115801
jan_aug,2024,task_language,to,1,1677,6,1683,0.0005963029218843172,19,1658,1,0.0006031363088057901
jan_aug,2024,task_language,tpi,0,1677,6,1683,0.0,19,1658,0,0.0
jan_aug,2024,task_language,tr,20,1677,6,1683,0.011926058437686345,19,1658,20,0.012062726176115802
jan_aug,2024,task_language,ts,1,1677,6,1683,0.0005963029218843172,19,1658,1,0.0006031363088057901
jan_aug,2024,task_language,tt,1,1677,6,1683,0.0005963029218843172,19,1658,1,0.0006031363088057901
jan_aug,2024,task_language,tts,0,1677,6,1683,0.0,19,1658,0,0.0
jan_aug,2024,task_language,tw,0,1677,6,1683,0.0,19,1658,0,0.0
jan_aug,2024,task_language,ty,0,1677,6,1683,0.0,19,1658,0,0.0
jan_aug,2024,task_language,tzm,0,1677,6,1683,0.0,19,1658,0,0.0
jan_aug,2024,task_language,ug,3,1677,6,1683,0.0017889087656529517,19,1658,3,0.0018094089264173703
jan_aug,2024,task_language,uk,4,1677,6,1683,0.002385211687537269,19,1658,4,0.0024125452352231603
jan_aug,2024,task_language,umb,0,1677,6,1683,0.0,19,1658,0,0.0
jan_aug,2024,task_language,unclear,6,1677,6,1683,0.0035778175313059034,19,1658,0,0.0
jan_aug,2024,task_language,ur,8,1677,6,1683,0.004770423375074538,19,1658,8,0.0048250904704463205
jan_aug,2024,task_language,uz,3,1677,6,1683,0.0017889087656529517,19,1658,3,0.0018094089264173703
jan_aug,2024,task_language,vi,16,1677,6,1683,0.009540846750149075,19,1658,16,0.009650180940892641
jan_aug,2024,task_language,vro,0,1677,6,1683,0.0,19,1658,0,0.0
jan_aug,2024,task_language,wad,0,1677,6,1683,0.0,19,1658,0,0.0
jan_aug,2024,task_language,wo,1,1677,6,1683,0.0005963029218843172,19,1658,1,0.0006031363088057901
jan_aug,2024,task_language,wuu,0,1677,6,1683,0.0,19,1658,0,0.0
jan_aug,2024,task_language,xh,2,1677,6,1683,0.0011926058437686344,19,1658,2,0.0012062726176115801
jan_aug,2024,task_language,yi,2,1677,6,1683,0.0011926058437686344,19,1658,2,0.0012062726176115801
jan_aug,2024,task_language,yo,2,1677,6,1683,0.0011926058437686344,19,1658,2,0.0012062726176115801
jan_aug,2024,task_language,yue,1,1677,6,1683,0.0005963029218843172,19,1658,1,0.0006031363088057901
jan_aug,2024,task_language,za,1,1677,6,1683,0.0005963029218843172,19,1658,1,0.0006031363088057901
jan_aug,2024,task_language,zh,226,1677,6,1683,0.1347644603458557,19,1658,223,0.1344993968636912
jan_aug,2024,task_language,zu,2,1677,6,1683,0.0011926058437686344,19,1658,2,0.0012062726176115801
jan_aug,2025,target_system,agent_or_tool_system,428,3284,0,3284,0.13032886723507917,0,3284,428,0.13032886723507917
jan_aug,2025,target_system,answering_model,2928,3284,0,3284,0.8915956151035322,0,3284,2928,0.8915956151035322
jan_aug,2025,target_system,embodied_system,59,3284,0,3284,0.017965895249695493,0,3284,59,0.017965895249695493
jan_aug,2025,evaluation_domain,cybersecurity,130,3284,0,3284,0.03958587088915956,0,3284,130,0.03958587088915956
jan_aug,2025,evaluation_domain,education,71,3284,0,3284,0.021619975639464068,0,3284,71,0.021619975639464068
jan_aug,2025,evaluation_domain,engineering,210,3284,0,3284,0.06394640682095006,0,3284,210,0.06394640682095006
jan_aug,2025,evaluation_domain,finance_and_business,257,3284,0,3284,0.07825822168087698,0,3284,257,0.07825822168087698
jan_aug,2025,evaluation_domain,general_or_cross_domain,1412,3284,0,3284,0.4299634591961023,0,3284,1412,0.4299634591961023
jan_aug,2025,evaluation_domain,healthcare_biomedicine,353,3284,0,3284,0.10749086479902557,0,3284,353,0.10749086479902557
jan_aug,2025,evaluation_domain,language_and_communication,517,3284,0,3284,0.1574299634591961,0,3284,517,0.1574299634591961
jan_aug,2025,evaluation_domain,law_and_public_policy,107,3284,0,3284,0.03258221680876979,0,3284,107,0.03258221680876979
jan_aug,2025,evaluation_domain,mathematics_and_formal_reasoning,401,3284,0,3284,0.12210718635809988,0,3284,401,0.12210718635809988
jan_aug,2025,evaluation_domain,natural_sciences,283,3284,0,3284,0.0861753958587089,0,3284,283,0.0861753958587089
jan_aug,2025,evaluation_domain,other,129,3284,0,3284,0.03928136419001218,0,3284,129,0.03928136419001218
jan_aug,2025,evaluation_domain,social_sciences_and_humanities,364,3284,0,3284,0.11084043848964677,0,3284,364,0.11084043848964677
jan_aug,2025,evaluation_domain,software_and_coding,555,3284,0,3284,0.1690012180267966,0,3284,555,0.1690012180267966
jan_aug,2025,evaluation_setup,fixed_items,3129,3284,0,3284,0.952801461632156,0,3284,3129,0.952801461632156
jan_aug,2025,evaluation_setup,interactive_loop,507,3284,0,3284,0.1543848964677223,0,3284,507,0.1543848964677223
jan_aug,2025,evaluation_setup,runtime_generated_items,230,3284,0,3284,0.07003654080389768,0,3284,230,0.07003654080389768
jan_aug,2025,modality,audio,150,3284,0,3284,0.045676004872107184,0,3284,150,0.045676004872107184
jan_aug,2025,modality,code,523,3284,0,3284,0.15925700365408038,0,3284,523,0.15925700365408038
jan_aug,2025,modality,image,854,3284,0,3284,0.26004872107186355,0,3284,854,0.26004872107186355
jan_aug,2025,modality,structured_data,374,3284,0,3284,0.11388550548112059,0,3284,374,0.11388550548112059
jan_aug,2025,modality,text,3252,3284,0,3284,0.9902557856272838,0,3284,3252,0.9902557856272838
jan_aug,2025,modality,video,274,3284,0,3284,0.08343483556638245,0,3284,274,0.08343483556638245
jan_aug,2025,material_origin,generative_model,1742,3283,1,3284,0.5306122448979592,6,3277,1742,0.5315837656393042
jan_aug,2025,material_origin,human_or_real_world,2759,3283,1,3284,0.8403898872982029,6,3277,2759,0.8419285932255112
jan_aug,2025,material_origin,not_reported,5,3283,1,3284,0.0015229972586049345,6,3277,0,0.0
jan_aug,2025,material_origin,program_or_simulation,848,3283,1,3284,0.25830033505939687,6,3277,848,0.25877326823314006
jan_aug,2025,material_origin,unclear,1,3283,1,3284,0.0003045994517209869,6,3277,0,0.0
jan_aug,2025,scoring_source,execution_or_environment,658,3283,1,3284,0.20042643923240938,7,3276,658,0.20085470085470086
jan_aug,2025,scoring_source,human_judge,231,3283,1,3284,0.07036247334754797,7,3276,231,0.07051282051282051
jan_aug,2025,scoring_source,llm_judge,1166,3283,1,3284,0.35516296070667075,7,3276,1166,0.35592185592185593
jan_aug,2025,scoring_source,other_model_judge,292,3283,1,3284,0.08894303990252818,7,3276,292,0.08913308913308914
jan_aug,2025,scoring_source,reference_or_metric,2240,3283,1,3284,0.6823027718550106,7,3276,2240,0.6837606837606838
jan_aug,2025,scoring_source,unclear,7,3283,1,3284,0.0021321961620469083,7,3276,0,0.0
jan_aug,2025,task_language,aa,0,3279,5,3284,0.0,61,3218,0,0.0
jan_aug,2025,task_language,abl,1,3279,5,3284,0.0003049710277523635,61,3218,1,0.00031075201988812925
jan_aug,2025,task_language,abs,1,3279,5,3284,0.0003049710277523635,61,3218,1,0.00031075201988812925
jan_aug,2025,task_language,ace,1,3279,5,3284,0.0003049710277523635,61,3218,1,0.00031075201988812925
jan_aug,2025,task_language,acm,1,3279,5,3284,0.0003049710277523635,61,3218,1,0.00031075201988812925
jan_aug,2025,task_language,acq,0,3279,5,3284,0.0,61,3218,0,0.0
jan_aug,2025,task_language,ado,0,3279,5,3284,0.0,61,3218,0,0.0
jan_aug,2025,task_language,aeb,0,3279,5,3284,0.0,61,3218,0,0.0
jan_aug,2025,task_language,af,5,3279,5,3284,0.0015248551387618177,61,3218,4,0.001243008079552517
jan_aug,2025,task_language,afb,0,3279,5,3284,0.0,61,3218,0,0.0
jan_aug,2025,task_language,ak,1,3279,5,3284,0.0003049710277523635,61,3218,1,0.00031075201988812925
jan_aug,2025,task_language,als,0,3279,5,3284,0.0,61,3218,0,0.0
jan_aug,2025,task_language,am,6,3279,5,3284,0.0018298261665141812,61,3218,6,0.0018645121193287756
jan_aug,2025,task_language,anp,0,3279,5,3284,0.0,61,3218,0,0.0
jan_aug,2025,task_language,aoz,0,3279,5,3284,0.0,61,3218,0,0.0
jan_aug,2025,task_language,apc,1,3279,5,3284,0.0003049710277523635,61,3218,1,0.00031075201988812925
jan_aug,2025,task_language,ar,93,3279,5,3284,0.028362305580969808,61,3218,87,0.027035425730267248
jan_aug,2025,task_language,arq,1,3279,5,3284,0.0003049710277523635,61,3218,1,0.00031075201988812925
jan_aug,2025,task_language,ary,0,3279,5,3284,0.0,61,3218,0,0.0
jan_aug,2025,task_language,arz,2,3279,5,3284,0.000609942055504727,61,3218,2,0.0006215040397762585
jan_aug,2025,task_language,as,5,3279,5,3284,0.0015248551387618177,61,3218,4,0.001243008079552517
jan_aug,2025,task_language,ase,0,3279,5,3284,0.0,61,3218,0,0.0
jan_aug,2025,task_language,ast,0,3279,5,3284,0.0,61,3218,0,0.0
jan_aug,2025,task_language,awa,0,3279,5,3284,0.0,61,3218,0,0.0
jan_aug,2025,task_language,ay,0,3279,5,3284,0.0,61,3218,0,0.0
jan_aug,2025,task_language,az,4,3279,5,3284,0.001219884111009454,61,3218,3,0.0009322560596643878
jan_aug,2025,task_language,bal,0,3279,5,3284,0.0,61,3218,0,0.0
jan_aug,2025,task_language,ban,1,3279,5,3284,0.0003049710277523635,61,3218,1,0.00031075201988812925
jan_aug,2025,task_language,bar,0,3279,5,3284,0.0,61,3218,0,0.0
jan_aug,2025,task_language,bbc,1,3279,5,3284,0.0003049710277523635,61,3218,1,0.00031075201988812925
jan_aug,2025,task_language,bbj,0,3279,5,3284,0.0,61,3218,0,0.0
jan_aug,2025,task_language,be,0,3279,5,3284,0.0,61,3218,0,0.0
jan_aug,2025,task_language,bew,1,3279,5,3284,0.0003049710277523635,61,3218,1,0.00031075201988812925
jan_aug,2025,task_language,bfy,0,3279,5,3284,0.0,61,3218,0,0.0
jan_aug,2025,task_language,bg,9,3279,5,3284,0.0027447392497712718,61,3218,7,0.002175264139216905
jan_aug,2025,task_language,bgc,0,3279,5,3284,0.0,61,3218,0,0.0
jan_aug,2025,task_language,bho,0,3279,5,3284,0.0,61,3218,0,0.0
jan_aug,2025,task_language,bjn,1,3279,5,3284,0.0003049710277523635,61,3218,1,0.00031075201988812925
jan_aug,2025,task_language,bm,0,3279,5,3284,0.0,61,3218,0,0.0
jan_aug,2025,task_language,bn,38,3279,5,3284,0.011588899054589813,61,3218,36,0.011187072715972654
jan_aug,2025,task_language,bns,0,3279,5,3284,0.0,61,3218,0,0.0
jan_aug,2025,task_language,bo,4,3279,5,3284,0.001219884111009454,61,3218,3,0.0009322560596643878
jan_aug,2025,task_language,br,1,3279,5,3284,0.0003049710277523635,61,3218,1,0.00031075201988812925
jan_aug,2025,task_language,bra,0,3279,5,3284,0.0,61,3218,0,0.0
jan_aug,2025,task_language,brx,0,3279,5,3284,0.0,61,3218,0,0.0
jan_aug,2025,task_language,bs,1,3279,5,3284,0.0003049710277523635,61,3218,1,0.00031075201988812925
jan_aug,2025,task_language,bug,1,3279,5,3284,0.0003049710277523635,61,3218,1,0.00031075201988812925
jan_aug,2025,task_language,ca,12,3279,5,3284,0.0036596523330283625,61,3218,11,0.003418272218769422
jan_aug,2025,task_language,ceb,4,3279,5,3284,0.001219884111009454,61,3218,2,0.0006215040397762585
jan_aug,2025,task_language,ckb,0,3279,5,3284,0.0,61,3218,0,0.0
jan_aug,2025,task_language,co,0,3279,5,3284,0.0,61,3218,0,0.0
jan_aug,2025,task_language,crh,1,3279,5,3284,0.0003049710277523635,61,3218,1,0.00031075201988812925
jan_aug,2025,task_language,cs,25,3279,5,3284,0.007624275693809088,61,3218,24,0.0074580484773151025
jan_aug,2025,task_language,ctg,0,3279,5,3284,0.0,61,3218,0,0.0
jan_aug,2025,task_language,cv,0,3279,5,3284,0.0,61,3218,0,0.0
jan_aug,2025,task_language,cy,4,3279,5,3284,0.001219884111009454,61,3218,3,0.0009322560596643878
jan_aug,2025,task_language,da,12,3279,5,3284,0.0036596523330283625,61,3218,10,0.003107520198881293
jan_aug,2025,task_language,dag,0,3279,5,3284,0.0,61,3218,0,0.0
jan_aug,2025,task_language,de,108,3279,5,3284,0.03293687099725526,61,3218,100,0.031075201988812928
jan_aug,2025,task_language,doi,0,3279,5,3284,0.0,61,3218,0,0.0
jan_aug,2025,task_language,dsb,0,3279,5,3284,0.0,61,3218,0,0.0
jan_aug,2025,task_language,dv,0,3279,5,3284,0.0,61,3218,0,0.0
jan_aug,2025,task_language,dz,1,3279,5,3284,0.0003049710277523635,61,3218,1,0.00031075201988812925
jan_aug,2025,task_language,ee,0,3279,5,3284,0.0,61,3218,0,0.0
jan_aug,2025,task_language,el,19,3279,5,3284,0.005794449527294907,61,3218,16,0.004972032318210068
jan_aug,2025,task_language,en,3006,3279,5,3284,0.9167429094236048,61,3218,2984,0.9272840273461778
jan_aug,2025,task_language,eo,1,3279,5,3284,0.0003049710277523635,61,3218,0,0.0
jan_aug,2025,task_language,es,119,3279,5,3284,0.03629155230253126,61,3218,110,0.03418272218769422
jan_aug,2025,task_language,et,6,3279,5,3284,0.0018298261665141812,61,3218,5,0.0015537600994406464
jan_aug,2025,task_language,eu,4,3279,5,3284,0.001219884111009454,61,3218,3,0.0009322560596643878
jan_aug,2025,task_language,fa,28,3279,5,3284,0.008539188777066178,61,3218,25,0.007768800497203232
jan_aug,2025,task_language,ff,0,3279,5,3284,0.0,61,3218,0,0.0
jan_aug,2025,task_language,fi,14,3279,5,3284,0.004269594388533089,61,3218,12,0.0037290242386575512
jan_aug,2025,task_language,fil,5,3279,5,3284,0.0015248551387618177,61,3218,5,0.0015537600994406464
jan_aug,2025,task_language,fj,0,3279,5,3284,0.0,61,3218,0,0.0
jan_aug,2025,task_language,fo,0,3279,5,3284,0.0,61,3218,0,0.0
jan_aug,2025,task_language,fr,111,3279,5,3284,0.03385178408051235,61,3218,102,0.031696706028589185
jan_aug,2025,task_language,frr,0,3279,5,3284,0.0,61,3218,0,0.0
jan_aug,2025,task_language,fy,1,3279,5,3284,0.0003049710277523635,61,3218,1,0.00031075201988812925
jan_aug,2025,task_language,ga,5,3279,5,3284,0.0015248551387618177,61,3218,4,0.001243008079552517
jan_aug,2025,task_language,gaa,0,3279,5,3284,0.0,61,3218,0,0.0
jan_aug,2025,task_language,gbm,0,3279,5,3284,0.0,61,3218,0,0.0
jan_aug,2025,task_language,gd,1,3279,5,3284,0.0003049710277523635,61,3218,1,0.00031075201988812925
jan_aug,2025,task_language,gl,6,3279,5,3284,0.0018298261665141812,61,3218,5,0.0015537600994406464
jan_aug,2025,task_language,gn,1,3279,5,3284,0.0003049710277523635,61,3218,1,0.00031075201988812925
jan_aug,2025,task_language,gom,0,3279,5,3284,0.0,61,3218,0,0.0
jan_aug,2025,task_language,gor,1,3279,5,3284,0.0003049710277523635,61,3218,1,0.00031075201988812925
jan_aug,2025,task_language,grc,0,3279,5,3284,0.0,61,3218,0,0.0
jan_aug,2025,task_language,gu,6,3279,5,3284,0.0018298261665141812,61,3218,4,0.001243008079552517
jan_aug,2025,task_language,ha,2,3279,5,3284,0.000609942055504727,61,3218,2,0.0006215040397762585
jan_aug,2025,task_language,haw,0,3279,5,3284,0.0,61,3218,0,0.0
jan_aug,2025,task_language,he,19,3279,5,3284,0.005794449527294907,61,3218,17,0.0052827843380981974
jan_aug,2025,task_language,hi,65,3279,5,3284,0.01982311680390363,61,3218,62,0.019266625233064015
jan_aug,2025,task_language,hil,0,3279,5,3284,0.0,61,3218,0,0.0
jan_aug,2025,task_language,hmn,0,3279,5,3284,0.0,61,3218,0,0.0
jan_aug,2025,task_language,hne,0,3279,5,3284,0.0,61,3218,0,0.0
jan_aug,2025,task_language,hoj,0,3279,5,3284,0.0,61,3218,0,0.0
jan_aug,2025,task_language,hr,8,3279,5,3284,0.002439768222018908,61,3218,6,0.0018645121193287756
jan_aug,2025,task_language,hsb,0,3279,5,3284,0.0,61,3218,0,0.0
jan_aug,2025,task_language,ht,0,3279,5,3284,0.0,61,3218,0,0.0
jan_aug,2025,task_language,hu,18,3279,5,3284,0.0054894784995425435,61,3218,16,0.004972032318210068
jan_aug,2025,task_language,hy,3,3279,5,3284,0.0009149130832570906,61,3218,2,0.0006215040397762585
jan_aug,2025,task_language,iba,1,3279,5,3284,0.0003049710277523635,61,3218,1,0.00031075201988812925
jan_aug,2025,task_language,id,32,3279,5,3284,0.009759072888075633,61,3218,29,0.009011808576755749
jan_aug,2025,task_language,ida,0,3279,5,3284,0.0,61,3218,0,0.0
jan_aug,2025,task_language,ig,2,3279,5,3284,0.000609942055504727,61,3218,2,0.0006215040397762585
jan_aug,2025,task_language,igb,0,3279,5,3284,0.0,61,3218,0,0.0
jan_aug,2025,task_language,ilo,0,3279,5,3284,0.0,61,3218,0,0.0
jan_aug,2025,task_language,is,3,3279,5,3284,0.0009149130832570906,61,3218,2,0.0006215040397762585
jan_aug,2025,task_language,it,53,3279,5,3284,0.016163464470875268,61,3218,48,0.014916096954630205
jan_aug,2025,task_language,ja,97,3279,5,3284,0.02958218969197926,61,3218,92,0.028589185829707892
jan_aug,2025,task_language,jax,1,3279,5,3284,0.0003049710277523635,61,3218,1,0.00031075201988812925
jan_aug,2025,task_language,jbo,1,3279,5,3284,0.0003049710277523635,61,3218,1,0.00031075201988812925
jan_aug,2025,task_language,jv,4,3279,5,3284,0.001219884111009454,61,3218,3,0.0009322560596643878
jan_aug,2025,task_language,ka,4,3279,5,3284,0.001219884111009454,61,3218,3,0.0009322560596643878
jan_aug,2025,task_language,kaa,1,3279,5,3284,0.0003049710277523635,61,3218,1,0.00031075201988812925
jan_aug,2025,task_language,kam,0,3279,5,3284,0.0,61,3218,0,0.0
jan_aug,2025,task_language,kea,0,3279,5,3284,0.0,61,3218,0,0.0
jan_aug,2025,task_language,kgv,0,3279,5,3284,0.0,61,3218,0,0.0
jan_aug,2025,task_language,khg,0,3279,5,3284,0.0,61,3218,0,0.0
jan_aug,2025,task_language,ki,0,3279,5,3284,0.0,61,3218,0,0.0
jan_aug,2025,task_language,kk,5,3279,5,3284,0.0015248551387618177,61,3218,5,0.0015537600994406464
jan_aug,2025,task_language,km,5,3279,5,3284,0.0015248551387618177,61,3218,3,0.0009322560596643878
jan_aug,2025,task_language,kn,6,3279,5,3284,0.0018298261665141812,61,3218,5,0.0015537600994406464
jan_aug,2025,task_language,ko,68,3279,5,3284,0.02073802988716072,61,3218,65,0.020198881292728402
jan_aug,2025,task_language,koi,0,3279,5,3284,0.0,61,3218,0,0.0
jan_aug,2025,task_language,kok,0,3279,5,3284,0.0,61,3218,0,0.0
jan_aug,2025,task_language,kpv,0,3279,5,3284,0.0,61,3218,0,0.0
jan_aug,2025,task_language,kri,0,3279,5,3284,0.0,61,3218,0,0.0
jan_aug,2025,task_language,ksh,0,3279,5,3284,0.0,61,3218,0,0.0
jan_aug,2025,task_language,ku,0,3279,5,3284,0.0,61,3218,0,0.0
jan_aug,2025,task_language,ky,2,3279,5,3284,0.000609942055504727,61,3218,2,0.0006215040397762585
jan_aug,2025,task_language,la,2,3279,5,3284,0.000609942055504727,61,3218,1,0.00031075201988812925
jan_aug,2025,task_language,lb,1,3279,5,3284,0.0003049710277523635,61,3218,1,0.00031075201988812925
jan_aug,2025,task_language,lg,1,3279,5,3284,0.0003049710277523635,61,3218,1,0.00031075201988812925
jan_aug,2025,task_language,liv,0,3279,5,3284,0.0,61,3218,0,0.0
jan_aug,2025,task_language,ljp,0,3279,5,3284,0.0,61,3218,0,0.0
jan_aug,2025,task_language,ln,0,3279,5,3284,0.0,61,3218,0,0.0
jan_aug,2025,task_language,lo,1,3279,5,3284,0.0003049710277523635,61,3218,1,0.00031075201988812925
jan_aug,2025,task_language,lt,7,3279,5,3284,0.0021347971942665446,61,3218,5,0.0015537600994406464
jan_aug,2025,task_language,luo,0,3279,5,3284,0.0,61,3218,0,0.0
jan_aug,2025,task_language,lus,0,3279,5,3284,0.0,61,3218,0,0.0
jan_aug,2025,task_language,lv,7,3279,5,3284,0.0021347971942665446,61,3218,6,0.0018645121193287756
jan_aug,2025,task_language,lzh,1,3279,5,3284,0.0003049710277523635,61,3218,1,0.00031075201988812925
jan_aug,2025,task_language,mad,1,3279,5,3284,0.0003049710277523635,61,3218,1,0.00031075201988812925
jan_aug,2025,task_language,mag,0,3279,5,3284,0.0,61,3218,0,0.0
jan_aug,2025,task_language,mai,1,3279,5,3284,0.0003049710277523635,61,3218,1,0.00031075201988812925
jan_aug,2025,task_language,mak,1,3279,5,3284,0.0003049710277523635,61,3218,1,0.00031075201988812925
jan_aug,2025,task_language,mg,2,3279,5,3284,0.000609942055504727,61,3218,2,0.0006215040397762585
jan_aug,2025,task_language,mi,1,3279,5,3284,0.0003049710277523635,61,3218,1,0.00031075201988812925
jan_aug,2025,task_language,min,2,3279,5,3284,0.000609942055504727,61,3218,2,0.0006215040397762585
jan_aug,2025,task_language,mk,4,3279,5,3284,0.001219884111009454,61,3218,3,0.0009322560596643878
jan_aug,2025,task_language,ml,6,3279,5,3284,0.0018298261665141812,61,3218,5,0.0015537600994406464
jan_aug,2025,task_language,mn,1,3279,5,3284,0.0003049710277523635,61,3218,1,0.00031075201988812925
jan_aug,2025,task_language,mni,0,3279,5,3284,0.0,61,3218,0,0.0
jan_aug,2025,task_language,mr,10,3279,5,3284,0.0030497102775236353,61,3218,8,0.002486016159105034
jan_aug,2025,task_language,ms,14,3279,5,3284,0.004269594388533089,61,3218,12,0.0037290242386575512
jan_aug,2025,task_language,mt,3,3279,5,3284,0.0009149130832570906,61,3218,3,0.0009322560596643878
jan_aug,2025,task_language,mui,1,3279,5,3284,0.0003049710277523635,61,3218,1,0.00031075201988812925
jan_aug,2025,task_language,multilingual_unspecified,26,3279,5,3284,0.007929246721561452,61,3218,0,0.0
jan_aug,2025,task_language,mup,0,3279,5,3284,0.0,61,3218,0,0.0
jan_aug,2025,task_language,mwr,0,3279,5,3284,0.0,61,3218,0,0.0
jan_aug,2025,task_language,my,1,3279,5,3284,0.0003049710277523635,61,3218,0,0.0
jan_aug,2025,task_language,nan,1,3279,5,3284,0.0003049710277523635,61,3218,1,0.00031075201988812925
jan_aug,2025,task_language,nb,4,3279,5,3284,0.001219884111009454,61,3218,4,0.001243008079552517
jan_aug,2025,task_language,nds,0,3279,5,3284,0.0,61,3218,0,0.0
jan_aug,2025,task_language,ne,8,3279,5,3284,0.002439768222018908,61,3218,7,0.002175264139216905
jan_aug,2025,task_language,nij,1,3279,5,3284,0.0003049710277523635,61,3218,1,0.00031075201988812925
jan_aug,2025,task_language,nl,21,3279,5,3284,0.006404391582799634,61,3218,18,0.005593536357986327
jan_aug,2025,task_language,nn,4,3279,5,3284,0.001219884111009454,61,3218,3,0.0009322560596643878
jan_aug,2025,task_language,no,10,3279,5,3284,0.0030497102775236353,61,3218,8,0.002486016159105034
jan_aug,2025,task_language,nod,1,3279,5,3284,0.0003049710277523635,61,3218,1,0.00031075201988812925
jan_aug,2025,task_language,not_applicable,7,3279,5,3284,0.0021347971942665446,61,3218,0,0.0
jan_aug,2025,task_language,nso,0,3279,5,3284,0.0,61,3218,0,0.0
jan_aug,2025,task_language,ny,1,3279,5,3284,0.0003049710277523635,61,3218,1,0.00031075201988812925
jan_aug,2025,task_language,nyf,1,3279,5,3284,0.0003049710277523635,61,3218,1,0.00031075201988812925
jan_aug,2025,task_language,oc,0,3279,5,3284,0.0,61,3218,0,0.0
jan_aug,2025,task_language,om,1,3279,5,3284,0.0003049710277523635,61,3218,0,0.0
jan_aug,2025,task_language,or,4,3279,5,3284,0.001219884111009454,61,3218,3,0.0009322560596643878
jan_aug,2025,task_language,pa,7,3279,5,3284,0.0021347971942665446,61,3218,5,0.0015537600994406464
jan_aug,2025,task_language,pap,0,3279,5,3284,0.0,61,3218,0,0.0
jan_aug,2025,task_language,pcm,2,3279,5,3284,0.000609942055504727,61,3218,2,0.0006215040397762585
jan_aug,2025,task_language,pfl,0,3279,5,3284,0.0,61,3218,0,0.0
jan_aug,2025,task_language,pi,0,3279,5,3284,0.0,61,3218,0,0.0
jan_aug,2025,task_language,pl,21,3279,5,3284,0.006404391582799634,61,3218,18,0.005593536357986327
jan_aug,2025,task_language,pms,0,3279,5,3284,0.0,61,3218,0,0.0
jan_aug,2025,task_language,ps,1,3279,5,3284,0.0003049710277523635,61,3218,1,0.00031075201988812925
jan_aug,2025,task_language,pt,54,3279,5,3284,0.01646843549862763,61,3218,47,0.014605344934742076
jan_aug,2025,task_language,qu,2,3279,5,3284,0.000609942055504727,61,3218,1,0.00031075201988812925
jan_aug,2025,task_language,raj,0,3279,5,3284,0.0,61,3218,0,0.0
jan_aug,2025,task_language,rkt,0,3279,5,3284,0.0,61,3218,0,0.0
jan_aug,2025,task_language,rm,1,3279,5,3284,0.0003049710277523635,61,3218,1,0.00031075201988812925
jan_aug,2025,task_language,rn,0,3279,5,3284,0.0,61,3218,0,0.0
jan_aug,2025,task_language,ro,17,3279,5,3284,0.00518450747179018,61,3218,15,0.0046612802983219395
jan_aug,2025,task_language,ru,84,3279,5,3284,0.025617566331198535,61,3218,77,0.023927905531385955
jan_aug,2025,task_language,rw,0,3279,5,3284,0.0,61,3218,0,0.0
jan_aug,2025,task_language,sa,1,3279,5,3284,0.0003049710277523635,61,3218,1,0.00031075201988812925
jan_aug,2025,task_language,sas,1,3279,5,3284,0.0003049710277523635,61,3218,1,0.00031075201988812925
jan_aug,2025,task_language,sat,1,3279,5,3284,0.0003049710277523635,61,3218,1,0.00031075201988812925
jan_aug,2025,task_language,sd,0,3279,5,3284,0.0,61,3218,0,0.0
jan_aug,2025,task_language,sgc,0,3279,5,3284,0.0,61,3218,0,0.0
jan_aug,2025,task_language,si,2,3279,5,3284,0.000609942055504727,61,3218,2,0.0006215040397762585
jan_aug,2025,task_language,sk,8,3279,5,3284,0.002439768222018908,61,3218,6,0.0018645121193287756
jan_aug,2025,task_language,sl,6,3279,5,3284,0.0018298261665141812,61,3218,5,0.0015537600994406464
jan_aug,2025,task_language,sm,0,3279,5,3284,0.0,61,3218,0,0.0
jan_aug,2025,task_language,sn,1,3279,5,3284,0.0003049710277523635,61,3218,0,0.0
jan_aug,2025,task_language,so,1,3279,5,3284,0.0003049710277523635,61,3218,1,0.00031075201988812925
jan_aug,2025,task_language,sq,4,3279,5,3284,0.001219884111009454,61,3218,3,0.0009322560596643878
jan_aug,2025,task_language,sr,10,3279,5,3284,0.0030497102775236353,61,3218,9,0.0027967681789931634
jan_aug,2025,task_language,sso,1,3279,5,3284,0.0003049710277523635,61,3218,1,0.00031075201988812925
jan_aug,2025,task_language,st,3,3279,5,3284,0.0009149130832570906,61,3218,2,0.0006215040397762585
jan_aug,2025,task_language,stq,0,3279,5,3284,0.0,61,3218,0,0.0
jan_aug,2025,task_language,su,2,3279,5,3284,0.000609942055504727,61,3218,2,0.0006215040397762585
jan_aug,2025,task_language,sv,15,3279,5,3284,0.004574565416285453,61,3218,14,0.00435052827843381
jan_aug,2025,task_language,sw,20,3279,5,3284,0.006099420555047271,61,3218,18,0.005593536357986327
jan_aug,2025,task_language,syl,1,3279,5,3284,0.0003049710277523635,61,3218,1,0.00031075201988812925
jan_aug,2025,task_language,ta,21,3279,5,3284,0.006404391582799634,61,3218,19,0.005904288377874456
jan_aug,2025,task_language,te,16,3279,5,3284,0.004879536444037816,61,3218,14,0.00435052827843381
jan_aug,2025,task_language,teo,0,3279,5,3284,0.0,61,3218,0,0.0
jan_aug,2025,task_language,tg,1,3279,5,3284,0.0003049710277523635,61,3218,1,0.00031075201988812925
jan_aug,2025,task_language,th,34,3279,5,3284,0.01036901494358036,61,3218,32,0.009944064636420136
jan_aug,2025,task_language,ti,0,3279,5,3284,0.0,61,3218,0,0.0
jan_aug,2025,task_language,tk,0,3279,5,3284,0.0,61,3218,0,0.0
jan_aug,2025,task_language,tl,9,3279,5,3284,0.0027447392497712718,61,3218,6,0.0018645121193287756
jan_aug,2025,task_language,tn,2,3279,5,3284,0.000609942055504727,61,3218,1,0.00031075201988812925
jan_aug,2025,task_language,to,0,3279,5,3284,0.0,61,3218,0,0.0
jan_aug,2025,task_language,tpi,1,3279,5,3284,0.0003049710277523635,61,3218,1,0.00031075201988812925
jan_aug,2025,task_language,tr,37,3279,5,3284,0.011283928026837451,61,3218,34,0.010565568676196395
jan_aug,2025,task_language,ts,0,3279,5,3284,0.0,61,3218,0,0.0
jan_aug,2025,task_language,tt,1,3279,5,3284,0.0003049710277523635,61,3218,1,0.00031075201988812925
jan_aug,2025,task_language,tts,1,3279,5,3284,0.0003049710277523635,61,3218,1,0.00031075201988812925
jan_aug,2025,task_language,tw,0,3279,5,3284,0.0,61,3218,0,0.0
jan_aug,2025,task_language,ty,1,3279,5,3284,0.0003049710277523635,61,3218,1,0.00031075201988812925
jan_aug,2025,task_language,tzm,1,3279,5,3284,0.0003049710277523635,61,3218,1,0.00031075201988812925
jan_aug,2025,task_language,ug,2,3279,5,3284,0.000609942055504727,61,3218,2,0.0006215040397762585
jan_aug,2025,task_language,uk,22,3279,5,3284,0.006709362610551998,61,3218,19,0.005904288377874456
jan_aug,2025,task_language,umb,0,3279,5,3284,0.0,61,3218,0,0.0
jan_aug,2025,task_language,unclear,28,3279,5,3284,0.008539188777066178,61,3218,0,0.0
jan_aug,2025,task_language,ur,18,3279,5,3284,0.0054894784995425435,61,3218,16,0.004972032318210068
jan_aug,2025,task_language,uz,3,3279,5,3284,0.0009149130832570906,61,3218,1,0.00031075201988812925
jan_aug,2025,task_language,vi,34,3279,5,3284,0.01036901494358036,61,3218,31,0.009633312616532008
jan_aug,2025,task_language,vro,0,3279,5,3284,0.0,61,3218,0,0.0
jan_aug,2025,task_language,wad,0,3279,5,3284,0.0,61,3218,0,0.0
jan_aug,2025,task_language,wo,1,3279,5,3284,0.0003049710277523635,61,3218,1,0.00031075201988812925
jan_aug,2025,task_language,wuu,0,3279,5,3284,0.0,61,3218,0,0.0
jan_aug,2025,task_language,xh,0,3279,5,3284,0.0,61,3218,0,0.0
jan_aug,2025,task_language,yi,0,3279,5,3284,0.0,61,3218,0,0.0
jan_aug,2025,task_language,yo,9,3279,5,3284,0.0027447392497712718,61,3218,7,0.002175264139216905
jan_aug,2025,task_language,yue,4,3279,5,3284,0.001219884111009454,61,3218,4,0.001243008079552517
jan_aug,2025,task_language,za,1,3279,5,3284,0.0003049710277523635,61,3218,1,0.00031075201988812925
jan_aug,2025,task_language,zh,406,3279,5,3284,0.1238182372674596,61,3218,398,0.12367930391547545
jan_aug,2025,task_language,zu,5,3279,5,3284,0.0015248551387618177,61,3218,5,0.0015537600994406464
jan_aug,2026,target_system,agent_or_tool_system,1624,5734,0,5734,0.2832228810603418,0,5734,1624,0.2832228810603418
jan_aug,2026,target_system,answering_model,4348,5734,0,5734,0.7582839204743634,0,5734,4348,0.7582839204743634
jan_aug,2026,target_system,embodied_system,133,5734,0,5734,0.02319497732821765,0,5734,133,0.02319497732821765
jan_aug,2026,evaluation_domain,cybersecurity,388,5734,0,5734,0.06766655040111615,0,5734,388,0.06766655040111615
jan_aug,2026,evaluation_domain,education,149,5734,0,5734,0.02598535054063481,0,5734,149,0.02598535054063481
jan_aug,2026,evaluation_domain,engineering,509,5734,0,5734,0.08876874782002092,0,5734,509,0.08876874782002092
jan_aug,2026,evaluation_domain,finance_and_business,667,5734,0,5734,0.1163236832926404,0,5734,667,0.1163236832926404
jan_aug,2026,evaluation_domain,general_or_cross_domain,2237,5734,0,5734,0.3901290547610743,0,5734,2237,0.3901290547610743
jan_aug,2026,evaluation_domain,healthcare_biomedicine,736,5734,0,5734,0.12835716777118938,0,5734,736,0.12835716777118938
jan_aug,2026,evaluation_domain,language_and_communication,647,5734,0,5734,0.11283571677711894,0,5734,647,0.11283571677711894
jan_aug,2026,evaluation_domain,law_and_public_policy,219,5734,0,5734,0.03819323334495989,0,5734,219,0.03819323334495989
jan_aug,2026,evaluation_domain,mathematics_and_formal_reasoning,528,5734,0,5734,0.09208231600976631,0,5734,528,0.09208231600976631
jan_aug,2026,evaluation_domain,natural_sciences,535,5734,0,5734,0.09330310429019881,0,5734,535,0.09330310429019881
jan_aug,2026,evaluation_domain,other,254,5734,0,5734,0.04429717474712243,0,5734,254,0.04429717474712243
jan_aug,2026,evaluation_domain,social_sciences_and_humanities,640,5734,0,5734,0.11161492849668643,0,5734,640,0.11161492849668643
jan_aug,2026,evaluation_domain,software_and_coding,1128,5734,0,5734,0.19672131147540983,0,5734,1128,0.19672131147540983
jan_aug,2026,evaluation_setup,fixed_items,5445,5733,1,5734,0.9497645211930926,0,5733,5445,0.9497645211930926
jan_aug,2026,evaluation_setup,interactive_loop,1615,5733,1,5734,0.2817024245595674,0,5733,1615,0.2817024245595674
jan_aug,2026,evaluation_setup,runtime_generated_items,429,5733,1,5734,0.07482993197278912,0,5733,429,0.07482993197278912
jan_aug,2026,modality,audio,338,5734,0,5734,0.058946634112312525,0,5734,338,0.058946634112312525
jan_aug,2026,modality,code,1090,5734,0,5734,0.19009417509591908,0,5734,1090,0.19009417509591908
jan_aug,2026,modality,image,1498,5734,0,5734,0.2612486920125567,0,5734,1498,0.2612486920125567
jan_aug,2026,modality,structured_data,1210,5734,0,5734,0.21102197418904778,0,5734,1210,0.21102197418904778
jan_aug,2026,modality,text,5686,5734,0,5734,0.9916288803627485,0,5734,5686,0.9916288803627485
jan_aug,2026,modality,video,459,5734,0,5734,0.08004883153121731,0,5734,459,0.08004883153121731
jan_aug,2026,material_origin,generative_model,2942,5734,0,5734,0.5130798744332055,21,5713,2942,0.514965867320147
jan_aug,2026,material_origin,human_or_real_world,4532,5734,0,5734,0.7903732124171607,21,5713,4532,0.7932784876597234
jan_aug,2026,material_origin,not_reported,12,5734,0,5734,0.0020927799093128706,21,5713,0,0.0
jan_aug,2026,material_origin,program_or_simulation,1873,5734,0,5734,0.3266480641785839,21,5713,1873,0.3278487659723438
jan_aug,2026,material_origin,unclear,9,5734,0,5734,0.001569584931984653,21,5713,0,0.0
jan_aug,2026,scoring_source,execution_or_environment,1631,5734,0,5734,0.2844436693407743,6,5728,1631,0.2847416201117318
jan_aug,2026,scoring_source,human_judge,268,5734,0,5734,0.04673875130798744,6,5728,268,0.0467877094972067
jan_aug,2026,scoring_source,llm_judge,2309,5734,0,5734,0.40268573421695153,6,5728,2309,0.40310754189944137
jan_aug,2026,scoring_source,other_model_judge,401,5734,0,5734,0.06993372863620509,6,5728,401,0.07000698324022346
jan_aug,2026,scoring_source,reference_or_metric,3415,5734,0,5734,0.5955702825252878,6,5728,3415,0.5961941340782123
jan_aug,2026,scoring_source,unclear,6,5734,0,5734,0.0010463899546564353,6,5728,0,0.0
jan_aug,2026,task_language,aa,0,5728,6,5734,0.0,118,5610,0,0.0
jan_aug,2026,task_language,abl,0,5728,6,5734,0.0,118,5610,0,0.0
jan_aug,2026,task_language,abs,0,5728,6,5734,0.0,118,5610,0,0.0
jan_aug,2026,task_language,ace,1,5728,6,5734,0.00017458100558659218,118,5610,1,0.00017825311942959
jan_aug,2026,task_language,acm,0,5728,6,5734,0.0,118,5610,0,0.0
jan_aug,2026,task_language,acq,1,5728,6,5734,0.00017458100558659218,118,5610,1,0.00017825311942959
jan_aug,2026,task_language,ado,0,5728,6,5734,0.0,118,5610,0,0.0
jan_aug,2026,task_language,aeb,1,5728,6,5734,0.00017458100558659218,118,5610,1,0.00017825311942959
jan_aug,2026,task_language,af,3,5728,6,5734,0.0005237430167597765,118,5610,3,0.0005347593582887701
jan_aug,2026,task_language,afb,0,5728,6,5734,0.0,118,5610,0,0.0
jan_aug,2026,task_language,ak,2,5728,6,5734,0.00034916201117318437,118,5610,2,0.00035650623885918
jan_aug,2026,task_language,als,0,5728,6,5734,0.0,118,5610,0,0.0
jan_aug,2026,task_language,am,15,5728,6,5734,0.0026187150837988825,118,5610,15,0.00267379679144385
jan_aug,2026,task_language,anp,1,5728,6,5734,0.00017458100558659218,118,5610,1,0.00017825311942959
jan_aug,2026,task_language,aoz,1,5728,6,5734,0.00017458100558659218,118,5610,1,0.00017825311942959
jan_aug,2026,task_language,apc,0,5728,6,5734,0.0,118,5610,0,0.0
jan_aug,2026,task_language,ar,103,5728,6,5734,0.017981843575418995,118,5610,98,0.01746880570409982
jan_aug,2026,task_language,arq,1,5728,6,5734,0.00017458100558659218,118,5610,1,0.00017825311942959
jan_aug,2026,task_language,ary,2,5728,6,5734,0.00034916201117318437,118,5610,2,0.00035650623885918
jan_aug,2026,task_language,arz,3,5728,6,5734,0.0005237430167597765,118,5610,3,0.0005347593582887701
jan_aug,2026,task_language,as,10,5728,6,5734,0.0017458100558659217,118,5610,10,0.0017825311942959
jan_aug,2026,task_language,ase,0,5728,6,5734,0.0,118,5610,0,0.0
jan_aug,2026,task_language,ast,0,5728,6,5734,0.0,118,5610,0,0.0
jan_aug,2026,task_language,awa,1,5728,6,5734,0.00017458100558659218,118,5610,1,0.00017825311942959
jan_aug,2026,task_language,ay,0,5728,6,5734,0.0,118,5610,0,0.0
jan_aug,2026,task_language,az,2,5728,6,5734,0.00034916201117318437,118,5610,2,0.00035650623885918
jan_aug,2026,task_language,bal,0,5728,6,5734,0.0,118,5610,0,0.0
jan_aug,2026,task_language,ban,1,5728,6,5734,0.00017458100558659218,118,5610,1,0.00017825311942959
jan_aug,2026,task_language,bar,2,5728,6,5734,0.00034916201117318437,118,5610,2,0.00035650623885918
jan_aug,2026,task_language,bbc,1,5728,6,5734,0.00017458100558659218,118,5610,1,0.00017825311942959
jan_aug,2026,task_language,bbj,0,5728,6,5734,0.0,118,5610,0,0.0
jan_aug,2026,task_language,be,1,5728,6,5734,0.00017458100558659218,118,5610,1,0.00017825311942959
jan_aug,2026,task_language,bew,0,5728,6,5734,0.0,118,5610,0,0.0
jan_aug,2026,task_language,bfy,1,5728,6,5734,0.00017458100558659218,118,5610,1,0.00017825311942959
jan_aug,2026,task_language,bg,10,5728,6,5734,0.0017458100558659217,118,5610,9,0.0016042780748663102
jan_aug,2026,task_language,bgc,0,5728,6,5734,0.0,118,5610,0,0.0
jan_aug,2026,task_language,bho,1,5728,6,5734,0.00017458100558659218,118,5610,1,0.00017825311942959
jan_aug,2026,task_language,bjn,1,5728,6,5734,0.00017458100558659218,118,5610,1,0.00017825311942959
jan_aug,2026,task_language,bm,0,5728,6,5734,0.0,118,5610,0,0.0
jan_aug,2026,task_language,bn,62,5728,6,5734,0.010824022346368716,118,5610,59,0.010516934046345811
jan_aug,2026,task_language,bns,1,5728,6,5734,0.00017458100558659218,118,5610,1,0.00017825311942959
jan_aug,2026,task_language,bo,2,5728,6,5734,0.00034916201117318437,118,5610,2,0.00035650623885918
jan_aug,2026,task_language,br,0,5728,6,5734,0.0,118,5610,0,0.0
jan_aug,2026,task_language,bra,1,5728,6,5734,0.00017458100558659218,118,5610,1,0.00017825311942959
jan_aug,2026,task_language,brx,0,5728,6,5734,0.0,118,5610,0,0.0
jan_aug,2026,task_language,bs,1,5728,6,5734,0.00017458100558659218,118,5610,1,0.00017825311942959
jan_aug,2026,task_language,bug,1,5728,6,5734,0.00017458100558659218,118,5610,1,0.00017825311942959
jan_aug,2026,task_language,ca,3,5728,6,5734,0.0005237430167597765,118,5610,3,0.0005347593582887701
jan_aug,2026,task_language,ceb,1,5728,6,5734,0.00017458100558659218,118,5610,1,0.00017825311942959
jan_aug,2026,task_language,ckb,0,5728,6,5734,0.0,118,5610,0,0.0
jan_aug,2026,task_language,co,0,5728,6,5734,0.0,118,5610,0,0.0
jan_aug,2026,task_language,crh,0,5728,6,5734,0.0,118,5610,0,0.0
jan_aug,2026,task_language,cs,18,5728,6,5734,0.0031424581005586594,118,5610,17,0.0030303030303030303
jan_aug,2026,task_language,ctg,1,5728,6,5734,0.00017458100558659218,118,5610,1,0.00017825311942959
jan_aug,2026,task_language,cv,1,5728,6,5734,0.00017458100558659218,118,5610,1,0.00017825311942959
jan_aug,2026,task_language,cy,0,5728,6,5734,0.0,118,5610,0,0.0
jan_aug,2026,task_language,da,10,5728,6,5734,0.0017458100558659217,118,5610,9,0.0016042780748663102
jan_aug,2026,task_language,dag,1,5728,6,5734,0.00017458100558659218,118,5610,1,0.00017825311942959
jan_aug,2026,task_language,de,106,5728,6,5734,0.018505586592178772,118,5610,101,0.018003565062388593
jan_aug,2026,task_language,doi,3,5728,6,5734,0.0005237430167597765,118,5610,3,0.0005347593582887701
jan_aug,2026,task_language,dsb,1,5728,6,5734,0.00017458100558659218,118,5610,1,0.00017825311942959
jan_aug,2026,task_language,dv,0,5728,6,5734,0.0,118,5610,0,0.0
jan_aug,2026,task_language,dz,2,5728,6,5734,0.00034916201117318437,118,5610,2,0.00035650623885918
jan_aug,2026,task_language,ee,2,5728,6,5734,0.00034916201117318437,118,5610,2,0.00035650623885918
jan_aug,2026,task_language,el,27,5728,6,5734,0.004713687150837989,118,5610,26,0.004634581105169341
jan_aug,2026,task_language,en,5340,5728,6,5734,0.9322625698324022,118,5610,5306,0.9458110516934046
jan_aug,2026,task_language,eo,0,5728,6,5734,0.0,118,5610,0,0.0
jan_aug,2026,task_language,es,114,5728,6,5734,0.019902234636871508,118,5610,108,0.019251336898395723
jan_aug,2026,task_language,et,9,5728,6,5734,0.0015712290502793297,118,5610,8,0.00142602495543672
jan_aug,2026,task_language,eu,6,5728,6,5734,0.001047486033519553,118,5610,6,0.0010695187165775401
jan_aug,2026,task_language,fa,21,5728,6,5734,0.003666201117318436,118,5610,20,0.0035650623885918
jan_aug,2026,task_language,ff,0,5728,6,5734,0.0,118,5610,0,0.0
jan_aug,2026,task_language,fi,15,5728,6,5734,0.0026187150837988825,118,5610,14,0.0024955436720142605
jan_aug,2026,task_language,fil,4,5728,6,5734,0.0006983240223463687,118,5610,4,0.00071301247771836
jan_aug,2026,task_language,fj,1,5728,6,5734,0.00017458100558659218,118,5610,1,0.00017825311942959
jan_aug,2026,task_language,fo,0,5728,6,5734,0.0,118,5610,0,0.0
jan_aug,2026,task_language,fr,110,5728,6,5734,0.01920391061452514,118,5610,102,0.01818181818181818
jan_aug,2026,task_language,frr,0,5728,6,5734,0.0,118,5610,0,0.0
jan_aug,2026,task_language,fy,0,5728,6,5734,0.0,118,5610,0,0.0
jan_aug,2026,task_language,ga,3,5728,6,5734,0.0005237430167597765,118,5610,3,0.0005347593582887701
jan_aug,2026,task_language,gaa,1,5728,6,5734,0.00017458100558659218,118,5610,1,0.00017825311942959
jan_aug,2026,task_language,gbm,0,5728,6,5734,0.0,118,5610,0,0.0
jan_aug,2026,task_language,gd,2,5728,6,5734,0.00034916201117318437,118,5610,2,0.00035650623885918
jan_aug,2026,task_language,gl,3,5728,6,5734,0.0005237430167597765,118,5610,3,0.0005347593582887701
jan_aug,2026,task_language,gn,3,5728,6,5734,0.0005237430167597765,118,5610,3,0.0005347593582887701
jan_aug,2026,task_language,gom,1,5728,6,5734,0.00017458100558659218,118,5610,1,0.00017825311942959
jan_aug,2026,task_language,gor,0,5728,6,5734,0.0,118,5610,0,0.0
jan_aug,2026,task_language,grc,1,5728,6,5734,0.00017458100558659218,118,5610,1,0.00017825311942959
jan_aug,2026,task_language,gu,12,5728,6,5734,0.002094972067039106,118,5610,12,0.0021390374331550803
jan_aug,2026,task_language,ha,12,5728,6,5734,0.002094972067039106,118,5610,12,0.0021390374331550803
jan_aug,2026,task_language,haw,0,5728,6,5734,0.0,118,5610,0,0.0
jan_aug,2026,task_language,he,13,5728,6,5734,0.0022695530726256985,118,5610,11,0.00196078431372549
jan_aug,2026,task_language,hi,81,5728,6,5734,0.014141061452513967,118,5610,78,0.013903743315508022
jan_aug,2026,task_language,hil,0,5728,6,5734,0.0,118,5610,0,0.0
jan_aug,2026,task_language,hmn,0,5728,6,5734,0.0,118,5610,0,0.0
jan_aug,2026,task_language,hne,0,5728,6,5734,0.0,118,5610,0,0.0
jan_aug,2026,task_language,hoj,0,5728,6,5734,0.0,118,5610,0,0.0
jan_aug,2026,task_language,hr,5,5728,6,5734,0.0008729050279329608,118,5610,4,0.00071301247771836
jan_aug,2026,task_language,hsb,1,5728,6,5734,0.00017458100558659218,118,5610,1,0.00017825311942959
jan_aug,2026,task_language,ht,0,5728,6,5734,0.0,118,5610,0,0.0
jan_aug,2026,task_language,hu,12,5728,6,5734,0.002094972067039106,118,5610,10,0.0017825311942959
jan_aug,2026,task_language,hy,0,5728,6,5734,0.0,118,5610,0,0.0
jan_aug,2026,task_language,iba,0,5728,6,5734,0.0,118,5610,0,0.0
jan_aug,2026,task_language,id,40,5728,6,5734,0.006983240223463687,118,5610,40,0.0071301247771836
jan_aug,2026,task_language,ida,1,5728,6,5734,0.00017458100558659218,118,5610,1,0.00017825311942959
jan_aug,2026,task_language,ig,8,5728,6,5734,0.0013966480446927375,118,5610,8,0.00142602495543672
jan_aug,2026,task_language,igb,1,5728,6,5734,0.00017458100558659218,118,5610,1,0.00017825311942959
jan_aug,2026,task_language,ilo,0,5728,6,5734,0.0,118,5610,0,0.0
jan_aug,2026,task_language,is,4,5728,6,5734,0.0006983240223463687,118,5610,4,0.00071301247771836
jan_aug,2026,task_language,it,57,5728,6,5734,0.009951117318435754,118,5610,53,0.00944741532976827
jan_aug,2026,task_language,ja,101,5728,6,5734,0.01763268156424581,118,5610,96,0.017112299465240642
jan_aug,2026,task_language,jax,0,5728,6,5734,0.0,118,5610,0,0.0
jan_aug,2026,task_language,jbo,0,5728,6,5734,0.0,118,5610,0,0.0
jan_aug,2026,task_language,jv,3,5728,6,5734,0.0005237430167597765,118,5610,3,0.0005347593582887701
jan_aug,2026,task_language,ka,6,5728,6,5734,0.001047486033519553,118,5610,6,0.0010695187165775401
jan_aug,2026,task_language,kaa,0,5728,6,5734,0.0,118,5610,0,0.0
jan_aug,2026,task_language,kam,0,5728,6,5734,0.0,118,5610,0,0.0
jan_aug,2026,task_language,kea,0,5728,6,5734,0.0,118,5610,0,0.0
jan_aug,2026,task_language,kgv,0,5728,6,5734,0.0,118,5610,0,0.0
jan_aug,2026,task_language,khg,0,5728,6,5734,0.0,118,5610,0,0.0
jan_aug,2026,task_language,ki,2,5728,6,5734,0.00034916201117318437,118,5610,2,0.00035650623885918
jan_aug,2026,task_language,kk,6,5728,6,5734,0.001047486033519553,118,5610,6,0.0010695187165775401
jan_aug,2026,task_language,km,5,5728,6,5734,0.0008729050279329608,118,5610,5,0.00089126559714795
jan_aug,2026,task_language,kn,10,5728,6,5734,0.0017458100558659217,118,5610,10,0.0017825311942959
jan_aug,2026,task_language,ko,86,5728,6,5734,0.015013966480446927,118,5610,79,0.014081996434937611
jan_aug,2026,task_language,koi,1,5728,6,5734,0.00017458100558659218,118,5610,1,0.00017825311942959
jan_aug,2026,task_language,kok,3,5728,6,5734,0.0005237430167597765,118,5610,3,0.0005347593582887701
jan_aug,2026,task_language,kpv,0,5728,6,5734,0.0,118,5610,0,0.0
jan_aug,2026,task_language,kri,0,5728,6,5734,0.0,118,5610,0,0.0
jan_aug,2026,task_language,ksh,0,5728,6,5734,0.0,118,5610,0,0.0
jan_aug,2026,task_language,ku,0,5728,6,5734,0.0,118,5610,0,0.0
jan_aug,2026,task_language,ky,4,5728,6,5734,0.0006983240223463687,118,5610,4,0.00071301247771836
jan_aug,2026,task_language,la,5,5728,6,5734,0.0008729050279329608,118,5610,5,0.00089126559714795
jan_aug,2026,task_language,lb,4,5728,6,5734,0.0006983240223463687,118,5610,4,0.00071301247771836
jan_aug,2026,task_language,lg,2,5728,6,5734,0.00034916201117318437,118,5610,2,0.00035650623885918
jan_aug,2026,task_language,liv,0,5728,6,5734,0.0,118,5610,0,0.0
jan_aug,2026,task_language,ljp,0,5728,6,5734,0.0,118,5610,0,0.0
jan_aug,2026,task_language,ln,0,5728,6,5734,0.0,118,5610,0,0.0
jan_aug,2026,task_language,lo,0,5728,6,5734,0.0,118,5610,0,0.0
jan_aug,2026,task_language,lt,9,5728,6,5734,0.0015712290502793297,118,5610,8,0.00142602495543672
jan_aug,2026,task_language,luo,0,5728,6,5734,0.0,118,5610,0,0.0
jan_aug,2026,task_language,lus,0,5728,6,5734,0.0,118,5610,0,0.0
jan_aug,2026,task_language,lv,6,5728,6,5734,0.001047486033519553,118,5610,5,0.00089126559714795
jan_aug,2026,task_language,lzh,3,5728,6,5734,0.0005237430167597765,118,5610,3,0.0005347593582887701
jan_aug,2026,task_language,mad,0,5728,6,5734,0.0,118,5610,0,0.0
jan_aug,2026,task_language,mag,1,5728,6,5734,0.00017458100558659218,118,5610,1,0.00017825311942959
jan_aug,2026,task_language,mai,3,5728,6,5734,0.0005237430167597765,118,5610,3,0.0005347593582887701
jan_aug,2026,task_language,mak,0,5728,6,5734,0.0,118,5610,0,0.0
jan_aug,2026,task_language,mg,1,5728,6,5734,0.00017458100558659218,118,5610,1,0.00017825311942959
jan_aug,2026,task_language,mi,1,5728,6,5734,0.00017458100558659218,118,5610,1,0.00017825311942959
jan_aug,2026,task_language,min,1,5728,6,5734,0.00017458100558659218,118,5610,1,0.00017825311942959
jan_aug,2026,task_language,mk,0,5728,6,5734,0.0,118,5610,0,0.0
jan_aug,2026,task_language,ml,9,5728,6,5734,0.0015712290502793297,118,5610,9,0.0016042780748663102
jan_aug,2026,task_language,mn,0,5728,6,5734,0.0,118,5610,0,0.0
jan_aug,2026,task_language,mni,2,5728,6,5734,0.00034916201117318437,118,5610,2,0.00035650623885918
jan_aug,2026,task_language,mr,17,5728,6,5734,0.002967877094972067,118,5610,17,0.0030303030303030303
jan_aug,2026,task_language,ms,14,5728,6,5734,0.0024441340782122905,118,5610,13,0.0023172905525846704
jan_aug,2026,task_language,mt,2,5728,6,5734,0.00034916201117318437,118,5610,2,0.00035650623885918
jan_aug,2026,task_language,mui,0,5728,6,5734,0.0,118,5610,0,0.0
jan_aug,2026,task_language,multilingual_unspecified,42,5728,6,5734,0.007332402234636872,118,5610,0,0.0
jan_aug,2026,task_language,mup,0,5728,6,5734,0.0,118,5610,0,0.0
jan_aug,2026,task_language,mwr,0,5728,6,5734,0.0,118,5610,0,0.0
jan_aug,2026,task_language,my,4,5728,6,5734,0.0006983240223463687,118,5610,4,0.00071301247771836
jan_aug,2026,task_language,nan,0,5728,6,5734,0.0,118,5610,0,0.0
jan_aug,2026,task_language,nb,2,5728,6,5734,0.00034916201117318437,118,5610,2,0.00035650623885918
jan_aug,2026,task_language,nds,0,5728,6,5734,0.0,118,5610,0,0.0
jan_aug,2026,task_language,ne,9,5728,6,5734,0.0015712290502793297,118,5610,9,0.0016042780748663102
jan_aug,2026,task_language,nij,0,5728,6,5734,0.0,118,5610,0,0.0
jan_aug,2026,task_language,nl,25,5728,6,5734,0.004364525139664804,118,5610,24,0.0042780748663101605
jan_aug,2026,task_language,nn,2,5728,6,5734,0.00034916201117318437,118,5610,1,0.00017825311942959
jan_aug,2026,task_language,no,7,5728,6,5734,0.0012220670391061453,118,5610,6,0.0010695187165775401
jan_aug,2026,task_language,nod,0,5728,6,5734,0.0,118,5610,0,0.0
jan_aug,2026,task_language,not_applicable,11,5728,6,5734,0.001920391061452514,118,5610,0,0.0
jan_aug,2026,task_language,nso,0,5728,6,5734,0.0,118,5610,0,0.0
jan_aug,2026,task_language,ny,3,5728,6,5734,0.0005237430167597765,118,5610,3,0.0005347593582887701
jan_aug,2026,task_language,nyf,0,5728,6,5734,0.0,118,5610,0,0.0
jan_aug,2026,task_language,oc,0,5728,6,5734,0.0,118,5610,0,0.0
jan_aug,2026,task_language,om,1,5728,6,5734,0.00017458100558659218,118,5610,1,0.00017825311942959
jan_aug,2026,task_language,or,8,5728,6,5734,0.0013966480446927375,118,5610,8,0.00142602495543672
jan_aug,2026,task_language,pa,12,5728,6,5734,0.002094972067039106,118,5610,12,0.0021390374331550803
jan_aug,2026,task_language,pap,0,5728,6,5734,0.0,118,5610,0,0.0
jan_aug,2026,task_language,pcm,2,5728,6,5734,0.00034916201117318437,118,5610,2,0.00035650623885918
jan_aug,2026,task_language,pfl,0,5728,6,5734,0.0,118,5610,0,0.0
jan_aug,2026,task_language,pi,1,5728,6,5734,0.00017458100558659218,118,5610,1,0.00017825311942959
jan_aug,2026,task_language,pl,29,5728,6,5734,0.005062849162011173,118,5610,27,0.004812834224598931
jan_aug,2026,task_language,pms,1,5728,6,5734,0.00017458100558659218,118,5610,1,0.00017825311942959
jan_aug,2026,task_language,ps,2,5728,6,5734,0.00034916201117318437,118,5610,2,0.00035650623885918
jan_aug,2026,task_language,pt,72,5728,6,5734,0.012569832402234637,118,5610,70,0.012477718360071301
jan_aug,2026,task_language,qu,2,5728,6,5734,0.00034916201117318437,118,5610,2,0.00035650623885918
jan_aug,2026,task_language,raj,0,5728,6,5734,0.0,118,5610,0,0.0
jan_aug,2026,task_language,rkt,1,5728,6,5734,0.00017458100558659218,118,5610,1,0.00017825311942959
jan_aug,2026,task_language,rm,0,5728,6,5734,0.0,118,5610,0,0.0
jan_aug,2026,task_language,rn,0,5728,6,5734,0.0,118,5610,0,0.0
jan_aug,2026,task_language,ro,14,5728,6,5734,0.0024441340782122905,118,5610,14,0.0024955436720142605
jan_aug,2026,task_language,ru,61,5728,6,5734,0.010649441340782122,118,5610,56,0.009982174688057042
jan_aug,2026,task_language,rw,3,5728,6,5734,0.0005237430167597765,118,5610,3,0.0005347593582887701
jan_aug,2026,task_language,sa,4,5728,6,5734,0.0006983240223463687,118,5610,4,0.00071301247771836
jan_aug,2026,task_language,sas,0,5728,6,5734,0.0,118,5610,0,0.0
jan_aug,2026,task_language,sat,0,5728,6,5734,0.0,118,5610,0,0.0
jan_aug,2026,task_language,sd,2,5728,6,5734,0.00034916201117318437,118,5610,2,0.00035650623885918
jan_aug,2026,task_language,sgc,1,5728,6,5734,0.00017458100558659218,118,5610,1,0.00017825311942959
jan_aug,2026,task_language,si,5,5728,6,5734,0.0008729050279329608,118,5610,5,0.00089126559714795
jan_aug,2026,task_language,sk,10,5728,6,5734,0.0017458100558659217,118,5610,9,0.0016042780748663102
jan_aug,2026,task_language,sl,8,5728,6,5734,0.0013966480446927375,118,5610,7,0.0012477718360071302
jan_aug,2026,task_language,sm,0,5728,6,5734,0.0,118,5610,0,0.0
jan_aug,2026,task_language,sn,0,5728,6,5734,0.0,118,5610,0,0.0
jan_aug,2026,task_language,so,3,5728,6,5734,0.0005237430167597765,118,5610,3,0.0005347593582887701
jan_aug,2026,task_language,sq,4,5728,6,5734,0.0006983240223463687,118,5610,4,0.00071301247771836
jan_aug,2026,task_language,sr,7,5728,6,5734,0.0012220670391061453,118,5610,6,0.0010695187165775401
jan_aug,2026,task_language,sso,0,5728,6,5734,0.0,118,5610,0,0.0
jan_aug,2026,task_language,st,2,5728,6,5734,0.00034916201117318437,118,5610,2,0.00035650623885918
jan_aug,2026,task_language,stq,0,5728,6,5734,0.0,118,5610,0,0.0
jan_aug,2026,task_language,su,3,5728,6,5734,0.0005237430167597765,118,5610,3,0.0005347593582887701
jan_aug,2026,task_language,sv,14,5728,6,5734,0.0024441340782122905,118,5610,12,0.0021390374331550803
jan_aug,2026,task_language,sw,30,5728,6,5734,0.005237430167597765,118,5610,29,0.00516934046345811
jan_aug,2026,task_language,syl,1,5728,6,5734,0.00017458100558659218,118,5610,1,0.00017825311942959
jan_aug,2026,task_language,ta,22,5728,6,5734,0.003840782122905028,118,5610,22,0.00392156862745098
jan_aug,2026,task_language,te,22,5728,6,5734,0.003840782122905028,118,5610,22,0.00392156862745098
jan_aug,2026,task_language,teo,0,5728,6,5734,0.0,118,5610,0,0.0
jan_aug,2026,task_language,tg,1,5728,6,5734,0.00017458100558659218,118,5610,1,0.00017825311942959
jan_aug,2026,task_language,th,34,5728,6,5734,0.005935754189944134,118,5610,32,0.00570409982174688
jan_aug,2026,task_language,ti,3,5728,6,5734,0.0005237430167597765,118,5610,3,0.0005347593582887701
jan_aug,2026,task_language,tk,0,5728,6,5734,0.0,118,5610,0,0.0
jan_aug,2026,task_language,tl,7,5728,6,5734,0.0012220670391061453,118,5610,7,0.0012477718360071302
jan_aug,2026,task_language,tn,1,5728,6,5734,0.00017458100558659218,118,5610,1,0.00017825311942959
jan_aug,2026,task_language,to,0,5728,6,5734,0.0,118,5610,0,0.0
jan_aug,2026,task_language,tpi,0,5728,6,5734,0.0,118,5610,0,0.0
jan_aug,2026,task_language,tr,35,5728,6,5734,0.006110335195530726,118,5610,33,0.0058823529411764705
jan_aug,2026,task_language,ts,0,5728,6,5734,0.0,118,5610,0,0.0
jan_aug,2026,task_language,tt,1,5728,6,5734,0.00017458100558659218,118,5610,1,0.00017825311942959
jan_aug,2026,task_language,tts,0,5728,6,5734,0.0,118,5610,0,0.0
jan_aug,2026,task_language,tw,3,5728,6,5734,0.0005237430167597765,118,5610,3,0.0005347593582887701
jan_aug,2026,task_language,ty,0,5728,6,5734,0.0,118,5610,0,0.0
jan_aug,2026,task_language,tzm,0,5728,6,5734,0.0,118,5610,0,0.0
jan_aug,2026,task_language,ug,0,5728,6,5734,0.0,118,5610,0,0.0
jan_aug,2026,task_language,uk,22,5728,6,5734,0.003840782122905028,118,5610,21,0.0037433155080213902
jan_aug,2026,task_language,umb,0,5728,6,5734,0.0,118,5610,0,0.0
jan_aug,2026,task_language,unclear,65,5728,6,5734,0.011347765363128492,118,5610,0,0.0
jan_aug,2026,task_language,ur,22,5728,6,5734,0.003840782122905028,118,5610,22,0.00392156862745098
jan_aug,2026,task_language,uz,1,5728,6,5734,0.00017458100558659218,118,5610,1,0.00017825311942959
jan_aug,2026,task_language,vi,32,5728,6,5734,0.00558659217877095,118,5610,31,0.00552584670231729
jan_aug,2026,task_language,vro,0,5728,6,5734,0.0,118,5610,0,0.0
jan_aug,2026,task_language,wad,1,5728,6,5734,0.00017458100558659218,118,5610,1,0.00017825311942959
jan_aug,2026,task_language,wo,1,5728,6,5734,0.00017458100558659218,118,5610,1,0.00017825311942959
jan_aug,2026,task_language,wuu,0,5728,6,5734,0.0,118,5610,0,0.0
jan_aug,2026,task_language,xh,4,5728,6,5734,0.0006983240223463687,118,5610,4,0.00071301247771836
jan_aug,2026,task_language,yi,1,5728,6,5734,0.00017458100558659218,118,5610,1,0.00017825311942959
jan_aug,2026,task_language,yo,13,5728,6,5734,0.0022695530726256985,118,5610,13,0.0023172905525846704
jan_aug,2026,task_language,yue,3,5728,6,5734,0.0005237430167597765,118,5610,3,0.0005347593582887701
jan_aug,2026,task_language,za,0,5728,6,5734,0.0,118,5610,0,0.0
jan_aug,2026,task_language,zh,560,5728,6,5734,0.09776536312849161,118,5610,540,0.0962566844919786
jan_aug,2026,task_language,zu,9,5728,6,5734,0.0015712290502793297,118,5610,9,0.0016042780748663102
