window,year,group,metric,n,valid_n,included_n,missing_n,share,known_n,known_positive_n,known_share,sparse
observed,all,all,en_only,11819,14741,14767,26,0.8017773556746489,14437,11819,0.818660386506892,False
observed,all,all,en_any,13587,14741,14767,26,0.9217149447120276,14437,13486,0.9341275888342453,False
observed,all,all,named_non_en,2680,14741,14767,26,0.1818058476358456,14437,2618,0.18133961349310798,False
observed,all,all,multiple_named,1798,14741,14767,26,0.12197272912285462,14437,1739,0.12045438803075431,False
observed,all,all,sentinel_present,304,14741,14767,26,0.02062275286615562,14437,0,0.0,False
observed,all,agent,en_only,2452,2752,2752,0,0.8909883720930233,2705,2452,0.9064695009242144,False
observed,all,agent,en_any,2656,2752,2752,0,0.9651162790697675,2705,2641,0.9763401109057301,False
observed,all,agent,named_non_en,263,2752,2752,0,0.09556686046511628,2705,253,0.09353049907578559,False
observed,all,agent,multiple_named,199,2752,2752,0,0.07231104651162791,2705,190,0.07024029574861368,False
observed,all,agent,sentinel_present,47,2752,2752,0,0.017078488372093022,2705,0,0.0,False
observed,all,non_agent,en_only,9367,11989,12015,26,0.7812995245641838,11732,9367,0.7984145925673372,False
observed,all,non_agent,en_any,10931,11989,12015,26,0.9117524397364251,11732,10845,0.9243948175929083,False
observed,all,non_agent,named_non_en,2417,11989,12015,26,0.20160146801234466,11732,2365,0.2015854074326628,False
observed,all,non_agent,multiple_named,1599,11989,12015,26,0.13337225790307783,11732,1549,0.13203204909648825,False
observed,all,non_agent,sentinel_present,257,11989,12015,26,0.021436316623571608,11732,0,0.0,False
observed,all,domain:cybersecurity,en_only,685,740,740,0,0.9256756756756757,729,685,0.9396433470507545,False
observed,all,domain:cybersecurity,en_any,730,740,740,0,0.9864864864864865,729,723,0.9917695473251029,False
observed,all,domain:cybersecurity,named_non_en,45,740,740,0,0.060810810810810814,729,44,0.06035665294924554,False
observed,all,domain:cybersecurity,multiple_named,39,740,740,0,0.052702702702702706,729,38,0.05212620027434842,False
observed,all,domain:cybersecurity,sentinel_present,11,740,740,0,0.014864864864864866,729,0,0.0,False
observed,all,domain:education,en_only,213,321,321,0,0.6635514018691588,310,213,0.6870967741935484,False
observed,all,domain:education,en_any,262,321,321,0,0.8161993769470405,310,260,0.8387096774193549,False
observed,all,domain:education,named_non_en,99,321,321,0,0.308411214953271,310,97,0.31290322580645163,False
observed,all,domain:education,multiple_named,51,321,321,0,0.1588785046728972,310,49,0.15806451612903225,False
observed,all,domain:education,sentinel_present,11,321,321,0,0.03426791277258567,310,0,0.0,False
observed,all,domain:engineering,en_only,922,1045,1045,0,0.8822966507177034,1021,922,0.9030362389813908,False
observed,all,domain:engineering,en_any,990,1045,1045,0,0.9473684210526315,1021,985,0.9647404505386875,False
observed,all,domain:engineering,named_non_en,102,1045,1045,0,0.09760765550239234,1021,99,0.0969637610186092,False
observed,all,domain:engineering,multiple_named,66,1045,1045,0,0.06315789473684211,1021,63,0.061704211557296766,False
observed,all,domain:engineering,sentinel_present,24,1045,1045,0,0.022966507177033493,1021,0,0.0,False
observed,all,domain:finance_and_business,en_only,999,1324,1325,1,0.7545317220543807,1295,999,0.7714285714285715,False
observed,all,domain:finance_and_business,en_any,1179,1324,1325,1,0.8904833836858006,1295,1172,0.905019305019305,False
observed,all,domain:finance_and_business,named_non_en,301,1324,1325,1,0.22734138972809667,1295,296,0.22857142857142856,False
observed,all,domain:finance_and_business,multiple_named,182,1324,1325,1,0.13746223564954682,1295,177,0.13667953667953667,False
observed,all,domain:finance_and_business,sentinel_present,29,1324,1325,1,0.02190332326283988,1295,0,0.0,False
observed,all,domain:general_or_cross_domain,en_only,5090,6190,6200,10,0.8222940226171244,6077,5090,0.8375843343755143,False
observed,all,domain:general_or_cross_domain,en_any,5857,6190,6200,10,0.9462035541195477,6077,5803,0.954911963139707,False
observed,all,domain:general_or_cross_domain,named_non_en,1026,6190,6200,10,0.16575121163166398,6077,987,0.16241566562448576,False
observed,all,domain:general_or_cross_domain,multiple_named,778,6190,6200,10,0.125686591276252,6077,740,0.12177061049860129,False
observed,all,domain:general_or_cross_domain,sentinel_present,113,6190,6200,10,0.01825525040387722,6077,0,0.0,False
observed,all,domain:healthcare_biomedicine,en_only,1288,1675,1675,0,0.768955223880597,1640,1288,0.7853658536585366,False
observed,all,domain:healthcare_biomedicine,en_any,1486,1675,1675,0,0.8871641791044776,1640,1470,0.8963414634146342,False
observed,all,domain:healthcare_biomedicine,named_non_en,362,1675,1675,0,0.21611940298507462,1640,352,0.2146341463414634,False
observed,all,domain:healthcare_biomedicine,multiple_named,202,1675,1675,0,0.12059701492537313,1640,193,0.11768292682926829,False
observed,all,domain:healthcare_biomedicine,sentinel_present,35,1675,1675,0,0.020895522388059702,1640,0,0.0,False
observed,all,domain:language_and_communication,en_only,1246,2260,2281,21,0.5513274336283186,2201,1246,0.5661063153112221,False
observed,all,domain:language_and_communication,en_any,1878,2260,2281,21,0.8309734513274336,2201,1841,0.8364379827351204,False
observed,all,domain:language_and_communication,named_non_en,980,2260,2281,21,0.4336283185840708,2201,955,0.4338936846887778,False
observed,all,domain:language_and_communication,multiple_named,663,2260,2281,21,0.29336283185840706,2201,640,0.2907769195820082,False
observed,all,domain:language_and_communication,sentinel_present,59,2260,2281,21,0.026106194690265486,2201,0,0.0,False
observed,all,domain:law_and_public_policy,en_only,278,511,511,0,0.5440313111545988,504,278,0.5515873015873016,False
observed,all,domain:law_and_public_policy,en_any,367,511,511,0,0.7181996086105675,504,363,0.7202380952380952,False
observed,all,domain:law_and_public_policy,named_non_en,229,511,511,0,0.4481409001956947,504,226,0.44841269841269843,False
observed,all,domain:law_and_public_policy,multiple_named,95,511,511,0,0.18590998043052837,504,92,0.18253968253968253,False
observed,all,domain:law_and_public_policy,sentinel_present,7,511,511,0,0.0136986301369863,504,0,0.0,False
observed,all,domain:mathematics_and_formal_reasoning,en_only,1236,1583,1587,4,0.7807959570435882,1539,1236,0.8031189083820662,False
observed,all,domain:mathematics_and_formal_reasoning,en_any,1447,1583,1587,4,0.914087176247631,1539,1431,0.9298245614035088,False
observed,all,domain:mathematics_and_formal_reasoning,named_non_en,317,1583,1587,4,0.20025268477574226,1539,303,0.1968810916179337,False
observed,all,domain:mathematics_and_formal_reasoning,multiple_named,213,1583,1587,4,0.13455464308275428,1539,200,0.1299545159194282,False
observed,all,domain:mathematics_and_formal_reasoning,sentinel_present,44,1583,1587,4,0.027795325331648767,1539,0,0.0,False
observed,all,domain:natural_sciences,en_only,1040,1273,1273,0,0.816967792615868,1255,1040,0.8286852589641435,False
observed,all,domain:natural_sciences,en_any,1175,1273,1273,0,0.9230164964650432,1255,1164,0.9274900398406375,False
observed,all,domain:natural_sciences,named_non_en,222,1273,1273,0,0.1743912018853103,1255,215,0.17131474103585656,False
observed,all,domain:natural_sciences,multiple_named,137,1273,1273,0,0.10761979575805185,1255,130,0.10358565737051793,False
observed,all,domain:natural_sciences,sentinel_present,18,1273,1273,0,0.014139827179890024,1255,0,0.0,False
observed,all,domain:other,en_only,485,566,566,0,0.8568904593639576,551,485,0.8802177858439202,False
observed,all,domain:other,en_any,531,566,566,0,0.9381625441696113,551,529,0.9600725952813067,False
observed,all,domain:other,named_non_en,67,566,566,0,0.11837455830388692,551,66,0.11978221415607986,False
observed,all,domain:other,multiple_named,46,566,566,0,0.0812720848056537,551,45,0.08166969147005444,False
observed,all,domain:other,sentinel_present,15,566,566,0,0.026501766784452298,551,0,0.0,False
observed,all,domain:social_sciences_and_humanities,en_only,1127,1694,1699,5,0.6652892561983471,1655,1127,0.6809667673716012,False
observed,all,domain:social_sciences_and_humanities,en_any,1460,1694,1699,5,0.8618654073199528,1655,1441,0.8706948640483384,False
observed,all,domain:social_sciences_and_humanities,named_non_en,544,1694,1699,5,0.32113341204250295,1655,528,0.3190332326283988,False
observed,all,domain:social_sciences_and_humanities,multiple_named,350,1694,1699,5,0.2066115702479339,1655,335,0.20241691842900303,False
observed,all,domain:social_sciences_and_humanities,sentinel_present,39,1694,1699,5,0.023022432113341203,1655,0,0.0,False
observed,all,domain:software_and_coding,en_only,2404,2652,2653,1,0.9064856711915535,2591,2404,0.9278270937861829,False
observed,all,domain:software_and_coding,en_any,2568,2652,2653,1,0.9683257918552036,2591,2552,0.9849478965650328,False
observed,all,domain:software_and_coding,named_non_en,197,2652,2653,1,0.07428355957767722,2591,187,0.07217290621381706,False
observed,all,domain:software_and_coding,multiple_named,159,2652,2653,1,0.05995475113122172,2591,150,0.057892705519104595,False
observed,all,domain:software_and_coding,sentinel_present,61,2652,2653,1,0.023001508295625944,2591,0,0.0,False
observed,2022,all,en_only,124,160,160,0,0.775,158,124,0.7848101265822784,False
observed,2022,all,en_any,147,160,160,0,0.91875,158,145,0.9177215189873418,False
observed,2022,all,named_non_en,35,160,160,0,0.21875,158,34,0.21518987341772153,False
observed,2022,all,multiple_named,24,160,160,0,0.15,158,23,0.14556962025316456,False
observed,2022,all,sentinel_present,2,160,160,0,0.0125,158,0,0.0,False
observed,2022,agent,en_only,3,4,4,0,0.75,4,3,0.75,True
observed,2022,agent,en_any,4,4,4,0,1.0,4,4,1.0,True
observed,2022,agent,named_non_en,1,4,4,0,0.25,4,1,0.25,True
observed,2022,agent,multiple_named,1,4,4,0,0.25,4,1,0.25,True
observed,2022,agent,sentinel_present,0,4,4,0,0.0,4,0,0.0,True
observed,2022,non_agent,en_only,121,156,156,0,0.7756410256410257,154,121,0.7857142857142857,False
observed,2022,non_agent,en_any,143,156,156,0,0.9166666666666666,154,141,0.9155844155844156,False
observed,2022,non_agent,named_non_en,34,156,156,0,0.21794871794871795,154,33,0.21428571428571427,False
observed,2022,non_agent,multiple_named,23,156,156,0,0.14743589743589744,154,22,0.14285714285714285,False
observed,2022,non_agent,sentinel_present,2,156,156,0,0.01282051282051282,154,0,0.0,False
observed,2022,domain:cybersecurity,en_only,1,1,1,0,1.0,1,1,1.0,True
observed,2022,domain:cybersecurity,en_any,1,1,1,0,1.0,1,1,1.0,True
observed,2022,domain:cybersecurity,named_non_en,0,1,1,0,0.0,1,0,0.0,True
observed,2022,domain:cybersecurity,multiple_named,0,1,1,0,0.0,1,0,0.0,True
observed,2022,domain:cybersecurity,sentinel_present,0,1,1,0,0.0,1,0,0.0,True
observed,2022,domain:education,en_only,0,0,0,0,,0,0,,True
observed,2022,domain:education,en_any,0,0,0,0,,0,0,,True
observed,2022,domain:education,named_non_en,0,0,0,0,,0,0,,True
observed,2022,domain:education,multiple_named,0,0,0,0,,0,0,,True
observed,2022,domain:education,sentinel_present,0,0,0,0,,0,0,,True
observed,2022,domain:engineering,en_only,2,2,2,0,1.0,2,2,1.0,True
observed,2022,domain:engineering,en_any,2,2,2,0,1.0,2,2,1.0,True
observed,2022,domain:engineering,named_non_en,0,2,2,0,0.0,2,0,0.0,True
observed,2022,domain:engineering,multiple_named,0,2,2,0,0.0,2,0,0.0,True
observed,2022,domain:engineering,sentinel_present,0,2,2,0,0.0,2,0,0.0,True
observed,2022,domain:finance_and_business,en_only,4,5,5,0,0.8,5,4,0.8,True
observed,2022,domain:finance_and_business,en_any,5,5,5,0,1.0,5,5,1.0,True
observed,2022,domain:finance_and_business,named_non_en,1,5,5,0,0.2,5,1,0.2,True
observed,2022,domain:finance_and_business,multiple_named,1,5,5,0,0.2,5,1,0.2,True
observed,2022,domain:finance_and_business,sentinel_present,0,5,5,0,0.0,5,0,0.0,True
observed,2022,domain:general_or_cross_domain,en_only,42,53,53,0,0.7924528301886793,52,42,0.8076923076923077,False
observed,2022,domain:general_or_cross_domain,en_any,49,53,53,0,0.9245283018867925,52,48,0.9230769230769231,False
observed,2022,domain:general_or_cross_domain,named_non_en,11,53,53,0,0.20754716981132076,52,10,0.19230769230769232,False
observed,2022,domain:general_or_cross_domain,multiple_named,7,53,53,0,0.1320754716981132,52,6,0.11538461538461539,False
observed,2022,domain:general_or_cross_domain,sentinel_present,1,53,53,0,0.018867924528301886,52,0,0.0,False
observed,2022,domain:healthcare_biomedicine,en_only,8,9,9,0,0.8888888888888888,8,8,1.0,True
observed,2022,domain:healthcare_biomedicine,en_any,9,9,9,0,1.0,8,8,1.0,True
observed,2022,domain:healthcare_biomedicine,named_non_en,1,9,9,0,0.1111111111111111,8,0,0.0,True
observed,2022,domain:healthcare_biomedicine,multiple_named,1,9,9,0,0.1111111111111111,8,0,0.0,True
observed,2022,domain:healthcare_biomedicine,sentinel_present,1,9,9,0,0.1111111111111111,8,0,0.0,True
observed,2022,domain:language_and_communication,en_only,58,90,90,0,0.6444444444444445,88,58,0.6590909090909091,False
observed,2022,domain:language_and_communication,en_any,79,90,90,0,0.8777777777777778,88,77,0.875,False
observed,2022,domain:language_and_communication,named_non_en,31,90,90,0,0.34444444444444444,88,30,0.3409090909090909,False
observed,2022,domain:language_and_communication,multiple_named,22,90,90,0,0.24444444444444444,88,21,0.23863636363636365,False
observed,2022,domain:language_and_communication,sentinel_present,2,90,90,0,0.022222222222222223,88,0,0.0,False
observed,2022,domain:law_and_public_policy,en_only,3,4,4,0,0.75,3,3,1.0,True
observed,2022,domain:law_and_public_policy,en_any,4,4,4,0,1.0,3,3,1.0,True
observed,2022,domain:law_and_public_policy,named_non_en,1,4,4,0,0.25,3,0,0.0,True
observed,2022,domain:law_and_public_policy,multiple_named,1,4,4,0,0.25,3,0,0.0,True
observed,2022,domain:law_and_public_policy,sentinel_present,1,4,4,0,0.25,3,0,0.0,True
observed,2022,domain:mathematics_and_formal_reasoning,en_only,13,16,16,0,0.8125,15,13,0.8666666666666667,True
observed,2022,domain:mathematics_and_formal_reasoning,en_any,16,16,16,0,1.0,15,15,1.0,True
observed,2022,domain:mathematics_and_formal_reasoning,named_non_en,3,16,16,0,0.1875,15,2,0.13333333333333333,True
observed,2022,domain:mathematics_and_formal_reasoning,multiple_named,3,16,16,0,0.1875,15,2,0.13333333333333333,True
observed,2022,domain:mathematics_and_formal_reasoning,sentinel_present,1,16,16,0,0.0625,15,0,0.0,True
observed,2022,domain:natural_sciences,en_only,5,7,7,0,0.7142857142857143,6,5,0.8333333333333334,True
observed,2022,domain:natural_sciences,en_any,6,7,7,0,0.8571428571428571,6,5,0.8333333333333334,True
observed,2022,domain:natural_sciences,named_non_en,2,7,7,0,0.2857142857142857,6,1,0.16666666666666666,True
observed,2022,domain:natural_sciences,multiple_named,1,7,7,0,0.14285714285714285,6,0,0.0,True
observed,2022,domain:natural_sciences,sentinel_present,1,7,7,0,0.14285714285714285,6,0,0.0,True
observed,2022,domain:other,en_only,4,5,5,0,0.8,5,4,0.8,True
observed,2022,domain:other,en_any,4,5,5,0,0.8,5,4,0.8,True
observed,2022,domain:other,named_non_en,1,5,5,0,0.2,5,1,0.2,True
observed,2022,domain:other,multiple_named,0,5,5,0,0.0,5,0,0.0,True
observed,2022,domain:other,sentinel_present,0,5,5,0,0.0,5,0,0.0,True
observed,2022,domain:social_sciences_and_humanities,en_only,13,15,15,0,0.8666666666666667,14,13,0.9285714285714286,True
observed,2022,domain:social_sciences_and_humanities,en_any,14,15,15,0,0.9333333333333333,14,13,0.9285714285714286,True
observed,2022,domain:social_sciences_and_humanities,named_non_en,2,15,15,0,0.13333333333333333,14,1,0.07142857142857142,True
observed,2022,domain:social_sciences_and_humanities,multiple_named,1,15,15,0,0.06666666666666667,14,0,0.0,True
observed,2022,domain:social_sciences_and_humanities,sentinel_present,1,15,15,0,0.06666666666666667,14,0,0.0,True
observed,2022,domain:software_and_coding,en_only,23,28,28,0,0.8214285714285714,26,23,0.8846153846153846,False
observed,2022,domain:software_and_coding,en_any,27,28,28,0,0.9642857142857143,26,25,0.9615384615384616,False
observed,2022,domain:software_and_coding,named_non_en,4,28,28,0,0.14285714285714285,26,3,0.11538461538461539,False
observed,2022,domain:software_and_coding,multiple_named,4,28,28,0,0.14285714285714285,26,3,0.11538461538461539,False
observed,2022,domain:software_and_coding,sentinel_present,2,28,28,0,0.07142857142857142,26,0,0.0,False
observed,2023,all,en_only,672,859,861,2,0.7823050058207218,841,672,0.7990487514863258,False
observed,2023,all,en_any,772,859,861,2,0.8987194412107101,841,768,0.9131985731272295,False
observed,2023,all,named_non_en,172,859,861,2,0.20023282887077998,841,169,0.20095124851367419,False
observed,2023,all,multiple_named,103,859,861,2,0.119906868451688,841,100,0.11890606420927467,False
observed,2023,all,sentinel_present,18,859,861,2,0.020954598370197905,841,0,0.0,False
observed,2023,agent,en_only,57,64,64,0,0.890625,62,57,0.9193548387096774,False
observed,2023,agent,en_any,59,64,64,0,0.921875,62,58,0.9354838709677419,False
observed,2023,agent,named_non_en,6,64,64,0,0.09375,62,5,0.08064516129032258,False
observed,2023,agent,multiple_named,2,64,64,0,0.03125,62,1,0.016129032258064516,False
observed,2023,agent,sentinel_present,2,64,64,0,0.03125,62,0,0.0,False
observed,2023,non_agent,en_only,615,795,797,2,0.7735849056603774,779,615,0.7894736842105263,False
observed,2023,non_agent,en_any,713,795,797,2,0.8968553459119497,779,710,0.9114249037227214,False
observed,2023,non_agent,named_non_en,166,795,797,2,0.2088050314465409,779,164,0.21052631578947367,False
observed,2023,non_agent,multiple_named,101,795,797,2,0.1270440251572327,779,99,0.12708600770218229,False
observed,2023,non_agent,sentinel_present,16,795,797,2,0.02012578616352201,779,0,0.0,False
observed,2023,domain:cybersecurity,en_only,25,28,28,0,0.8928571428571429,28,25,0.8928571428571429,False
observed,2023,domain:cybersecurity,en_any,27,28,28,0,0.9642857142857143,28,27,0.9642857142857143,False
observed,2023,domain:cybersecurity,named_non_en,3,28,28,0,0.10714285714285714,28,3,0.10714285714285714,False
observed,2023,domain:cybersecurity,multiple_named,2,28,28,0,0.07142857142857142,28,2,0.07142857142857142,False
observed,2023,domain:cybersecurity,sentinel_present,0,28,28,0,0.0,28,0,0.0,False
observed,2023,domain:education,en_only,10,14,14,0,0.7142857142857143,14,10,0.7142857142857143,True
observed,2023,domain:education,en_any,11,14,14,0,0.7857142857142857,14,11,0.7857142857142857,True
observed,2023,domain:education,named_non_en,4,14,14,0,0.2857142857142857,14,4,0.2857142857142857,True
observed,2023,domain:education,multiple_named,1,14,14,0,0.07142857142857142,14,1,0.07142857142857142,True
observed,2023,domain:education,sentinel_present,0,14,14,0,0.0,14,0,0.0,True
observed,2023,domain:engineering,en_only,41,46,46,0,0.8913043478260869,46,41,0.8913043478260869,False
observed,2023,domain:engineering,en_any,43,46,46,0,0.9347826086956522,46,43,0.9347826086956522,False
observed,2023,domain:engineering,named_non_en,5,46,46,0,0.10869565217391304,46,5,0.10869565217391304,False
observed,2023,domain:engineering,multiple_named,2,46,46,0,0.043478260869565216,46,2,0.043478260869565216,False
observed,2023,domain:engineering,sentinel_present,0,46,46,0,0.0,46,0,0.0,False
observed,2023,domain:finance_and_business,en_only,31,47,47,0,0.6595744680851063,47,31,0.6595744680851063,False
observed,2023,domain:finance_and_business,en_any,38,47,47,0,0.8085106382978723,47,38,0.8085106382978723,False
observed,2023,domain:finance_and_business,named_non_en,16,47,47,0,0.3404255319148936,47,16,0.3404255319148936,False
observed,2023,domain:finance_and_business,multiple_named,8,47,47,0,0.1702127659574468,47,8,0.1702127659574468,False
observed,2023,domain:finance_and_business,sentinel_present,0,47,47,0,0.0,47,0,0.0,False
observed,2023,domain:general_or_cross_domain,en_only,331,418,420,2,0.7918660287081339,411,331,0.805352798053528,False
observed,2023,domain:general_or_cross_domain,en_any,388,418,420,2,0.9282296650717703,411,384,0.9343065693430657,False
observed,2023,domain:general_or_cross_domain,named_non_en,83,418,420,2,0.19856459330143542,411,80,0.19464720194647203,False
observed,2023,domain:general_or_cross_domain,multiple_named,59,418,420,2,0.14114832535885166,411,56,0.1362530413625304,False
observed,2023,domain:general_or_cross_domain,sentinel_present,7,418,420,2,0.01674641148325359,411,0,0.0,False
observed,2023,domain:healthcare_biomedicine,en_only,35,64,64,0,0.546875,63,35,0.5555555555555556,False
observed,2023,domain:healthcare_biomedicine,en_any,43,64,64,0,0.671875,63,42,0.6666666666666666,False
observed,2023,domain:healthcare_biomedicine,named_non_en,29,64,64,0,0.453125,63,28,0.4444444444444444,False
observed,2023,domain:healthcare_biomedicine,multiple_named,8,64,64,0,0.125,63,7,0.1111111111111111,False
observed,2023,domain:healthcare_biomedicine,sentinel_present,1,64,64,0,0.015625,63,0,0.0,False
observed,2023,domain:language_and_communication,en_only,155,235,237,2,0.6595744680851063,228,155,0.6798245614035088,False
observed,2023,domain:language_and_communication,en_any,201,235,237,2,0.8553191489361702,228,198,0.868421052631579,False
observed,2023,domain:language_and_communication,named_non_en,75,235,237,2,0.3191489361702128,228,73,0.3201754385964912,False
observed,2023,domain:language_and_communication,multiple_named,49,235,237,2,0.20851063829787234,228,47,0.20614035087719298,False
observed,2023,domain:language_and_communication,sentinel_present,7,235,237,2,0.029787234042553193,228,0,0.0,False
observed,2023,domain:law_and_public_policy,en_only,9,22,22,0,0.4090909090909091,22,9,0.4090909090909091,False
observed,2023,domain:law_and_public_policy,en_any,12,22,22,0,0.5454545454545454,22,12,0.5454545454545454,False
observed,2023,domain:law_and_public_policy,named_non_en,13,22,22,0,0.5909090909090909,22,13,0.5909090909090909,False
observed,2023,domain:law_and_public_policy,multiple_named,3,22,22,0,0.13636363636363635,22,3,0.13636363636363635,False
observed,2023,domain:law_and_public_policy,sentinel_present,0,22,22,0,0.0,22,0,0.0,False
observed,2023,domain:mathematics_and_formal_reasoning,en_only,69,105,106,1,0.6571428571428571,100,69,0.69,False
observed,2023,domain:mathematics_and_formal_reasoning,en_any,87,105,106,1,0.8285714285714286,100,85,0.85,False
observed,2023,domain:mathematics_and_formal_reasoning,named_non_en,33,105,106,1,0.3142857142857143,100,31,0.31,False
observed,2023,domain:mathematics_and_formal_reasoning,multiple_named,18,105,106,1,0.17142857142857143,100,16,0.16,False
observed,2023,domain:mathematics_and_formal_reasoning,sentinel_present,5,105,106,1,0.047619047619047616,100,0,0.0,False
observed,2023,domain:natural_sciences,en_only,39,63,63,0,0.6190476190476191,61,39,0.639344262295082,False
observed,2023,domain:natural_sciences,en_any,50,63,63,0,0.7936507936507936,61,48,0.7868852459016393,False
observed,2023,domain:natural_sciences,named_non_en,24,63,63,0,0.38095238095238093,61,22,0.36065573770491804,False
observed,2023,domain:natural_sciences,multiple_named,12,63,63,0,0.19047619047619047,61,10,0.16393442622950818,False
observed,2023,domain:natural_sciences,sentinel_present,2,63,63,0,0.031746031746031744,61,0,0.0,False
observed,2023,domain:other,en_only,11,15,15,0,0.7333333333333333,15,11,0.7333333333333333,True
observed,2023,domain:other,en_any,13,15,15,0,0.8666666666666667,15,13,0.8666666666666667,True
observed,2023,domain:other,named_non_en,4,15,15,0,0.26666666666666666,15,4,0.26666666666666666,True
observed,2023,domain:other,multiple_named,2,15,15,0,0.13333333333333333,15,2,0.13333333333333333,True
observed,2023,domain:other,sentinel_present,0,15,15,0,0.0,15,0,0.0,True
observed,2023,domain:social_sciences_and_humanities,en_only,67,109,109,0,0.6146788990825688,108,67,0.6203703703703703,False
observed,2023,domain:social_sciences_and_humanities,en_any,90,109,109,0,0.8256880733944955,108,89,0.8240740740740741,False
observed,2023,domain:social_sciences_and_humanities,named_non_en,42,109,109,0,0.3853211009174312,108,41,0.37962962962962965,False
observed,2023,domain:social_sciences_and_humanities,multiple_named,24,109,109,0,0.22018348623853212,108,23,0.21296296296296297,False
observed,2023,domain:social_sciences_and_humanities,sentinel_present,1,109,109,0,0.009174311926605505,108,0,0.0,False
observed,2023,domain:software_and_coding,en_only,109,132,132,0,0.8257575757575758,124,109,0.8790322580645161,False
observed,2023,domain:software_and_coding,en_any,119,132,132,0,0.9015151515151515,124,118,0.9516129032258065,False
observed,2023,domain:software_and_coding,named_non_en,16,132,132,0,0.12121212121212122,124,15,0.12096774193548387,False
observed,2023,domain:software_and_coding,multiple_named,10,132,132,0,0.07575757575757576,124,9,0.07258064516129033,False
observed,2023,domain:software_and_coding,sentinel_present,8,132,132,0,0.06060606060606061,124,0,0.0,False
observed,2024,all,en_only,2159,2726,2735,9,0.7920029347028613,2684,2159,0.8043964232488823,False
observed,2024,all,en_any,2516,2726,2735,9,0.9229640498899486,2684,2495,0.9295827123695977,False
observed,2024,all,named_non_en,537,2726,2735,9,0.19699192956713132,2684,525,0.19560357675111772,False
observed,2024,all,multiple_named,358,2726,2735,9,0.13132795304475423,2684,346,0.12891207153502235,False
observed,2024,all,sentinel_present,42,2726,2735,9,0.015407190022010272,2684,0,0.0,False
observed,2024,agent,en_only,227,259,259,0,0.8764478764478765,253,227,0.8972332015810277,False
observed,2024,agent,en_any,251,259,259,0,0.9691119691119691,253,248,0.9802371541501976,False
observed,2024,agent,named_non_en,28,259,259,0,0.10810810810810811,253,26,0.10276679841897234,False
observed,2024,agent,multiple_named,23,259,259,0,0.0888030888030888,253,21,0.08300395256916997,False
observed,2024,agent,sentinel_present,6,259,259,0,0.023166023166023165,253,0,0.0,False
observed,2024,non_agent,en_only,1932,2467,2476,9,0.7831374138629915,2431,1932,0.7947346770876182,False
observed,2024,non_agent,en_any,2265,2467,2476,9,0.9181191730847182,2431,2247,0.9243109831345125,False
observed,2024,non_agent,named_non_en,509,2467,2476,9,0.2063234698013782,2431,499,0.20526532291238173,False
observed,2024,non_agent,multiple_named,335,2467,2476,9,0.13579246047831375,2431,325,0.13368983957219252,False
observed,2024,non_agent,sentinel_present,36,2467,2476,9,0.014592622618565058,2431,0,0.0,False
observed,2024,domain:cybersecurity,en_only,77,88,88,0,0.875,86,77,0.8953488372093024,False
observed,2024,domain:cybersecurity,en_any,87,88,88,0,0.9886363636363636,86,85,0.9883720930232558,False
observed,2024,domain:cybersecurity,named_non_en,9,88,88,0,0.10227272727272728,86,9,0.10465116279069768,False
observed,2024,domain:cybersecurity,multiple_named,8,88,88,0,0.09090909090909091,86,8,0.09302325581395349,False
observed,2024,domain:cybersecurity,sentinel_present,2,88,88,0,0.022727272727272728,86,0,0.0,False
observed,2024,domain:education,en_only,33,49,49,0,0.673469387755102,47,33,0.7021276595744681,False
observed,2024,domain:education,en_any,37,49,49,0,0.7551020408163265,47,36,0.7659574468085106,False
observed,2024,domain:education,named_non_en,15,49,49,0,0.30612244897959184,47,14,0.2978723404255319,False
observed,2024,domain:education,multiple_named,4,49,49,0,0.08163265306122448,47,3,0.06382978723404255,False
observed,2024,domain:education,sentinel_present,2,49,49,0,0.04081632653061224,47,0,0.0,False
observed,2024,domain:engineering,en_only,105,120,120,0,0.875,119,105,0.8823529411764706,False
observed,2024,domain:engineering,en_any,112,120,120,0,0.9333333333333333,119,112,0.9411764705882353,False
observed,2024,domain:engineering,named_non_en,14,120,120,0,0.11666666666666667,119,14,0.11764705882352941,False
observed,2024,domain:engineering,multiple_named,7,120,120,0,0.058333333333333334,119,7,0.058823529411764705,False
observed,2024,domain:engineering,sentinel_present,1,120,120,0,0.008333333333333333,119,0,0.0,False
observed,2024,domain:finance_and_business,en_only,115,172,172,0,0.6686046511627907,168,115,0.6845238095238095,False
observed,2024,domain:finance_and_business,en_any,144,172,172,0,0.8372093023255814,168,143,0.8511904761904762,False
observed,2024,domain:finance_and_business,named_non_en,54,172,172,0,0.313953488372093,168,53,0.31547619047619047,False
observed,2024,domain:finance_and_business,multiple_named,30,172,172,0,0.1744186046511628,168,29,0.17261904761904762,False
observed,2024,domain:finance_and_business,sentinel_present,4,172,172,0,0.023255813953488372,168,0,0.0,False
observed,2024,domain:general_or_cross_domain,en_only,1044,1271,1275,4,0.8214004720692368,1250,1044,0.8352,False
observed,2024,domain:general_or_cross_domain,en_any,1197,1271,1275,4,0.9417781274586939,1250,1183,0.9464,False
observed,2024,domain:general_or_cross_domain,named_non_en,216,1271,1275,4,0.16994492525570418,1250,206,0.1648,False
observed,2024,domain:general_or_cross_domain,multiple_named,154,1271,1275,4,0.12116443745082613,1250,144,0.1152,False
observed,2024,domain:general_or_cross_domain,sentinel_present,21,1271,1275,4,0.016522423288749016,1250,0,0.0,False
observed,2024,domain:healthcare_biomedicine,en_only,203,281,281,0,0.7224199288256228,277,203,0.7328519855595668,False
observed,2024,domain:healthcare_biomedicine,en_any,245,281,281,0,0.8718861209964412,277,242,0.8736462093862816,False
observed,2024,domain:healthcare_biomedicine,named_non_en,77,281,281,0,0.27402135231316727,277,74,0.26714801444043323,False
observed,2024,domain:healthcare_biomedicine,multiple_named,44,281,281,0,0.15658362989323843,277,41,0.148014440433213,False
observed,2024,domain:healthcare_biomedicine,sentinel_present,4,281,281,0,0.014234875444839857,277,0,0.0,False
observed,2024,domain:language_and_communication,en_only,285,512,520,8,0.556640625,502,285,0.5677290836653387,False
observed,2024,domain:language_and_communication,en_any,433,512,520,8,0.845703125,502,424,0.8446215139442231,False
observed,2024,domain:language_and_communication,named_non_en,224,512,520,8,0.4375,502,217,0.43227091633466136,False
observed,2024,domain:language_and_communication,multiple_named,154,512,520,8,0.30078125,502,147,0.29282868525896416,False
observed,2024,domain:language_and_communication,sentinel_present,10,512,520,8,0.01953125,502,0,0.0,False
observed,2024,domain:law_and_public_policy,en_only,40,84,84,0,0.47619047619047616,82,40,0.4878048780487805,False
observed,2024,domain:law_and_public_policy,en_any,59,84,84,0,0.7023809523809523,82,58,0.7073170731707317,False
observed,2024,domain:law_and_public_policy,named_non_en,43,84,84,0,0.5119047619047619,82,42,0.5121951219512195,False
observed,2024,domain:law_and_public_policy,multiple_named,22,84,84,0,0.2619047619047619,82,21,0.25609756097560976,False
observed,2024,domain:law_and_public_policy,sentinel_present,2,84,84,0,0.023809523809523808,82,0,0.0,False
observed,2024,domain:mathematics_and_formal_reasoning,en_only,235,322,323,1,0.7298136645962733,314,235,0.7484076433121019,False
observed,2024,domain:mathematics_and_formal_reasoning,en_any,292,322,323,1,0.906832298136646,314,287,0.9140127388535032,False
observed,2024,domain:mathematics_and_formal_reasoning,named_non_en,84,322,323,1,0.2608695652173913,314,79,0.2515923566878981,False
observed,2024,domain:mathematics_and_formal_reasoning,multiple_named,57,322,323,1,0.17701863354037267,314,52,0.16560509554140126,False
observed,2024,domain:mathematics_and_formal_reasoning,sentinel_present,8,322,323,1,0.024844720496894408,314,0,0.0,False
observed,2024,domain:natural_sciences,en_only,149,198,198,0,0.7525252525252525,196,149,0.7602040816326531,False
observed,2024,domain:natural_sciences,en_any,178,198,198,0,0.898989898989899,196,176,0.8979591836734694,False
observed,2024,domain:natural_sciences,named_non_en,49,198,198,0,0.2474747474747475,196,47,0.23979591836734693,False
observed,2024,domain:natural_sciences,multiple_named,30,198,198,0,0.15151515151515152,196,28,0.14285714285714285,False
observed,2024,domain:natural_sciences,sentinel_present,2,198,198,0,0.010101010101010102,196,0,0.0,False
observed,2024,domain:other,en_only,73,79,79,0,0.9240506329113924,78,73,0.9358974358974359,False
observed,2024,domain:other,en_any,75,79,79,0,0.9493670886075949,78,75,0.9615384615384616,False
observed,2024,domain:other,named_non_en,5,79,79,0,0.06329113924050633,78,5,0.0641025641025641,False
observed,2024,domain:other,multiple_named,2,79,79,0,0.02531645569620253,78,2,0.02564102564102564,False
observed,2024,domain:other,sentinel_present,1,79,79,0,0.012658227848101266,78,0,0.0,False
observed,2024,domain:social_sciences_and_humanities,en_only,211,312,313,1,0.6762820512820513,309,211,0.6828478964401294,False
observed,2024,domain:social_sciences_and_humanities,en_any,270,312,313,1,0.8653846153846154,309,268,0.8673139158576052,False
observed,2024,domain:social_sciences_and_humanities,named_non_en,100,312,313,1,0.32051282051282054,309,98,0.31715210355987056,False
observed,2024,domain:social_sciences_and_humanities,multiple_named,60,312,313,1,0.19230769230769232,309,58,0.18770226537216828,False
observed,2024,domain:social_sciences_and_humanities,sentinel_present,3,312,313,1,0.009615384615384616,309,0,0.0,False
observed,2024,domain:software_and_coding,en_only,399,456,456,0,0.875,447,399,0.8926174496644296,False
observed,2024,domain:software_and_coding,en_any,441,456,456,0,0.9671052631578947,447,438,0.9798657718120806,False
observed,2024,domain:software_and_coding,named_non_en,49,456,456,0,0.1074561403508772,447,48,0.10738255033557047,False
observed,2024,domain:software_and_coding,multiple_named,40,456,456,0,0.08771929824561403,447,39,0.087248322147651,False
observed,2024,domain:software_and_coding,sentinel_present,9,456,456,0,0.019736842105263157,447,0,0.0,False
observed,2025,all,en_only,4141,5268,5277,9,0.7860668185269551,5144,4141,0.8050155520995335,False
observed,2025,all,en_any,4812,5268,5277,9,0.9134396355353075,5144,4772,0.9276827371695179,False
observed,2025,all,named_non_en,1025,5268,5277,9,0.1945709946848899,5144,1003,0.19498444790046657,False
observed,2025,all,multiple_named,686,5268,5277,9,0.1302201974183751,5144,664,0.1290824261275272,False
observed,2025,all,sentinel_present,124,5268,5277,9,0.023538344722854973,5144,0,0.0,False
observed,2025,agent,en_only,710,801,801,0,0.8863920099875156,787,710,0.9021601016518425,False
observed,2025,agent,en_any,773,801,801,0,0.9650436953807741,787,768,0.9758576874205845,False
observed,2025,agent,named_non_en,81,801,801,0,0.10112359550561797,787,77,0.09783989834815757,False
observed,2025,agent,multiple_named,62,801,801,0,0.07740324594257178,787,58,0.07369758576874205,False
observed,2025,agent,sentinel_present,14,801,801,0,0.017478152309612985,787,0,0.0,False
observed,2025,non_agent,en_only,3431,4467,4476,9,0.7680770091784195,4357,3431,0.7874684415882488,False
observed,2025,non_agent,en_any,4039,4467,4476,9,0.9041862547571077,4357,4004,0.9189809501950884,False
observed,2025,non_agent,named_non_en,944,4467,4476,9,0.21132751287217372,4357,926,0.2125315584117512,False
observed,2025,non_agent,multiple_named,624,4467,4476,9,0.1396910678307589,4357,606,0.13908652742712876,False
observed,2025,non_agent,sentinel_present,110,4467,4476,9,0.024625027982986346,4357,0,0.0,False
observed,2025,domain:cybersecurity,en_only,218,235,235,0,0.9276595744680851,231,218,0.9437229437229437,False
observed,2025,domain:cybersecurity,en_any,229,235,235,0,0.9744680851063829,231,228,0.987012987012987,False
observed,2025,domain:cybersecurity,named_non_en,13,235,235,0,0.05531914893617021,231,13,0.05627705627705628,False
observed,2025,domain:cybersecurity,multiple_named,10,235,235,0,0.0425531914893617,231,10,0.04329004329004329,False
observed,2025,domain:cybersecurity,sentinel_present,4,235,235,0,0.01702127659574468,231,0,0.0,False
observed,2025,domain:education,en_only,65,109,109,0,0.5963302752293578,104,65,0.625,False
observed,2025,domain:education,en_any,85,109,109,0,0.7798165137614679,104,85,0.8173076923076923,False
observed,2025,domain:education,named_non_en,39,109,109,0,0.3577981651376147,104,39,0.375,False
observed,2025,domain:education,multiple_named,22,109,109,0,0.2018348623853211,104,22,0.21153846153846154,False
observed,2025,domain:education,sentinel_present,5,109,109,0,0.045871559633027525,104,0,0.0,False
observed,2025,domain:engineering,en_only,316,368,368,0,0.8586956521739131,354,316,0.8926553672316384,False
observed,2025,domain:engineering,en_any,343,368,368,0,0.9320652173913043,354,339,0.9576271186440678,False
observed,2025,domain:engineering,named_non_en,41,368,368,0,0.11141304347826086,354,38,0.10734463276836158,False
observed,2025,domain:engineering,multiple_named,26,368,368,0,0.07065217391304347,354,23,0.06497175141242938,False
observed,2025,domain:engineering,sentinel_present,14,368,368,0,0.03804347826086957,354,0,0.0,False
observed,2025,domain:finance_and_business,en_only,316,434,434,0,0.728110599078341,420,316,0.7523809523809524,False
observed,2025,domain:finance_and_business,en_any,377,434,434,0,0.868663594470046,420,371,0.8833333333333333,False
observed,2025,domain:finance_and_business,named_non_en,107,434,434,0,0.2465437788018433,420,104,0.24761904761904763,False
observed,2025,domain:finance_and_business,multiple_named,60,434,434,0,0.1382488479262673,420,57,0.1357142857142857,False
observed,2025,domain:finance_and_business,sentinel_present,14,434,434,0,0.03225806451612903,420,0,0.0,False
observed,2025,domain:general_or_cross_domain,en_only,1779,2211,2215,4,0.8046132971506106,2167,1779,0.8209506229810798,False
observed,2025,domain:general_or_cross_domain,en_any,2085,2211,2215,4,0.9430122116689281,2167,2067,0.9538532533456391,False
observed,2025,domain:general_or_cross_domain,named_non_en,400,2211,2215,4,0.18091361374943465,2167,388,0.17904937701892015,False
observed,2025,domain:general_or_cross_domain,multiple_named,313,2211,2215,4,0.1415649027589326,2167,301,0.1389017074296262,False
observed,2025,domain:general_or_cross_domain,sentinel_present,44,2211,2215,4,0.01990049751243781,2167,0,0.0,False
observed,2025,domain:healthcare_biomedicine,en_only,434,585,585,0,0.7418803418803419,570,434,0.7614035087719299,False
observed,2025,domain:healthcare_biomedicine,en_any,510,585,585,0,0.8717948717948718,570,502,0.8807017543859649,False
observed,2025,domain:healthcare_biomedicine,named_non_en,139,585,585,0,0.2376068376068376,570,136,0.23859649122807017,False
observed,2025,domain:healthcare_biomedicine,multiple_named,77,585,585,0,0.13162393162393163,570,74,0.12982456140350876,False
observed,2025,domain:healthcare_biomedicine,sentinel_present,15,585,585,0,0.02564102564102564,570,0,0.0,False
observed,2025,domain:language_and_communication,en_only,405,781,787,6,0.5185659411011524,756,405,0.5357142857142857,False
observed,2025,domain:language_and_communication,en_any,639,781,787,6,0.8181818181818182,756,624,0.8253968253968254,False
observed,2025,domain:language_and_communication,named_non_en,358,781,787,6,0.45838668373879643,756,351,0.4642857142857143,False
observed,2025,domain:language_and_communication,multiple_named,247,781,787,6,0.31626120358514725,756,240,0.31746031746031744,False
observed,2025,domain:language_and_communication,sentinel_present,25,781,787,6,0.03201024327784891,756,0,0.0,False
observed,2025,domain:law_and_public_policy,en_only,93,182,182,0,0.510989010989011,178,93,0.5224719101123596,False
observed,2025,domain:law_and_public_policy,en_any,124,182,182,0,0.6813186813186813,178,122,0.6853932584269663,False
observed,2025,domain:law_and_public_policy,named_non_en,86,182,182,0,0.4725274725274725,178,85,0.47752808988764045,False
observed,2025,domain:law_and_public_policy,multiple_named,33,182,182,0,0.1813186813186813,178,32,0.1797752808988764,False
observed,2025,domain:law_and_public_policy,sentinel_present,4,182,182,0,0.02197802197802198,178,0,0.0,False
observed,2025,domain:mathematics_and_formal_reasoning,en_only,476,613,614,1,0.7765089722675367,595,476,0.8,False
observed,2025,domain:mathematics_and_formal_reasoning,en_any,561,613,614,1,0.9151712887438825,595,556,0.934453781512605,False
observed,2025,domain:mathematics_and_formal_reasoning,named_non_en,121,613,614,1,0.19738988580750408,595,119,0.2,False
observed,2025,domain:mathematics_and_formal_reasoning,multiple_named,86,613,614,1,0.1402936378466558,595,84,0.1411764705882353,False
observed,2025,domain:mathematics_and_formal_reasoning,sentinel_present,18,613,614,1,0.02936378466557912,595,0,0.0,False
observed,2025,domain:natural_sciences,en_only,379,470,470,0,0.8063829787234043,462,379,0.8203463203463204,False
observed,2025,domain:natural_sciences,en_any,434,470,470,0,0.9234042553191489,462,430,0.9307359307359307,False
observed,2025,domain:natural_sciences,named_non_en,84,470,470,0,0.17872340425531916,462,83,0.17965367965367965,False
observed,2025,domain:natural_sciences,multiple_named,55,470,470,0,0.11702127659574468,462,54,0.11688311688311688,False
observed,2025,domain:natural_sciences,sentinel_present,8,470,470,0,0.01702127659574468,462,0,0.0,False
observed,2025,domain:other,en_only,181,213,213,0,0.8497652582159625,205,181,0.8829268292682927,False
observed,2025,domain:other,en_any,198,213,213,0,0.9295774647887324,205,196,0.9560975609756097,False
observed,2025,domain:other,named_non_en,25,213,213,0,0.11737089201877934,205,24,0.11707317073170732,False
observed,2025,domain:other,multiple_named,16,213,213,0,0.07511737089201878,205,15,0.07317073170731707,False
observed,2025,domain:other,sentinel_present,8,213,213,0,0.03755868544600939,205,0,0.0,False
observed,2025,domain:social_sciences_and_humanities,en_only,408,619,622,3,0.6591276252019386,603,408,0.6766169154228856,False
observed,2025,domain:social_sciences_and_humanities,en_any,528,619,622,3,0.8529886914378029,603,521,0.8640132669983416,False
observed,2025,domain:social_sciences_and_humanities,named_non_en,199,619,622,3,0.32148626817447495,603,195,0.32338308457711445,False
observed,2025,domain:social_sciences_and_humanities,multiple_named,130,619,622,3,0.210016155088853,603,126,0.208955223880597,False
observed,2025,domain:social_sciences_and_humanities,sentinel_present,16,619,622,3,0.025848142164781908,603,0,0.0,False
observed,2025,domain:software_and_coding,en_only,821,908,909,1,0.9041850220264317,885,821,0.927683615819209,False
observed,2025,domain:software_and_coding,en_any,877,908,909,1,0.9658590308370044,885,871,0.984180790960452,False
observed,2025,domain:software_and_coding,named_non_en,67,908,909,1,0.07378854625550661,885,64,0.07231638418079096,False
observed,2025,domain:software_and_coding,multiple_named,54,908,909,1,0.05947136563876652,885,51,0.0576271186440678,False
observed,2025,domain:software_and_coding,sentinel_present,23,908,909,1,0.025330396475770924,885,0,0.0,False
observed,2026,all,en_only,4723,5728,5734,6,0.8245460893854749,5610,4723,0.8418894830659537,False
observed,2026,all,en_any,5340,5728,5734,6,0.9322625698324022,5610,5306,0.9458110516934046,False
observed,2026,all,named_non_en,911,5728,5734,6,0.15904329608938547,5610,887,0.15811051693404635,False
observed,2026,all,multiple_named,627,5728,5734,6,0.1094622905027933,5610,606,0.10802139037433155,False
observed,2026,all,sentinel_present,118,5728,5734,6,0.020600558659217876,5610,0,0.0,False
observed,2026,agent,en_only,1455,1624,1624,0,0.895935960591133,1599,1455,0.9099437148217636,False
observed,2026,agent,en_any,1569,1624,1624,0,0.9661330049261084,1599,1563,0.9774859287054409,False
observed,2026,agent,named_non_en,147,1624,1624,0,0.09051724137931035,1599,144,0.0900562851782364,False
observed,2026,agent,multiple_named,111,1624,1624,0,0.06834975369458128,1599,109,0.06816760475297061,False
observed,2026,agent,sentinel_present,25,1624,1624,0,0.01539408866995074,1599,0,0.0,False
observed,2026,non_agent,en_only,3268,4104,4110,6,0.7962962962962963,4011,3268,0.8147594116180503,False
observed,2026,non_agent,en_any,3771,4104,4110,6,0.918859649122807,4011,3743,0.9331837447020693,False
observed,2026,non_agent,named_non_en,764,4104,4110,6,0.1861598440545809,4011,743,0.18524058838194965,False
observed,2026,non_agent,multiple_named,516,4104,4110,6,0.12573099415204678,4011,497,0.12390924956369982,False
observed,2026,non_agent,sentinel_present,93,4104,4110,6,0.02266081871345029,4011,0,0.0,False
observed,2026,domain:cybersecurity,en_only,364,388,388,0,0.9381443298969072,383,364,0.9503916449086162,False
observed,2026,domain:cybersecurity,en_any,386,388,388,0,0.9948453608247423,383,382,0.9973890339425587,False
observed,2026,domain:cybersecurity,named_non_en,20,388,388,0,0.05154639175257732,383,19,0.04960835509138381,False
observed,2026,domain:cybersecurity,multiple_named,19,388,388,0,0.04896907216494845,383,18,0.04699738903394256,False
observed,2026,domain:cybersecurity,sentinel_present,5,388,388,0,0.01288659793814433,383,0,0.0,False
observed,2026,domain:education,en_only,105,149,149,0,0.7046979865771812,145,105,0.7241379310344828,False
observed,2026,domain:education,en_any,129,149,149,0,0.8657718120805369,145,128,0.8827586206896552,False
observed,2026,domain:education,named_non_en,41,149,149,0,0.2751677852348993,145,40,0.27586206896551724,False
observed,2026,domain:education,multiple_named,24,149,149,0,0.1610738255033557,145,23,0.15862068965517243,False
observed,2026,domain:education,sentinel_present,4,149,149,0,0.026845637583892617,145,0,0.0,False
observed,2026,domain:engineering,en_only,458,509,509,0,0.899803536345776,500,458,0.916,False
observed,2026,domain:engineering,en_any,490,509,509,0,0.962671905697446,500,489,0.978,False
observed,2026,domain:engineering,named_non_en,42,509,509,0,0.0825147347740668,500,42,0.084,False
observed,2026,domain:engineering,multiple_named,31,509,509,0,0.060903732809430254,500,31,0.062,False
observed,2026,domain:engineering,sentinel_present,9,509,509,0,0.01768172888015717,500,0,0.0,False
observed,2026,domain:finance_and_business,en_only,533,666,667,1,0.8003003003003003,655,533,0.8137404580152672,False
observed,2026,domain:finance_and_business,en_any,615,666,667,1,0.9234234234234234,655,615,0.9389312977099237,False
observed,2026,domain:finance_and_business,named_non_en,123,666,667,1,0.18468468468468469,655,122,0.18625954198473282,False
observed,2026,domain:finance_and_business,multiple_named,83,666,667,1,0.12462462462462462,655,82,0.1251908396946565,False
observed,2026,domain:finance_and_business,sentinel_present,11,666,667,1,0.016516516516516516,655,0,0.0,False
observed,2026,domain:general_or_cross_domain,en_only,1894,2237,2237,0,0.8466696468484578,2197,1894,0.8620846609012289,False
observed,2026,domain:general_or_cross_domain,en_any,2138,2237,2237,0,0.9557443004023245,2197,2121,0.9654073736913974,False
observed,2026,domain:general_or_cross_domain,named_non_en,316,2237,2237,0,0.14126061689763075,2197,303,0.13791533909877104,False
observed,2026,domain:general_or_cross_domain,multiple_named,245,2237,2237,0,0.10952168082253018,2197,233,0.10605370960400547,False
observed,2026,domain:general_or_cross_domain,sentinel_present,40,2237,2237,0,0.017881090746535537,2197,0,0.0,False
observed,2026,domain:healthcare_biomedicine,en_only,608,736,736,0,0.8260869565217391,722,608,0.8421052631578947,False
observed,2026,domain:healthcare_biomedicine,en_any,679,736,736,0,0.9225543478260869,722,676,0.9362880886426593,False
observed,2026,domain:healthcare_biomedicine,named_non_en,116,736,736,0,0.15760869565217392,722,114,0.15789473684210525,False
observed,2026,domain:healthcare_biomedicine,multiple_named,72,736,736,0,0.09782608695652174,722,71,0.09833795013850416,False
observed,2026,domain:healthcare_biomedicine,sentinel_present,14,736,736,0,0.019021739130434784,722,0,0.0,False
observed,2026,domain:language_and_communication,en_only,343,642,647,5,0.5342679127725857,627,343,0.5470494417862839,False
observed,2026,domain:language_and_communication,en_any,526,642,647,5,0.8193146417445483,627,518,0.8261562998405104,False
observed,2026,domain:language_and_communication,named_non_en,292,642,647,5,0.45482866043613707,627,284,0.4529505582137161,False
observed,2026,domain:language_and_communication,multiple_named,191,642,647,5,0.29750778816199375,627,185,0.29505582137161085,False
observed,2026,domain:language_and_communication,sentinel_present,15,642,647,5,0.02336448598130841,627,0,0.0,False
observed,2026,domain:law_and_public_policy,en_only,133,219,219,0,0.6073059360730594,219,133,0.6073059360730594,False
observed,2026,domain:law_and_public_policy,en_any,168,219,219,0,0.7671232876712328,219,168,0.7671232876712328,False
observed,2026,domain:law_and_public_policy,named_non_en,86,219,219,0,0.3926940639269406,219,86,0.3926940639269406,False
observed,2026,domain:law_and_public_policy,multiple_named,36,219,219,0,0.1643835616438356,219,36,0.1643835616438356,False
observed,2026,domain:law_and_public_policy,sentinel_present,0,219,219,0,0.0,219,0,0.0,False
observed,2026,domain:mathematics_and_formal_reasoning,en_only,443,527,528,1,0.8406072106261859,515,443,0.8601941747572815,False
observed,2026,domain:mathematics_and_formal_reasoning,en_any,491,527,528,1,0.9316888045540797,515,488,0.9475728155339805,False
observed,2026,domain:mathematics_and_formal_reasoning,named_non_en,76,527,528,1,0.1442125237191651,515,72,0.13980582524271845,False
observed,2026,domain:mathematics_and_formal_reasoning,multiple_named,49,527,528,1,0.09297912713472485,515,46,0.08932038834951456,False
observed,2026,domain:mathematics_and_formal_reasoning,sentinel_present,12,527,528,1,0.022770398481973434,515,0,0.0,False
observed,2026,domain:natural_sciences,en_only,468,535,535,0,0.874766355140187,530,468,0.8830188679245283,False
observed,2026,domain:natural_sciences,en_any,507,535,535,0,0.9476635514018692,530,505,0.9528301886792453,False
observed,2026,domain:natural_sciences,named_non_en,63,535,535,0,0.11775700934579439,530,62,0.1169811320754717,False
observed,2026,domain:natural_sciences,multiple_named,39,535,535,0,0.07289719626168224,530,38,0.07169811320754717,False
observed,2026,domain:natural_sciences,sentinel_present,5,535,535,0,0.009345794392523364,530,0,0.0,False
observed,2026,domain:other,en_only,216,254,254,0,0.8503937007874016,248,216,0.8709677419354839,False
observed,2026,domain:other,en_any,241,254,254,0,0.9488188976377953,248,241,0.9717741935483871,False
observed,2026,domain:other,named_non_en,32,254,254,0,0.12598425196850394,248,32,0.12903225806451613,False
observed,2026,domain:other,multiple_named,26,254,254,0,0.10236220472440945,248,26,0.10483870967741936,False
observed,2026,domain:other,sentinel_present,6,254,254,0,0.023622047244094488,248,0,0.0,False
observed,2026,domain:social_sciences_and_humanities,en_only,428,639,640,1,0.6697965571205008,621,428,0.6892109500805152,False
observed,2026,domain:social_sciences_and_humanities,en_any,558,639,640,1,0.8732394366197183,621,550,0.8856682769726248,False
observed,2026,domain:social_sciences_and_humanities,named_non_en,201,639,640,1,0.3145539906103286,621,193,0.3107890499194847,False
observed,2026,domain:social_sciences_and_humanities,multiple_named,135,639,640,1,0.2112676056338028,621,128,0.20611916264090177,False
observed,2026,domain:social_sciences_and_humanities,sentinel_present,18,639,640,1,0.028169014084507043,621,0,0.0,False
observed,2026,domain:software_and_coding,en_only,1052,1128,1128,0,0.9326241134751773,1109,1052,0.9486023444544635,False
observed,2026,domain:software_and_coding,en_any,1104,1128,1128,0,0.9787234042553191,1109,1100,0.9918845807033363,False
observed,2026,domain:software_and_coding,named_non_en,61,1128,1128,0,0.054078014184397165,1109,57,0.05139765554553652,False
observed,2026,domain:software_and_coding,multiple_named,51,1128,1128,0,0.04521276595744681,1109,48,0.04328223624887286,False
observed,2026,domain:software_and_coding,sentinel_present,19,1128,1128,0,0.016843971631205674,1109,0,0.0,False
jan_aug,all,all,en_only,8959,11128,11146,18,0.8050862688713156,10918,8959,0.8205715332478476,False
jan_aug,all,all,en_any,10286,11128,11146,18,0.9243350107836089,10918,10215,0.9356109177505038,False
jan_aug,all,all,named_non_en,2003,11128,11146,18,0.1799964054636952,10918,1959,0.1794284667521524,False
jan_aug,all,all,multiple_named,1352,11128,11146,18,0.12149532710280374,10918,1311,0.12007693716797949,False
jan_aug,all,all,sentinel_present,210,11128,11146,18,0.018871315600287562,10918,0,0.0,False
jan_aug,all,agent,en_only,1992,2228,2228,0,0.8940754039497307,2193,1992,0.908344733242134,False
jan_aug,all,agent,en_any,2153,2228,2228,0,0.9663375224416517,2193,2142,0.9767441860465116,False
jan_aug,all,agent,named_non_en,208,2228,2228,0,0.0933572710951526,2193,201,0.09165526675786594,False
jan_aug,all,agent,multiple_named,157,2228,2228,0,0.07046678635547576,2193,151,0.06885544915640675,False
jan_aug,all,agent,sentinel_present,35,2228,2228,0,0.01570915619389587,2193,0,0.0,False
jan_aug,all,non_agent,en_only,6967,8900,8918,18,0.7828089887640449,8725,6967,0.7985100286532951,False
jan_aug,all,non_agent,en_any,8133,8900,8918,18,0.9138202247191011,8725,8073,0.925272206303725,False
jan_aug,all,non_agent,named_non_en,1795,8900,8918,18,0.20168539325842696,8725,1758,0.20148997134670488,False
jan_aug,all,non_agent,multiple_named,1195,8900,8918,18,0.13426966292134832,8725,1160,0.1329512893982808,False
jan_aug,all,non_agent,sentinel_present,175,8900,8918,18,0.019662921348314606,8725,0,0.0,False
jan_aug,all,domain:cybersecurity,en_only,538,579,579,0,0.9291882556131261,571,538,0.9422066549912435,False
jan_aug,all,domain:cybersecurity,en_any,573,579,579,0,0.9896373056994818,571,567,0.9929947460595446,False
jan_aug,all,domain:cybersecurity,named_non_en,34,579,579,0,0.05872193436960276,571,33,0.05779334500875657,False
jan_aug,all,domain:cybersecurity,multiple_named,30,579,579,0,0.05181347150259067,571,29,0.050788091068301226,False
jan_aug,all,domain:cybersecurity,sentinel_present,8,579,579,0,0.013816925734024179,571,0,0.0,False
jan_aug,all,domain:education,en_only,176,264,264,0,0.6666666666666666,256,176,0.6875,False
jan_aug,all,domain:education,en_any,216,264,264,0,0.8181818181818182,256,215,0.83984375,False
jan_aug,all,domain:education,named_non_en,81,264,264,0,0.3068181818181818,256,80,0.3125,False
jan_aug,all,domain:education,multiple_named,42,264,264,0,0.1590909090909091,256,41,0.16015625,False
jan_aug,all,domain:education,sentinel_present,8,264,264,0,0.030303030303030304,256,0,0.0,False
jan_aug,all,domain:engineering,en_only,708,800,800,0,0.885,786,708,0.9007633587786259,False
jan_aug,all,domain:engineering,en_any,762,800,800,0,0.9525,786,759,0.9656488549618321,False
jan_aug,all,domain:engineering,named_non_en,80,800,800,0,0.1,786,78,0.09923664122137404,False
jan_aug,all,domain:engineering,multiple_named,53,800,800,0,0.06625,786,51,0.0648854961832061,False
jan_aug,all,domain:engineering,sentinel_present,14,800,800,0,0.0175,786,0,0.0,False
jan_aug,all,domain:finance_and_business,en_only,802,1052,1053,1,0.7623574144486692,1034,802,0.7756286266924565,False
jan_aug,all,domain:finance_and_business,en_any,937,1052,1053,1,0.8906844106463878,1034,935,0.9042553191489362,False
jan_aug,all,domain:finance_and_business,named_non_en,235,1052,1053,1,0.22338403041825095,1034,232,0.22437137330754353,False
jan_aug,all,domain:finance_and_business,multiple_named,139,1052,1053,1,0.13212927756653992,1034,136,0.13152804642166344,False
jan_aug,all,domain:finance_and_business,sentinel_present,18,1052,1053,1,0.017110266159695818,1034,0,0.0,False
jan_aug,all,domain:general_or_cross_domain,en_only,3798,4621,4628,7,0.8219000216403376,4543,3798,0.8360114461809377,False
jan_aug,all,domain:general_or_cross_domain,en_any,4379,4621,4628,7,0.9476303830339753,4543,4340,0.9553158705701078,False
jan_aug,all,domain:general_or_cross_domain,named_non_en,774,4621,4628,7,0.16749621294092187,4543,745,0.1639885538190623,False
jan_aug,all,domain:general_or_cross_domain,multiple_named,589,4621,4628,7,0.12746158840077906,4543,561,0.1234866828087167,False
jan_aug,all,domain:general_or_cross_domain,sentinel_present,78,4621,4628,7,0.016879463319627787,4543,0,0.0,False
jan_aug,all,domain:healthcare_biomedicine,en_only,1012,1296,1296,0,0.7808641975308642,1273,1012,0.7949725058915946,False
jan_aug,all,domain:healthcare_biomedicine,en_any,1160,1296,1296,0,0.8950617283950617,1273,1152,0.9049489395129615,False
jan_aug,all,domain:healthcare_biomedicine,named_non_en,266,1296,1296,0,0.2052469135802469,1273,261,0.20502749410840534,False
jan_aug,all,domain:healthcare_biomedicine,multiple_named,152,1296,1296,0,0.11728395061728394,1273,148,0.11626080125687353,False
jan_aug,all,domain:healthcare_biomedicine,sentinel_present,23,1296,1296,0,0.017746913580246913,1273,0,0.0,False
jan_aug,all,domain:language_and_communication,en_only,907,1646,1660,14,0.5510328068043743,1607,907,0.5644057249533292,False
jan_aug,all,domain:language_and_communication,en_any,1366,1646,1660,14,0.8298906439854192,1607,1340,0.8338518979464842,False
jan_aug,all,domain:language_and_communication,named_non_en,716,1646,1660,14,0.4349939246658566,1607,700,0.4355942750466708,False
jan_aug,all,domain:language_and_communication,multiple_named,480,1646,1660,14,0.2916160388821385,1607,466,0.2899813316739266,False
jan_aug,all,domain:language_and_communication,sentinel_present,39,1646,1660,14,0.023693803159173753,1607,0,0.0,False
jan_aug,all,domain:law_and_public_policy,en_only,209,386,386,0,0.5414507772020726,383,209,0.5456919060052219,False
jan_aug,all,domain:law_and_public_policy,en_any,278,386,386,0,0.7202072538860104,383,277,0.7232375979112271,False
jan_aug,all,domain:law_and_public_policy,named_non_en,175,386,386,0,0.4533678756476684,383,174,0.45430809399477806,False
jan_aug,all,domain:law_and_public_policy,multiple_named,74,386,386,0,0.19170984455958548,383,73,0.1906005221932115,False
jan_aug,all,domain:law_and_public_policy,sentinel_present,3,386,386,0,0.007772020725388601,383,0,0.0,False
jan_aug,all,domain:mathematics_and_formal_reasoning,en_only,937,1195,1198,3,0.7841004184100419,1163,937,0.8056749785038693,False
jan_aug,all,domain:mathematics_and_formal_reasoning,en_any,1088,1195,1198,3,0.9104602510460251,1163,1078,0.9269131556319863,False
jan_aug,all,domain:mathematics_and_formal_reasoning,named_non_en,236,1195,1198,3,0.19748953974895397,1163,226,0.1943250214961307,False
jan_aug,all,domain:mathematics_and_formal_reasoning,multiple_named,155,1195,1198,3,0.1297071129707113,1163,146,0.12553740326741186,False
jan_aug,all,domain:mathematics_and_formal_reasoning,sentinel_present,32,1195,1198,3,0.026778242677824266,1163,0,0.0,False
jan_aug,all,domain:natural_sciences,en_only,804,971,971,0,0.8280123583934088,959,804,0.8383733055265902,False
jan_aug,all,domain:natural_sciences,en_any,900,971,971,0,0.9268795056642637,959,894,0.9322210636079249,False
jan_aug,all,domain:natural_sciences,named_non_en,159,971,971,0,0.16374871266735325,959,155,0.1616266944734098,False
jan_aug,all,domain:natural_sciences,multiple_named,99,971,971,0,0.101956745623069,959,95,0.09906152241918666,False
jan_aug,all,domain:natural_sciences,sentinel_present,12,971,971,0,0.012358393408856848,959,0,0.0,False
jan_aug,all,domain:other,en_only,375,432,432,0,0.8680555555555556,422,375,0.8886255924170616,False
jan_aug,all,domain:other,en_any,409,432,432,0,0.9467592592592593,422,408,0.966824644549763,False
jan_aug,all,domain:other,named_non_en,48,432,432,0,0.1111111111111111,422,47,0.11137440758293839,False
jan_aug,all,domain:other,multiple_named,35,432,432,0,0.08101851851851852,422,34,0.08056872037914692,False
jan_aug,all,domain:other,sentinel_present,10,432,432,0,0.023148148148148147,422,0,0.0,False
jan_aug,all,domain:social_sciences_and_humanities,en_only,833,1254,1256,2,0.664274322169059,1231,833,0.6766856214459789,False
jan_aug,all,domain:social_sciences_and_humanities,en_any,1081,1254,1256,2,0.8620414673046252,1231,1071,0.8700243704305443,False
jan_aug,all,domain:social_sciences_and_humanities,named_non_en,408,1254,1256,2,0.3253588516746411,1231,398,0.3233143785540211,False
jan_aug,all,domain:social_sciences_and_humanities,multiple_named,263,1254,1256,2,0.20972886762360446,1231,254,0.20633631194151097,False
jan_aug,all,domain:social_sciences_and_humanities,sentinel_present,23,1254,1256,2,0.018341307814992026,1231,0,0.0,False
jan_aug,all,domain:software_and_coding,en_only,1855,2035,2036,1,0.9115479115479116,1992,1855,0.9312248995983936,False
jan_aug,all,domain:software_and_coding,en_any,1977,2035,2036,1,0.9714987714987715,1992,1965,0.9864457831325302,False
jan_aug,all,domain:software_and_coding,named_non_en,146,2035,2036,1,0.07174447174447174,1992,137,0.06877510040160642,False
jan_aug,all,domain:software_and_coding,multiple_named,120,2035,2036,1,0.05896805896805897,1992,112,0.05622489959839357,False
jan_aug,all,domain:software_and_coding,sentinel_present,43,2035,2036,1,0.02113022113022113,1992,0,0.0,False
jan_aug,2022,all,en_only,50,69,69,0,0.7246376811594203,67,50,0.746268656716418,False
jan_aug,2022,all,en_any,62,69,69,0,0.8985507246376812,67,60,0.8955223880597015,False
jan_aug,2022,all,named_non_en,18,69,69,0,0.2608695652173913,67,17,0.2537313432835821,False
jan_aug,2022,all,multiple_named,13,69,69,0,0.18840579710144928,67,12,0.1791044776119403,False
jan_aug,2022,all,sentinel_present,2,69,69,0,0.028985507246376812,67,0,0.0,False
jan_aug,2022,agent,en_only,1,1,1,0,1.0,1,1,1.0,True
jan_aug,2022,agent,en_any,1,1,1,0,1.0,1,1,1.0,True
jan_aug,2022,agent,named_non_en,0,1,1,0,0.0,1,0,0.0,True
jan_aug,2022,agent,multiple_named,0,1,1,0,0.0,1,0,0.0,True
jan_aug,2022,agent,sentinel_present,0,1,1,0,0.0,1,0,0.0,True
jan_aug,2022,non_agent,en_only,49,68,68,0,0.7205882352941176,66,49,0.7424242424242424,False
jan_aug,2022,non_agent,en_any,61,68,68,0,0.8970588235294118,66,59,0.8939393939393939,False
jan_aug,2022,non_agent,named_non_en,18,68,68,0,0.2647058823529412,66,17,0.25757575757575757,False
jan_aug,2022,non_agent,multiple_named,13,68,68,0,0.19117647058823528,66,12,0.18181818181818182,False
jan_aug,2022,non_agent,sentinel_present,2,68,68,0,0.029411764705882353,66,0,0.0,False
jan_aug,2022,domain:cybersecurity,en_only,1,1,1,0,1.0,1,1,1.0,True
jan_aug,2022,domain:cybersecurity,en_any,1,1,1,0,1.0,1,1,1.0,True
jan_aug,2022,domain:cybersecurity,named_non_en,0,1,1,0,0.0,1,0,0.0,True
jan_aug,2022,domain:cybersecurity,multiple_named,0,1,1,0,0.0,1,0,0.0,True
jan_aug,2022,domain:cybersecurity,sentinel_present,0,1,1,0,0.0,1,0,0.0,True
jan_aug,2022,domain:education,en_only,0,0,0,0,,0,0,,True
jan_aug,2022,domain:education,en_any,0,0,0,0,,0,0,,True
jan_aug,2022,domain:education,named_non_en,0,0,0,0,,0,0,,True
jan_aug,2022,domain:education,multiple_named,0,0,0,0,,0,0,,True
jan_aug,2022,domain:education,sentinel_present,0,0,0,0,,0,0,,True
jan_aug,2022,domain:engineering,en_only,1,1,1,0,1.0,1,1,1.0,True
jan_aug,2022,domain:engineering,en_any,1,1,1,0,1.0,1,1,1.0,True
jan_aug,2022,domain:engineering,named_non_en,0,1,1,0,0.0,1,0,0.0,True
jan_aug,2022,domain:engineering,multiple_named,0,1,1,0,0.0,1,0,0.0,True
jan_aug,2022,domain:engineering,sentinel_present,0,1,1,0,0.0,1,0,0.0,True
jan_aug,2022,domain:finance_and_business,en_only,3,4,4,0,0.75,4,3,0.75,True
jan_aug,2022,domain:finance_and_business,en_any,4,4,4,0,1.0,4,4,1.0,True
jan_aug,2022,domain:finance_and_business,named_non_en,1,4,4,0,0.25,4,1,0.25,True
jan_aug,2022,domain:finance_and_business,multiple_named,1,4,4,0,0.25,4,1,0.25,True
jan_aug,2022,domain:finance_and_business,sentinel_present,0,4,4,0,0.0,4,0,0.0,True
jan_aug,2022,domain:general_or_cross_domain,en_only,15,19,19,0,0.7894736842105263,18,15,0.8333333333333334,True
jan_aug,2022,domain:general_or_cross_domain,en_any,19,19,19,0,1.0,18,18,1.0,True
jan_aug,2022,domain:general_or_cross_domain,named_non_en,4,19,19,0,0.21052631578947367,18,3,0.16666666666666666,True
jan_aug,2022,domain:general_or_cross_domain,multiple_named,4,19,19,0,0.21052631578947367,18,3,0.16666666666666666,True
jan_aug,2022,domain:general_or_cross_domain,sentinel_present,1,19,19,0,0.05263157894736842,18,0,0.0,True
jan_aug,2022,domain:healthcare_biomedicine,en_only,4,5,5,0,0.8,4,4,1.0,True
jan_aug,2022,domain:healthcare_biomedicine,en_any,5,5,5,0,1.0,4,4,1.0,True
jan_aug,2022,domain:healthcare_biomedicine,named_non_en,1,5,5,0,0.2,4,0,0.0,True
jan_aug,2022,domain:healthcare_biomedicine,multiple_named,1,5,5,0,0.2,4,0,0.0,True
jan_aug,2022,domain:healthcare_biomedicine,sentinel_present,1,5,5,0,0.2,4,0,0.0,True
jan_aug,2022,domain:language_and_communication,en_only,20,39,39,0,0.5128205128205128,37,20,0.5405405405405406,False
jan_aug,2022,domain:language_and_communication,en_any,32,39,39,0,0.8205128205128205,37,30,0.8108108108108109,False
jan_aug,2022,domain:language_and_communication,named_non_en,18,39,39,0,0.46153846153846156,37,17,0.4594594594594595,False
jan_aug,2022,domain:language_and_communication,multiple_named,13,39,39,0,0.3333333333333333,37,12,0.32432432432432434,False
jan_aug,2022,domain:language_and_communication,sentinel_present,2,39,39,0,0.05128205128205128,37,0,0.0,False
jan_aug,2022,domain:law_and_public_policy,en_only,1,2,2,0,0.5,1,1,1.0,True
jan_aug,2022,domain:law_and_public_policy,en_any,2,2,2,0,1.0,1,1,1.0,True
jan_aug,2022,domain:law_and_public_policy,named_non_en,1,2,2,0,0.5,1,0,0.0,True
jan_aug,2022,domain:law_and_public_policy,multiple_named,1,2,2,0,0.5,1,0,0.0,True
jan_aug,2022,domain:law_and_public_policy,sentinel_present,1,2,2,0,0.5,1,0,0.0,True
jan_aug,2022,domain:mathematics_and_formal_reasoning,en_only,4,5,5,0,0.8,4,4,1.0,True
jan_aug,2022,domain:mathematics_and_formal_reasoning,en_any,5,5,5,0,1.0,4,4,1.0,True
jan_aug,2022,domain:mathematics_and_formal_reasoning,named_non_en,1,5,5,0,0.2,4,0,0.0,True
jan_aug,2022,domain:mathematics_and_formal_reasoning,multiple_named,1,5,5,0,0.2,4,0,0.0,True
jan_aug,2022,domain:mathematics_and_formal_reasoning,sentinel_present,1,5,5,0,0.2,4,0,0.0,True
jan_aug,2022,domain:natural_sciences,en_only,2,3,3,0,0.6666666666666666,2,2,1.0,True
jan_aug,2022,domain:natural_sciences,en_any,3,3,3,0,1.0,2,2,1.0,True
jan_aug,2022,domain:natural_sciences,named_non_en,1,3,3,0,0.3333333333333333,2,0,0.0,True
jan_aug,2022,domain:natural_sciences,multiple_named,1,3,3,0,0.3333333333333333,2,0,0.0,True
jan_aug,2022,domain:natural_sciences,sentinel_present,1,3,3,0,0.3333333333333333,2,0,0.0,True
jan_aug,2022,domain:other,en_only,1,1,1,0,1.0,1,1,1.0,True
jan_aug,2022,domain:other,en_any,1,1,1,0,1.0,1,1,1.0,True
jan_aug,2022,domain:other,named_non_en,0,1,1,0,0.0,1,0,0.0,True
jan_aug,2022,domain:other,multiple_named,0,1,1,0,0.0,1,0,0.0,True
jan_aug,2022,domain:other,sentinel_present,0,1,1,0,0.0,1,0,0.0,True
jan_aug,2022,domain:social_sciences_and_humanities,en_only,7,8,8,0,0.875,7,7,1.0,True
jan_aug,2022,domain:social_sciences_and_humanities,en_any,8,8,8,0,1.0,7,7,1.0,True
jan_aug,2022,domain:social_sciences_and_humanities,named_non_en,1,8,8,0,0.125,7,0,0.0,True
jan_aug,2022,domain:social_sciences_and_humanities,multiple_named,1,8,8,0,0.125,7,0,0.0,True
jan_aug,2022,domain:social_sciences_and_humanities,sentinel_present,1,8,8,0,0.125,7,0,0.0,True
jan_aug,2022,domain:software_and_coding,en_only,10,13,13,0,0.7692307692307693,11,10,0.9090909090909091,True
jan_aug,2022,domain:software_and_coding,en_any,12,13,13,0,0.9230769230769231,11,10,0.9090909090909091,True
jan_aug,2022,domain:software_and_coding,named_non_en,2,13,13,0,0.15384615384615385,11,1,0.09090909090909091,True
jan_aug,2022,domain:software_and_coding,multiple_named,2,13,13,0,0.15384615384615385,11,1,0.09090909090909091,True
jan_aug,2022,domain:software_and_coding,sentinel_present,2,13,13,0,0.15384615384615385,11,0,0.0,True
jan_aug,2023,all,en_only,280,375,376,1,0.7466666666666667,365,280,0.7671232876712328,False
jan_aug,2023,all,en_any,330,375,376,1,0.88,365,328,0.8986301369863013,False
jan_aug,2023,all,named_non_en,86,375,376,1,0.22933333333333333,365,85,0.2328767123287671,False
jan_aug,2023,all,multiple_named,51,375,376,1,0.136,365,50,0.136986301369863,False
jan_aug,2023,all,sentinel_present,10,375,376,1,0.02666666666666667,365,0,0.0,False
jan_aug,2023,agent,en_only,18,23,23,0,0.782608695652174,21,18,0.8571428571428571,False
jan_aug,2023,agent,en_any,20,23,23,0,0.8695652173913043,21,19,0.9047619047619048,False
jan_aug,2023,agent,named_non_en,4,23,23,0,0.17391304347826086,21,3,0.14285714285714285,False
jan_aug,2023,agent,multiple_named,2,23,23,0,0.08695652173913043,21,1,0.047619047619047616,False
jan_aug,2023,agent,sentinel_present,2,23,23,0,0.08695652173913043,21,0,0.0,False
jan_aug,2023,non_agent,en_only,262,352,353,1,0.7443181818181818,344,262,0.7616279069767442,False
jan_aug,2023,non_agent,en_any,310,352,353,1,0.8806818181818182,344,309,0.8982558139534884,False
jan_aug,2023,non_agent,named_non_en,82,352,353,1,0.23295454545454544,344,82,0.23837209302325582,False
jan_aug,2023,non_agent,multiple_named,49,352,353,1,0.13920454545454544,344,49,0.14244186046511628,False
jan_aug,2023,non_agent,sentinel_present,8,352,353,1,0.022727272727272728,344,0,0.0,False
jan_aug,2023,domain:cybersecurity,en_only,8,9,9,0,0.8888888888888888,9,8,0.8888888888888888,True
jan_aug,2023,domain:cybersecurity,en_any,8,9,9,0,0.8888888888888888,9,8,0.8888888888888888,True
jan_aug,2023,domain:cybersecurity,named_non_en,1,9,9,0,0.1111111111111111,9,1,0.1111111111111111,True
jan_aug,2023,domain:cybersecurity,multiple_named,0,9,9,0,0.0,9,0,0.0,True
jan_aug,2023,domain:cybersecurity,sentinel_present,0,9,9,0,0.0,9,0,0.0,True
jan_aug,2023,domain:education,en_only,5,9,9,0,0.5555555555555556,9,5,0.5555555555555556,True
jan_aug,2023,domain:education,en_any,6,9,9,0,0.6666666666666666,9,6,0.6666666666666666,True
jan_aug,2023,domain:education,named_non_en,4,9,9,0,0.4444444444444444,9,4,0.4444444444444444,True
jan_aug,2023,domain:education,multiple_named,1,9,9,0,0.1111111111111111,9,1,0.1111111111111111,True
jan_aug,2023,domain:education,sentinel_present,0,9,9,0,0.0,9,0,0.0,True
jan_aug,2023,domain:engineering,en_only,15,19,19,0,0.7894736842105263,19,15,0.7894736842105263,True
jan_aug,2023,domain:engineering,en_any,16,19,19,0,0.8421052631578947,19,16,0.8421052631578947,True
jan_aug,2023,domain:engineering,named_non_en,4,19,19,0,0.21052631578947367,19,4,0.21052631578947367,True
jan_aug,2023,domain:engineering,multiple_named,1,19,19,0,0.05263157894736842,19,1,0.05263157894736842,True
jan_aug,2023,domain:engineering,sentinel_present,0,19,19,0,0.0,19,0,0.0,True
jan_aug,2023,domain:finance_and_business,en_only,13,23,23,0,0.5652173913043478,23,13,0.5652173913043478,False
jan_aug,2023,domain:finance_and_business,en_any,17,23,23,0,0.7391304347826086,23,17,0.7391304347826086,False
jan_aug,2023,domain:finance_and_business,named_non_en,10,23,23,0,0.43478260869565216,23,10,0.43478260869565216,False
jan_aug,2023,domain:finance_and_business,multiple_named,5,23,23,0,0.21739130434782608,23,5,0.21739130434782608,False
jan_aug,2023,domain:finance_and_business,sentinel_present,0,23,23,0,0.0,23,0,0.0,False
jan_aug,2023,domain:general_or_cross_domain,en_only,121,167,168,1,0.7245508982035929,164,121,0.7378048780487805,False
jan_aug,2023,domain:general_or_cross_domain,en_any,152,167,168,1,0.9101796407185628,164,150,0.9146341463414634,False
jan_aug,2023,domain:general_or_cross_domain,named_non_en,44,167,168,1,0.2634730538922156,164,43,0.2621951219512195,False
jan_aug,2023,domain:general_or_cross_domain,multiple_named,31,167,168,1,0.18562874251497005,164,30,0.18292682926829268,False
jan_aug,2023,domain:general_or_cross_domain,sentinel_present,3,167,168,1,0.017964071856287425,164,0,0.0,False
jan_aug,2023,domain:healthcare_biomedicine,en_only,11,28,28,0,0.39285714285714285,28,11,0.39285714285714285,False
jan_aug,2023,domain:healthcare_biomedicine,en_any,16,28,28,0,0.5714285714285714,28,16,0.5714285714285714,False
jan_aug,2023,domain:healthcare_biomedicine,named_non_en,17,28,28,0,0.6071428571428571,28,17,0.6071428571428571,False
jan_aug,2023,domain:healthcare_biomedicine,multiple_named,5,28,28,0,0.17857142857142858,28,5,0.17857142857142858,False
jan_aug,2023,domain:healthcare_biomedicine,sentinel_present,0,28,28,0,0.0,28,0,0.0,False
jan_aug,2023,domain:language_and_communication,en_only,80,122,123,1,0.6557377049180327,119,80,0.6722689075630253,False
jan_aug,2023,domain:language_and_communication,en_any,104,122,123,1,0.8524590163934426,119,103,0.865546218487395,False
jan_aug,2023,domain:language_and_communication,named_non_en,39,122,123,1,0.319672131147541,119,39,0.3277310924369748,False
jan_aug,2023,domain:language_and_communication,multiple_named,25,122,123,1,0.20491803278688525,119,25,0.21008403361344538,False
jan_aug,2023,domain:language_and_communication,sentinel_present,3,122,123,1,0.02459016393442623,119,0,0.0,False
jan_aug,2023,domain:law_and_public_policy,en_only,4,12,12,0,0.3333333333333333,12,4,0.3333333333333333,True
jan_aug,2023,domain:law_and_public_policy,en_any,7,12,12,0,0.5833333333333334,12,7,0.5833333333333334,True
jan_aug,2023,domain:law_and_public_policy,named_non_en,8,12,12,0,0.6666666666666666,12,8,0.6666666666666666,True
jan_aug,2023,domain:law_and_public_policy,multiple_named,3,12,12,0,0.25,12,3,0.25,True
jan_aug,2023,domain:law_and_public_policy,sentinel_present,0,12,12,0,0.0,12,0,0.0,True
jan_aug,2023,domain:mathematics_and_formal_reasoning,en_only,31,54,54,0,0.5740740740740741,51,31,0.6078431372549019,False
jan_aug,2023,domain:mathematics_and_formal_reasoning,en_any,42,54,54,0,0.7777777777777778,51,41,0.803921568627451,False
jan_aug,2023,domain:mathematics_and_formal_reasoning,named_non_en,21,54,54,0,0.3888888888888889,51,20,0.39215686274509803,False
jan_aug,2023,domain:mathematics_and_formal_reasoning,multiple_named,11,54,54,0,0.2037037037037037,51,10,0.19607843137254902,False
jan_aug,2023,domain:mathematics_and_formal_reasoning,sentinel_present,3,54,54,0,0.05555555555555555,51,0,0.0,False
jan_aug,2023,domain:natural_sciences,en_only,16,29,29,0,0.5517241379310345,29,16,0.5517241379310345,False
jan_aug,2023,domain:natural_sciences,en_any,23,29,29,0,0.7931034482758621,29,23,0.7931034482758621,False
jan_aug,2023,domain:natural_sciences,named_non_en,13,29,29,0,0.4482758620689655,29,13,0.4482758620689655,False
jan_aug,2023,domain:natural_sciences,multiple_named,7,29,29,0,0.2413793103448276,29,7,0.2413793103448276,False
jan_aug,2023,domain:natural_sciences,sentinel_present,0,29,29,0,0.0,29,0,0.0,False
jan_aug,2023,domain:other,en_only,5,7,7,0,0.7142857142857143,7,5,0.7142857142857143,True
jan_aug,2023,domain:other,en_any,6,7,7,0,0.8571428571428571,7,6,0.8571428571428571,True
jan_aug,2023,domain:other,named_non_en,2,7,7,0,0.2857142857142857,7,2,0.2857142857142857,True
jan_aug,2023,domain:other,multiple_named,1,7,7,0,0.14285714285714285,7,1,0.14285714285714285,True
jan_aug,2023,domain:other,sentinel_present,0,7,7,0,0.0,7,0,0.0,True
jan_aug,2023,domain:social_sciences_and_humanities,en_only,28,53,53,0,0.5283018867924528,53,28,0.5283018867924528,False
jan_aug,2023,domain:social_sciences_and_humanities,en_any,42,53,53,0,0.7924528301886793,53,42,0.7924528301886793,False
jan_aug,2023,domain:social_sciences_and_humanities,named_non_en,25,53,53,0,0.4716981132075472,53,25,0.4716981132075472,False
jan_aug,2023,domain:social_sciences_and_humanities,multiple_named,14,53,53,0,0.2641509433962264,53,14,0.2641509433962264,False
jan_aug,2023,domain:social_sciences_and_humanities,sentinel_present,0,53,53,0,0.0,53,0,0.0,False
jan_aug,2023,domain:software_and_coding,en_only,56,70,70,0,0.8,64,56,0.875,False
jan_aug,2023,domain:software_and_coding,en_any,60,70,70,0,0.8571428571428571,64,59,0.921875,False
jan_aug,2023,domain:software_and_coding,named_non_en,9,70,70,0,0.12857142857142856,64,8,0.125,False
jan_aug,2023,domain:software_and_coding,multiple_named,4,70,70,0,0.05714285714285714,64,3,0.046875,False
jan_aug,2023,domain:software_and_coding,sentinel_present,6,70,70,0,0.08571428571428572,64,0,0.0,False
jan_aug,2024,all,en_only,1332,1677,1683,6,0.7942754919499105,1658,1332,0.8033775633293124,False
jan_aug,2024,all,en_any,1548,1677,1683,6,0.9230769230769231,1658,1537,0.9270205066344994,False
jan_aug,2024,all,named_non_en,331,1677,1683,6,0.197376267143709,1658,326,0.19662243667068757,False
jan_aug,2024,all,multiple_named,215,1677,1683,6,0.1282051282051282,1658,210,0.12665862484921592,False
jan_aug,2024,all,sentinel_present,19,1677,1683,6,0.011329755515802028,1658,0,0.0,False
jan_aug,2024,agent,en_only,137,152,152,0,0.9013157894736842,149,137,0.9194630872483222,False
jan_aug,2024,agent,en_any,150,152,152,0,0.9868421052631579,149,148,0.9932885906040269,False
jan_aug,2024,agent,named_non_en,13,152,152,0,0.08552631578947369,149,12,0.08053691275167785,False
jan_aug,2024,agent,multiple_named,12,152,152,0,0.07894736842105263,149,11,0.0738255033557047,False
jan_aug,2024,agent,sentinel_present,3,152,152,0,0.019736842105263157,149,0,0.0,False
jan_aug,2024,non_agent,en_only,1195,1525,1531,6,0.7836065573770492,1509,1195,0.7919151756129887,False
jan_aug,2024,non_agent,en_any,1398,1525,1531,6,0.9167213114754098,1509,1389,0.9204771371769384,False
jan_aug,2024,non_agent,named_non_en,318,1525,1531,6,0.20852459016393443,1509,314,0.20808482438701126,False
jan_aug,2024,non_agent,multiple_named,203,1525,1531,6,0.13311475409836065,1509,199,0.1318754141815772,False
jan_aug,2024,non_agent,sentinel_present,16,1525,1531,6,0.010491803278688525,1509,0,0.0,False
jan_aug,2024,domain:cybersecurity,en_only,44,51,51,0,0.8627450980392157,49,44,0.8979591836734694,False
jan_aug,2024,domain:cybersecurity,en_any,51,51,51,0,1.0,49,49,1.0,False
jan_aug,2024,domain:cybersecurity,named_non_en,5,51,51,0,0.09803921568627451,49,5,0.10204081632653061,False
jan_aug,2024,domain:cybersecurity,multiple_named,5,51,51,0,0.09803921568627451,49,5,0.10204081632653061,False
jan_aug,2024,domain:cybersecurity,sentinel_present,2,51,51,0,0.0392156862745098,49,0,0.0,False
jan_aug,2024,domain:education,en_only,25,35,35,0,0.7142857142857143,35,25,0.7142857142857143,False
jan_aug,2024,domain:education,en_any,28,35,35,0,0.8,35,28,0.8,False
jan_aug,2024,domain:education,named_non_en,10,35,35,0,0.2857142857142857,35,10,0.2857142857142857,False
jan_aug,2024,domain:education,multiple_named,3,35,35,0,0.08571428571428572,35,3,0.08571428571428572,False
jan_aug,2024,domain:education,sentinel_present,0,35,35,0,0.0,35,0,0.0,False
jan_aug,2024,domain:engineering,en_only,52,61,61,0,0.8524590163934426,61,52,0.8524590163934426,False
jan_aug,2024,domain:engineering,en_any,56,61,61,0,0.9180327868852459,61,56,0.9180327868852459,False
jan_aug,2024,domain:engineering,named_non_en,9,61,61,0,0.14754098360655737,61,9,0.14754098360655737,False
jan_aug,2024,domain:engineering,multiple_named,4,61,61,0,0.06557377049180328,61,4,0.06557377049180328,False
jan_aug,2024,domain:engineering,sentinel_present,0,61,61,0,0.0,61,0,0.0,False
jan_aug,2024,domain:finance_and_business,en_only,72,102,102,0,0.7058823529411765,101,72,0.7128712871287128,False
jan_aug,2024,domain:finance_and_business,en_any,86,102,102,0,0.8431372549019608,101,86,0.8514851485148515,False
jan_aug,2024,domain:finance_and_business,named_non_en,29,102,102,0,0.28431372549019607,101,29,0.2871287128712871,False
jan_aug,2024,domain:finance_and_business,multiple_named,14,102,102,0,0.13725490196078433,101,14,0.13861386138613863,False
jan_aug,2024,domain:finance_and_business,sentinel_present,1,102,102,0,0.00980392156862745,101,0,0.0,False
jan_aug,2024,domain:general_or_cross_domain,en_only,648,789,792,3,0.8212927756653993,779,648,0.8318356867779204,False
jan_aug,2024,domain:general_or_cross_domain,en_any,739,789,792,3,0.9366286438529785,779,733,0.9409499358151476,False
jan_aug,2024,domain:general_or_cross_domain,named_non_en,136,789,792,3,0.17237008871989862,779,131,0.1681643132220796,False
jan_aug,2024,domain:general_or_cross_domain,multiple_named,92,789,792,3,0.11660329531051965,779,87,0.1116816431322208,False
jan_aug,2024,domain:general_or_cross_domain,sentinel_present,10,789,792,3,0.012674271229404309,779,0,0.0,False
jan_aug,2024,domain:healthcare_biomedicine,en_only,127,174,174,0,0.7298850574712644,172,127,0.7383720930232558,False
jan_aug,2024,domain:healthcare_biomedicine,en_any,151,174,174,0,0.867816091954023,172,150,0.872093023255814,False
jan_aug,2024,domain:healthcare_biomedicine,named_non_en,46,174,174,0,0.26436781609195403,172,45,0.2616279069767442,False
jan_aug,2024,domain:healthcare_biomedicine,multiple_named,25,174,174,0,0.14367816091954022,172,24,0.13953488372093023,False
jan_aug,2024,domain:healthcare_biomedicine,sentinel_present,2,174,174,0,0.011494252873563218,172,0,0.0,False
jan_aug,2024,domain:language_and_communication,en_only,190,328,334,6,0.5792682926829268,324,190,0.5864197530864198,False
jan_aug,2024,domain:language_and_communication,en_any,275,328,334,6,0.8384146341463414,324,271,0.8364197530864198,False
jan_aug,2024,domain:language_and_communication,named_non_en,136,328,334,6,0.4146341463414634,324,134,0.41358024691358025,False
jan_aug,2024,domain:language_and_communication,multiple_named,87,328,334,6,0.2652439024390244,324,85,0.2623456790123457,False
jan_aug,2024,domain:language_and_communication,sentinel_present,4,328,334,6,0.012195121951219513,324,0,0.0,False
jan_aug,2024,domain:law_and_public_policy,en_only,21,46,46,0,0.45652173913043476,45,21,0.4666666666666667,False
jan_aug,2024,domain:law_and_public_policy,en_any,32,46,46,0,0.6956521739130435,45,32,0.7111111111111111,False
jan_aug,2024,domain:law_and_public_policy,named_non_en,24,46,46,0,0.5217391304347826,45,24,0.5333333333333333,False
jan_aug,2024,domain:law_and_public_policy,multiple_named,12,46,46,0,0.2608695652173913,45,12,0.26666666666666666,False
jan_aug,2024,domain:law_and_public_policy,sentinel_present,1,46,46,0,0.021739130434782608,45,0,0.0,False
jan_aug,2024,domain:mathematics_and_formal_reasoning,en_only,156,209,210,1,0.7464114832535885,205,156,0.7609756097560976,False
jan_aug,2024,domain:mathematics_and_formal_reasoning,en_any,188,209,210,1,0.8995215311004785,205,186,0.9073170731707317,False
jan_aug,2024,domain:mathematics_and_formal_reasoning,named_non_en,51,209,210,1,0.24401913875598086,205,49,0.23902439024390243,False
jan_aug,2024,domain:mathematics_and_formal_reasoning,multiple_named,32,209,210,1,0.15311004784688995,205,30,0.14634146341463414,False
jan_aug,2024,domain:mathematics_and_formal_reasoning,sentinel_present,4,209,210,1,0.019138755980861243,205,0,0.0,False
jan_aug,2024,domain:natural_sciences,en_only,90,121,121,0,0.743801652892562,120,90,0.75,False
jan_aug,2024,domain:natural_sciences,en_any,105,121,121,0,0.8677685950413223,120,104,0.8666666666666667,False
jan_aug,2024,domain:natural_sciences,named_non_en,31,121,121,0,0.256198347107438,120,30,0.25,False
jan_aug,2024,domain:natural_sciences,multiple_named,16,121,121,0,0.1322314049586777,120,15,0.125,False
jan_aug,2024,domain:natural_sciences,sentinel_present,1,121,121,0,0.008264462809917356,120,0,0.0,False
jan_aug,2024,domain:other,en_only,40,41,41,0,0.975609756097561,41,40,0.975609756097561,False
jan_aug,2024,domain:other,en_any,40,41,41,0,0.975609756097561,41,40,0.975609756097561,False
jan_aug,2024,domain:other,named_non_en,1,41,41,0,0.024390243902439025,41,1,0.024390243902439025,False
jan_aug,2024,domain:other,multiple_named,0,41,41,0,0.0,41,0,0.0,False
jan_aug,2024,domain:other,sentinel_present,0,41,41,0,0.0,41,0,0.0,False
jan_aug,2024,domain:social_sciences_and_humanities,en_only,130,191,191,0,0.680628272251309,191,130,0.680628272251309,False
jan_aug,2024,domain:social_sciences_and_humanities,en_any,164,191,191,0,0.8586387434554974,191,164,0.8586387434554974,False
jan_aug,2024,domain:social_sciences_and_humanities,named_non_en,61,191,191,0,0.3193717277486911,191,61,0.3193717277486911,False
jan_aug,2024,domain:social_sciences_and_humanities,multiple_named,34,191,191,0,0.17801047120418848,191,34,0.17801047120418848,False
jan_aug,2024,domain:social_sciences_and_humanities,sentinel_present,0,191,191,0,0.0,191,0,0.0,False
jan_aug,2024,domain:software_and_coding,en_only,240,270,270,0,0.8888888888888888,268,240,0.8955223880597015,False
jan_aug,2024,domain:software_and_coding,en_any,265,270,270,0,0.9814814814814815,268,264,0.9850746268656716,False
jan_aug,2024,domain:software_and_coding,named_non_en,28,270,270,0,0.1037037037037037,268,28,0.1044776119402985,False
jan_aug,2024,domain:software_and_coding,multiple_named,24,270,270,0,0.08888888888888889,268,24,0.08955223880597014,False
jan_aug,2024,domain:software_and_coding,sentinel_present,2,270,270,0,0.007407407407407408,268,0,0.0,False
jan_aug,2025,all,en_only,2574,3279,3284,5,0.7849954254345837,3218,2574,0.7998756991920447,False
jan_aug,2025,all,en_any,3006,3279,3284,5,0.9167429094236048,3218,2984,0.9272840273461778,False
jan_aug,2025,all,named_non_en,657,3279,3284,5,0.20036596523330283,3218,644,0.20012430080795526,False
jan_aug,2025,all,multiple_named,446,3279,3284,5,0.13601707837755414,3218,433,0.13455562461155998,False
jan_aug,2025,all,sentinel_present,61,3279,3284,5,0.018603232692894173,3218,0,0.0,False
jan_aug,2025,agent,en_only,381,428,428,0,0.8901869158878505,423,381,0.900709219858156,False
jan_aug,2025,agent,en_any,413,428,428,0,0.9649532710280374,423,411,0.9716312056737588,False
jan_aug,2025,agent,named_non_en,44,428,428,0,0.102803738317757,423,42,0.09929078014184398,False
jan_aug,2025,agent,multiple_named,32,428,428,0,0.07476635514018691,423,30,0.07092198581560284,False
jan_aug,2025,agent,sentinel_present,5,428,428,0,0.011682242990654205,423,0,0.0,False
jan_aug,2025,non_agent,en_only,2193,2851,2856,5,0.7692037881445107,2795,2193,0.7846153846153846,False
jan_aug,2025,non_agent,en_any,2593,2851,2856,5,0.9095054366888811,2795,2573,0.9205724508050089,False
jan_aug,2025,non_agent,named_non_en,613,2851,2856,5,0.21501227639424764,2795,602,0.2153846153846154,False
jan_aug,2025,non_agent,multiple_named,414,2851,2856,5,0.14521220624342335,2795,403,0.14418604651162792,False
jan_aug,2025,non_agent,sentinel_present,56,2851,2856,5,0.019642230796211857,2795,0,0.0,False
jan_aug,2025,domain:cybersecurity,en_only,121,130,130,0,0.9307692307692308,129,121,0.937984496124031,False
jan_aug,2025,domain:cybersecurity,en_any,127,130,130,0,0.9769230769230769,129,127,0.9844961240310077,False
jan_aug,2025,domain:cybersecurity,named_non_en,8,130,130,0,0.06153846153846154,129,8,0.06201550387596899,False
jan_aug,2025,domain:cybersecurity,multiple_named,6,130,130,0,0.046153846153846156,129,6,0.046511627906976744,False
jan_aug,2025,domain:cybersecurity,sentinel_present,1,130,130,0,0.007692307692307693,129,0,0.0,False
jan_aug,2025,domain:education,en_only,41,71,71,0,0.5774647887323944,67,41,0.6119402985074627,False
jan_aug,2025,domain:education,en_any,53,71,71,0,0.7464788732394366,67,53,0.7910447761194029,False
jan_aug,2025,domain:education,named_non_en,26,71,71,0,0.36619718309859156,67,26,0.3880597014925373,False
jan_aug,2025,domain:education,multiple_named,14,71,71,0,0.19718309859154928,67,14,0.208955223880597,False
jan_aug,2025,domain:education,sentinel_present,4,71,71,0,0.056338028169014086,67,0,0.0,False
jan_aug,2025,domain:engineering,en_only,182,210,210,0,0.8666666666666667,205,182,0.8878048780487805,False
jan_aug,2025,domain:engineering,en_any,199,210,210,0,0.9476190476190476,205,197,0.9609756097560975,False
jan_aug,2025,domain:engineering,named_non_en,25,210,210,0,0.11904761904761904,205,23,0.11219512195121951,False
jan_aug,2025,domain:engineering,multiple_named,17,210,210,0,0.08095238095238096,205,15,0.07317073170731707,False
jan_aug,2025,domain:engineering,sentinel_present,5,210,210,0,0.023809523809523808,205,0,0.0,False
jan_aug,2025,domain:finance_and_business,en_only,181,257,257,0,0.7042801556420234,251,181,0.7211155378486056,False
jan_aug,2025,domain:finance_and_business,en_any,215,257,257,0,0.8365758754863813,251,213,0.848605577689243,False
jan_aug,2025,domain:finance_and_business,named_non_en,72,257,257,0,0.2801556420233463,251,70,0.2788844621513944,False
jan_aug,2025,domain:finance_and_business,multiple_named,36,257,257,0,0.14007782101167315,251,34,0.13545816733067728,False
jan_aug,2025,domain:finance_and_business,sentinel_present,6,257,257,0,0.023346303501945526,251,0,0.0,False
jan_aug,2025,domain:general_or_cross_domain,en_only,1120,1409,1412,3,0.794889992902768,1385,1120,0.8086642599277978,False
jan_aug,2025,domain:general_or_cross_domain,en_any,1331,1409,1412,3,0.9446415897799858,1385,1318,0.9516245487364621,False
jan_aug,2025,domain:general_or_cross_domain,named_non_en,274,1409,1412,3,0.19446415897799857,1385,265,0.19133574007220217,False
jan_aug,2025,domain:general_or_cross_domain,multiple_named,217,1409,1412,3,0.1540099361249113,1385,208,0.15018050541516245,False
jan_aug,2025,domain:general_or_cross_domain,sentinel_present,24,1409,1412,3,0.017033356990773598,1385,0,0.0,False
jan_aug,2025,domain:healthcare_biomedicine,en_only,262,353,353,0,0.7422096317280453,347,262,0.7550432276657061,False
jan_aug,2025,domain:healthcare_biomedicine,en_any,309,353,353,0,0.8753541076487252,347,306,0.8818443804034583,False
jan_aug,2025,domain:healthcare_biomedicine,named_non_en,86,353,353,0,0.24362606232294617,347,85,0.24495677233429394,False
jan_aug,2025,domain:healthcare_biomedicine,multiple_named,49,353,353,0,0.1388101983002833,347,48,0.138328530259366,False
jan_aug,2025,domain:healthcare_biomedicine,sentinel_present,6,353,353,0,0.0169971671388102,347,0,0.0,False
jan_aug,2025,domain:language_and_communication,en_only,274,515,517,2,0.5320388349514563,500,274,0.548,False
jan_aug,2025,domain:language_and_communication,en_any,429,515,517,2,0.8330097087378641,500,418,0.836,False
jan_aug,2025,domain:language_and_communication,named_non_en,231,515,517,2,0.44854368932038835,500,226,0.452,False
jan_aug,2025,domain:language_and_communication,multiple_named,164,515,517,2,0.31844660194174756,500,159,0.318,False
jan_aug,2025,domain:language_and_communication,sentinel_present,15,515,517,2,0.02912621359223301,500,0,0.0,False
jan_aug,2025,domain:law_and_public_policy,en_only,50,107,107,0,0.4672897196261682,106,50,0.4716981132075472,False
jan_aug,2025,domain:law_and_public_policy,en_any,69,107,107,0,0.6448598130841121,106,69,0.6509433962264151,False
jan_aug,2025,domain:law_and_public_policy,named_non_en,56,107,107,0,0.5233644859813084,106,56,0.5283018867924528,False
jan_aug,2025,domain:law_and_public_policy,multiple_named,22,107,107,0,0.205607476635514,106,22,0.20754716981132076,False
jan_aug,2025,domain:law_and_public_policy,sentinel_present,1,107,107,0,0.009345794392523364,106,0,0.0,False
jan_aug,2025,domain:mathematics_and_formal_reasoning,en_only,303,400,401,1,0.7575,388,303,0.7809278350515464,False
jan_aug,2025,domain:mathematics_and_formal_reasoning,en_any,362,400,401,1,0.905,388,359,0.9252577319587629,False
jan_aug,2025,domain:mathematics_and_formal_reasoning,named_non_en,87,400,401,1,0.2175,388,85,0.2190721649484536,False
jan_aug,2025,domain:mathematics_and_formal_reasoning,multiple_named,62,400,401,1,0.155,388,60,0.15463917525773196,False
jan_aug,2025,domain:mathematics_and_formal_reasoning,sentinel_present,12,400,401,1,0.03,388,0,0.0,False
jan_aug,2025,domain:natural_sciences,en_only,228,283,283,0,0.8056537102473498,278,228,0.8201438848920863,False
jan_aug,2025,domain:natural_sciences,en_any,262,283,283,0,0.9257950530035336,278,260,0.935251798561151,False
jan_aug,2025,domain:natural_sciences,named_non_en,51,283,283,0,0.18021201413427562,278,50,0.17985611510791366,False
jan_aug,2025,domain:natural_sciences,multiple_named,36,283,283,0,0.127208480565371,278,35,0.12589928057553956,False
jan_aug,2025,domain:natural_sciences,sentinel_present,5,283,283,0,0.0176678445229682,278,0,0.0,False
jan_aug,2025,domain:other,en_only,113,129,129,0,0.875968992248062,125,113,0.904,False
jan_aug,2025,domain:other,en_any,121,129,129,0,0.937984496124031,125,120,0.96,False
jan_aug,2025,domain:other,named_non_en,13,129,129,0,0.10077519379844961,125,12,0.096,False
jan_aug,2025,domain:other,multiple_named,8,129,129,0,0.06201550387596899,125,7,0.056,False
jan_aug,2025,domain:other,sentinel_present,4,129,129,0,0.031007751937984496,125,0,0.0,False
jan_aug,2025,domain:social_sciences_and_humanities,en_only,240,363,364,1,0.6611570247933884,359,240,0.6685236768802229,False
jan_aug,2025,domain:social_sciences_and_humanities,en_any,309,363,364,1,0.8512396694214877,359,308,0.8579387186629527,False
jan_aug,2025,domain:social_sciences_and_humanities,named_non_en,120,363,364,1,0.3305785123966942,359,119,0.33147632311977715,False
jan_aug,2025,domain:social_sciences_and_humanities,multiple_named,79,363,364,1,0.21763085399449036,359,78,0.21727019498607242,False
jan_aug,2025,domain:social_sciences_and_humanities,sentinel_present,4,363,364,1,0.011019283746556474,359,0,0.0,False
jan_aug,2025,domain:software_and_coding,en_only,497,554,555,1,0.8971119133574007,540,497,0.9203703703703704,False
jan_aug,2025,domain:software_and_coding,en_any,536,554,555,1,0.9675090252707581,540,532,0.9851851851851852,False
jan_aug,2025,domain:software_and_coding,named_non_en,46,554,555,1,0.08303249097472924,540,43,0.07962962962962963,False
jan_aug,2025,domain:software_and_coding,multiple_named,39,554,555,1,0.0703971119133574,540,36,0.06666666666666667,False
jan_aug,2025,domain:software_and_coding,sentinel_present,14,554,555,1,0.02527075812274368,540,0,0.0,False
jan_aug,2026,all,en_only,4723,5728,5734,6,0.8245460893854749,5610,4723,0.8418894830659537,False
jan_aug,2026,all,en_any,5340,5728,5734,6,0.9322625698324022,5610,5306,0.9458110516934046,False
jan_aug,2026,all,named_non_en,911,5728,5734,6,0.15904329608938547,5610,887,0.15811051693404635,False
jan_aug,2026,all,multiple_named,627,5728,5734,6,0.1094622905027933,5610,606,0.10802139037433155,False
jan_aug,2026,all,sentinel_present,118,5728,5734,6,0.020600558659217876,5610,0,0.0,False
jan_aug,2026,agent,en_only,1455,1624,1624,0,0.895935960591133,1599,1455,0.9099437148217636,False
jan_aug,2026,agent,en_any,1569,1624,1624,0,0.9661330049261084,1599,1563,0.9774859287054409,False
jan_aug,2026,agent,named_non_en,147,1624,1624,0,0.09051724137931035,1599,144,0.0900562851782364,False
jan_aug,2026,agent,multiple_named,111,1624,1624,0,0.06834975369458128,1599,109,0.06816760475297061,False
jan_aug,2026,agent,sentinel_present,25,1624,1624,0,0.01539408866995074,1599,0,0.0,False
jan_aug,2026,non_agent,en_only,3268,4104,4110,6,0.7962962962962963,4011,3268,0.8147594116180503,False
jan_aug,2026,non_agent,en_any,3771,4104,4110,6,0.918859649122807,4011,3743,0.9331837447020693,False
jan_aug,2026,non_agent,named_non_en,764,4104,4110,6,0.1861598440545809,4011,743,0.18524058838194965,False
jan_aug,2026,non_agent,multiple_named,516,4104,4110,6,0.12573099415204678,4011,497,0.12390924956369982,False
jan_aug,2026,non_agent,sentinel_present,93,4104,4110,6,0.02266081871345029,4011,0,0.0,False
jan_aug,2026,domain:cybersecurity,en_only,364,388,388,0,0.9381443298969072,383,364,0.9503916449086162,False
jan_aug,2026,domain:cybersecurity,en_any,386,388,388,0,0.9948453608247423,383,382,0.9973890339425587,False
jan_aug,2026,domain:cybersecurity,named_non_en,20,388,388,0,0.05154639175257732,383,19,0.04960835509138381,False
jan_aug,2026,domain:cybersecurity,multiple_named,19,388,388,0,0.04896907216494845,383,18,0.04699738903394256,False
jan_aug,2026,domain:cybersecurity,sentinel_present,5,388,388,0,0.01288659793814433,383,0,0.0,False
jan_aug,2026,domain:education,en_only,105,149,149,0,0.7046979865771812,145,105,0.7241379310344828,False
jan_aug,2026,domain:education,en_any,129,149,149,0,0.8657718120805369,145,128,0.8827586206896552,False
jan_aug,2026,domain:education,named_non_en,41,149,149,0,0.2751677852348993,145,40,0.27586206896551724,False
jan_aug,2026,domain:education,multiple_named,24,149,149,0,0.1610738255033557,145,23,0.15862068965517243,False
jan_aug,2026,domain:education,sentinel_present,4,149,149,0,0.026845637583892617,145,0,0.0,False
jan_aug,2026,domain:engineering,en_only,458,509,509,0,0.899803536345776,500,458,0.916,False
jan_aug,2026,domain:engineering,en_any,490,509,509,0,0.962671905697446,500,489,0.978,False
jan_aug,2026,domain:engineering,named_non_en,42,509,509,0,0.0825147347740668,500,42,0.084,False
jan_aug,2026,domain:engineering,multiple_named,31,509,509,0,0.060903732809430254,500,31,0.062,False
jan_aug,2026,domain:engineering,sentinel_present,9,509,509,0,0.01768172888015717,500,0,0.0,False
jan_aug,2026,domain:finance_and_business,en_only,533,666,667,1,0.8003003003003003,655,533,0.8137404580152672,False
jan_aug,2026,domain:finance_and_business,en_any,615,666,667,1,0.9234234234234234,655,615,0.9389312977099237,False
jan_aug,2026,domain:finance_and_business,named_non_en,123,666,667,1,0.18468468468468469,655,122,0.18625954198473282,False
jan_aug,2026,domain:finance_and_business,multiple_named,83,666,667,1,0.12462462462462462,655,82,0.1251908396946565,False
jan_aug,2026,domain:finance_and_business,sentinel_present,11,666,667,1,0.016516516516516516,655,0,0.0,False
jan_aug,2026,domain:general_or_cross_domain,en_only,1894,2237,2237,0,0.8466696468484578,2197,1894,0.8620846609012289,False
jan_aug,2026,domain:general_or_cross_domain,en_any,2138,2237,2237,0,0.9557443004023245,2197,2121,0.9654073736913974,False
jan_aug,2026,domain:general_or_cross_domain,named_non_en,316,2237,2237,0,0.14126061689763075,2197,303,0.13791533909877104,False
jan_aug,2026,domain:general_or_cross_domain,multiple_named,245,2237,2237,0,0.10952168082253018,2197,233,0.10605370960400547,False
jan_aug,2026,domain:general_or_cross_domain,sentinel_present,40,2237,2237,0,0.017881090746535537,2197,0,0.0,False
jan_aug,2026,domain:healthcare_biomedicine,en_only,608,736,736,0,0.8260869565217391,722,608,0.8421052631578947,False
jan_aug,2026,domain:healthcare_biomedicine,en_any,679,736,736,0,0.9225543478260869,722,676,0.9362880886426593,False
jan_aug,2026,domain:healthcare_biomedicine,named_non_en,116,736,736,0,0.15760869565217392,722,114,0.15789473684210525,False
jan_aug,2026,domain:healthcare_biomedicine,multiple_named,72,736,736,0,0.09782608695652174,722,71,0.09833795013850416,False
jan_aug,2026,domain:healthcare_biomedicine,sentinel_present,14,736,736,0,0.019021739130434784,722,0,0.0,False
jan_aug,2026,domain:language_and_communication,en_only,343,642,647,5,0.5342679127725857,627,343,0.5470494417862839,False
jan_aug,2026,domain:language_and_communication,en_any,526,642,647,5,0.8193146417445483,627,518,0.8261562998405104,False
jan_aug,2026,domain:language_and_communication,named_non_en,292,642,647,5,0.45482866043613707,627,284,0.4529505582137161,False
jan_aug,2026,domain:language_and_communication,multiple_named,191,642,647,5,0.29750778816199375,627,185,0.29505582137161085,False
jan_aug,2026,domain:language_and_communication,sentinel_present,15,642,647,5,0.02336448598130841,627,0,0.0,False
jan_aug,2026,domain:law_and_public_policy,en_only,133,219,219,0,0.6073059360730594,219,133,0.6073059360730594,False
jan_aug,2026,domain:law_and_public_policy,en_any,168,219,219,0,0.7671232876712328,219,168,0.7671232876712328,False
jan_aug,2026,domain:law_and_public_policy,named_non_en,86,219,219,0,0.3926940639269406,219,86,0.3926940639269406,False
jan_aug,2026,domain:law_and_public_policy,multiple_named,36,219,219,0,0.1643835616438356,219,36,0.1643835616438356,False
jan_aug,2026,domain:law_and_public_policy,sentinel_present,0,219,219,0,0.0,219,0,0.0,False
jan_aug,2026,domain:mathematics_and_formal_reasoning,en_only,443,527,528,1,0.8406072106261859,515,443,0.8601941747572815,False
jan_aug,2026,domain:mathematics_and_formal_reasoning,en_any,491,527,528,1,0.9316888045540797,515,488,0.9475728155339805,False
jan_aug,2026,domain:mathematics_and_formal_reasoning,named_non_en,76,527,528,1,0.1442125237191651,515,72,0.13980582524271845,False
jan_aug,2026,domain:mathematics_and_formal_reasoning,multiple_named,49,527,528,1,0.09297912713472485,515,46,0.08932038834951456,False
jan_aug,2026,domain:mathematics_and_formal_reasoning,sentinel_present,12,527,528,1,0.022770398481973434,515,0,0.0,False
jan_aug,2026,domain:natural_sciences,en_only,468,535,535,0,0.874766355140187,530,468,0.8830188679245283,False
jan_aug,2026,domain:natural_sciences,en_any,507,535,535,0,0.9476635514018692,530,505,0.9528301886792453,False
jan_aug,2026,domain:natural_sciences,named_non_en,63,535,535,0,0.11775700934579439,530,62,0.1169811320754717,False
jan_aug,2026,domain:natural_sciences,multiple_named,39,535,535,0,0.07289719626168224,530,38,0.07169811320754717,False
jan_aug,2026,domain:natural_sciences,sentinel_present,5,535,535,0,0.009345794392523364,530,0,0.0,False
jan_aug,2026,domain:other,en_only,216,254,254,0,0.8503937007874016,248,216,0.8709677419354839,False
jan_aug,2026,domain:other,en_any,241,254,254,0,0.9488188976377953,248,241,0.9717741935483871,False
jan_aug,2026,domain:other,named_non_en,32,254,254,0,0.12598425196850394,248,32,0.12903225806451613,False
jan_aug,2026,domain:other,multiple_named,26,254,254,0,0.10236220472440945,248,26,0.10483870967741936,False
jan_aug,2026,domain:other,sentinel_present,6,254,254,0,0.023622047244094488,248,0,0.0,False
jan_aug,2026,domain:social_sciences_and_humanities,en_only,428,639,640,1,0.6697965571205008,621,428,0.6892109500805152,False
jan_aug,2026,domain:social_sciences_and_humanities,en_any,558,639,640,1,0.8732394366197183,621,550,0.8856682769726248,False
jan_aug,2026,domain:social_sciences_and_humanities,named_non_en,201,639,640,1,0.3145539906103286,621,193,0.3107890499194847,False
jan_aug,2026,domain:social_sciences_and_humanities,multiple_named,135,639,640,1,0.2112676056338028,621,128,0.20611916264090177,False
jan_aug,2026,domain:social_sciences_and_humanities,sentinel_present,18,639,640,1,0.028169014084507043,621,0,0.0,False
jan_aug,2026,domain:software_and_coding,en_only,1052,1128,1128,0,0.9326241134751773,1109,1052,0.9486023444544635,False
jan_aug,2026,domain:software_and_coding,en_any,1104,1128,1128,0,0.9787234042553191,1109,1100,0.9918845807033363,False
jan_aug,2026,domain:software_and_coding,named_non_en,61,1128,1128,0,0.054078014184397165,1109,57,0.05139765554553652,False
jan_aug,2026,domain:software_and_coding,multiple_named,51,1128,1128,0,0.04521276595744681,1109,48,0.04328223624887286,False
jan_aug,2026,domain:software_and_coding,sentinel_present,19,1128,1128,0,0.016843971631205674,1109,0,0.0,False
