window,year,group,field,label,n,valid_n,missing_n,included_n,share,sentinel_present_n,known_n,known_positive_n,known_share,sparse
observed,all,all,scoring_source,execution_or_environment,3362,14764,3,14767,0.22771606610674613,17,14747,3362,0.22797857191293144,False
observed,all,all,scoring_source,human_judge,1050,14764,3,14767,0.07111893795719318,17,14747,1050,0.07120092222146877,False
observed,all,all,scoring_source,llm_judge,5123,14764,3,14767,0.3469926849092387,17,14747,5123,0.3473926900386519,False
observed,all,all,scoring_source,other_model_judge,1318,14764,3,14767,0.08927120021674342,17,14747,1318,0.08937410998847223,False
observed,all,all,scoring_source,reference_or_metric,9717,14764,3,14767,0.6581549715524249,17,14747,9717,0.6589136773581067,False
observed,all,all,scoring_source,unclear,17,14764,3,14767,0.0011514494716878894,17,14747,0,0.0,False
observed,all,agent,scoring_source,execution_or_environment,1573,2752,0,2752,0.5715843023255814,2,2750,1573,0.572,False
observed,all,agent,scoring_source,human_judge,136,2752,0,2752,0.04941860465116279,2,2750,136,0.04945454545454545,False
observed,all,agent,scoring_source,llm_judge,1095,2752,0,2752,0.39789244186046513,2,2750,1095,0.3981818181818182,False
observed,all,agent,scoring_source,other_model_judge,106,2752,0,2752,0.038517441860465115,2,2750,106,0.03854545454545454,False
observed,all,agent,scoring_source,reference_or_metric,1127,2752,0,2752,0.4095203488372093,2,2750,1127,0.4098181818181818,False
observed,all,agent,scoring_source,unclear,2,2752,0,2752,0.0007267441860465116,2,2750,0,0.0,False
observed,all,non_agent,scoring_source,execution_or_environment,1789,12012,3,12015,0.14893439893439894,15,11997,1789,0.14912061348670502,False
observed,all,non_agent,scoring_source,human_judge,914,12012,3,12015,0.0760905760905761,15,11997,914,0.0761857130949404,False
observed,all,non_agent,scoring_source,llm_judge,4028,12012,3,12015,0.33533133533133536,15,11997,4028,0.3357506043177461,False
observed,all,non_agent,scoring_source,other_model_judge,1212,12012,3,12015,0.1008991008991009,15,11997,1212,0.10102525631407852,False
observed,all,non_agent,scoring_source,reference_or_metric,8590,12012,3,12015,0.7151182151182152,15,11997,8590,0.7160123364174377,False
observed,all,non_agent,scoring_source,unclear,15,12012,3,12015,0.0012487512487512488,15,11997,0,0.0,False
observed,all,domain:cybersecurity,scoring_source,execution_or_environment,315,740,0,740,0.42567567567567566,4,736,315,0.4279891304347826,False
observed,all,domain:cybersecurity,scoring_source,human_judge,49,740,0,740,0.06621621621621622,4,736,49,0.06657608695652174,False
observed,all,domain:cybersecurity,scoring_source,llm_judge,293,740,0,740,0.39594594594594595,4,736,293,0.39809782608695654,False
observed,all,domain:cybersecurity,scoring_source,other_model_judge,41,740,0,740,0.05540540540540541,4,736,41,0.05570652173913043,False
observed,all,domain:cybersecurity,scoring_source,reference_or_metric,359,740,0,740,0.4851351351351351,4,736,359,0.48777173913043476,False
observed,all,domain:cybersecurity,scoring_source,unclear,4,740,0,740,0.005405405405405406,4,736,0,0.0,False
observed,all,domain:education,scoring_source,execution_or_environment,37,321,0,321,0.11526479750778816,1,320,37,0.115625,False
observed,all,domain:education,scoring_source,human_judge,41,321,0,321,0.1277258566978193,1,320,41,0.128125,False
observed,all,domain:education,scoring_source,llm_judge,162,321,0,321,0.5046728971962616,1,320,162,0.50625,False
observed,all,domain:education,scoring_source,other_model_judge,28,321,0,321,0.08722741433021806,1,320,28,0.0875,False
observed,all,domain:education,scoring_source,reference_or_metric,200,321,0,321,0.6230529595015576,1,320,200,0.625,False
observed,all,domain:education,scoring_source,unclear,1,321,0,321,0.003115264797507788,1,320,0,0.0,False
observed,all,domain:engineering,scoring_source,execution_or_environment,441,1045,0,1045,0.42200956937799045,0,1045,441,0.42200956937799045,False
observed,all,domain:engineering,scoring_source,human_judge,72,1045,0,1045,0.06889952153110047,0,1045,72,0.06889952153110047,False
observed,all,domain:engineering,scoring_source,llm_judge,292,1045,0,1045,0.2794258373205742,0,1045,292,0.2794258373205742,False
observed,all,domain:engineering,scoring_source,other_model_judge,59,1045,0,1045,0.05645933014354067,0,1045,59,0.05645933014354067,False
observed,all,domain:engineering,scoring_source,reference_or_metric,567,1045,0,1045,0.5425837320574163,0,1045,567,0.5425837320574163,False
observed,all,domain:engineering,scoring_source,unclear,0,1045,0,1045,0.0,0,1045,0,0.0,False
observed,all,domain:finance_and_business,scoring_source,execution_or_environment,335,1325,0,1325,0.2528301886792453,2,1323,335,0.25321239606953894,False
observed,all,domain:finance_and_business,scoring_source,human_judge,70,1325,0,1325,0.052830188679245285,2,1323,70,0.05291005291005291,False
observed,all,domain:finance_and_business,scoring_source,llm_judge,572,1325,0,1325,0.4316981132075472,2,1323,572,0.4323507180650038,False
observed,all,domain:finance_and_business,scoring_source,other_model_judge,89,1325,0,1325,0.06716981132075471,2,1323,89,0.0672713529856387,False
observed,all,domain:finance_and_business,scoring_source,reference_or_metric,798,1325,0,1325,0.6022641509433962,2,1323,798,0.6031746031746031,False
observed,all,domain:finance_and_business,scoring_source,unclear,2,1325,0,1325,0.0015094339622641509,2,1323,0,0.0,False
observed,all,domain:general_or_cross_domain,scoring_source,execution_or_environment,1055,6197,3,6200,0.1702436662901404,6,6191,1055,0.17040865772896138,False
observed,all,domain:general_or_cross_domain,scoring_source,human_judge,353,6197,3,6200,0.05696304663546878,6,6191,353,0.057018252301728314,False
observed,all,domain:general_or_cross_domain,scoring_source,llm_judge,2463,6197,3,6200,0.39745037921574955,6,6191,2463,0.3978355677596511,False
observed,all,domain:general_or_cross_domain,scoring_source,other_model_judge,491,6197,3,6200,0.07923188639664354,6,6191,491,0.0793086738814408,False
observed,all,domain:general_or_cross_domain,scoring_source,reference_or_metric,4208,6197,3,6200,0.6790382443117637,6,6191,4208,0.679696333387175,False
observed,all,domain:general_or_cross_domain,scoring_source,unclear,6,6197,3,6200,0.0009682104243989027,6,6191,0,0.0,False
observed,all,domain:healthcare_biomedicine,scoring_source,execution_or_environment,158,1674,1,1675,0.09438470728793309,2,1672,158,0.09449760765550239,False
observed,all,domain:healthcare_biomedicine,scoring_source,human_judge,148,1674,1,1675,0.0884109916367981,2,1672,148,0.08851674641148326,False
observed,all,domain:healthcare_biomedicine,scoring_source,llm_judge,750,1674,1,1675,0.44802867383512546,2,1672,750,0.4485645933014354,False
observed,all,domain:healthcare_biomedicine,scoring_source,other_model_judge,200,1674,1,1675,0.11947431302270012,2,1672,200,0.11961722488038277,False
observed,all,domain:healthcare_biomedicine,scoring_source,reference_or_metric,1207,1674,1,1675,0.7210274790919953,2,1672,1207,0.72188995215311,False
observed,all,domain:healthcare_biomedicine,scoring_source,unclear,2,1674,1,1675,0.0011947431302270011,2,1672,0,0.0,False
observed,all,domain:language_and_communication,scoring_source,execution_or_environment,150,2280,1,2281,0.06578947368421052,1,2279,150,0.06581834137779728,False
observed,all,domain:language_and_communication,scoring_source,human_judge,290,2280,1,2281,0.12719298245614036,1,2279,290,0.12724879333040806,False
observed,all,domain:language_and_communication,scoring_source,llm_judge,769,2280,1,2281,0.33728070175438596,1,2279,769,0.33742869679684073,False
observed,all,domain:language_and_communication,scoring_source,other_model_judge,398,2280,1,2281,0.17456140350877192,1,2279,398,0.17463799912242212,False
observed,all,domain:language_and_communication,scoring_source,reference_or_metric,1786,2280,1,2281,0.7833333333333333,1,2279,1786,0.7836770513383062,False
observed,all,domain:language_and_communication,scoring_source,unclear,1,2280,1,2281,0.0004385964912280702,1,2279,0,0.0,False
observed,all,domain:law_and_public_policy,scoring_source,execution_or_environment,47,510,1,511,0.09215686274509804,1,509,47,0.09233791748526522,False
observed,all,domain:law_and_public_policy,scoring_source,human_judge,47,510,1,511,0.09215686274509804,1,509,47,0.09233791748526522,False
observed,all,domain:law_and_public_policy,scoring_source,llm_judge,248,510,1,511,0.48627450980392156,1,509,248,0.48722986247544203,False
observed,all,domain:law_and_public_policy,scoring_source,other_model_judge,53,510,1,511,0.10392156862745099,1,509,53,0.10412573673870335,False
observed,all,domain:law_and_public_policy,scoring_source,reference_or_metric,354,510,1,511,0.6941176470588235,1,509,354,0.6954813359528488,False
observed,all,domain:law_and_public_policy,scoring_source,unclear,1,510,1,511,0.00196078431372549,1,509,0,0.0,False
observed,all,domain:mathematics_and_formal_reasoning,scoring_source,execution_or_environment,472,1587,0,1587,0.297416509136736,2,1585,472,0.29779179810725553,False
observed,all,domain:mathematics_and_formal_reasoning,scoring_source,human_judge,84,1587,0,1587,0.052930056710775046,2,1585,84,0.05299684542586751,False
observed,all,domain:mathematics_and_formal_reasoning,scoring_source,llm_judge,460,1587,0,1587,0.2898550724637681,2,1585,460,0.2902208201892745,False
observed,all,domain:mathematics_and_formal_reasoning,scoring_source,other_model_judge,78,1587,0,1587,0.04914933837429111,2,1585,78,0.04921135646687697,False
observed,all,domain:mathematics_and_formal_reasoning,scoring_source,reference_or_metric,1111,1587,0,1587,0.7000630119722747,2,1585,1111,0.7009463722397477,False
observed,all,domain:mathematics_and_formal_reasoning,scoring_source,unclear,2,1587,0,1587,0.001260239445494644,2,1585,0,0.0,False
observed,all,domain:natural_sciences,scoring_source,execution_or_environment,236,1272,1,1273,0.18553459119496854,1,1271,236,0.18568056648308418,False
observed,all,domain:natural_sciences,scoring_source,human_judge,91,1272,1,1273,0.07154088050314465,1,1271,91,0.07159716758457907,False
observed,all,domain:natural_sciences,scoring_source,llm_judge,529,1272,1,1273,0.4158805031446541,1,1271,529,0.4162077104642014,False
observed,all,domain:natural_sciences,scoring_source,other_model_judge,98,1272,1,1273,0.0770440251572327,1,1271,98,0.07710464201416208,False
observed,all,domain:natural_sciences,scoring_source,reference_or_metric,925,1272,1,1273,0.7272012578616353,1,1271,925,0.7277734067663257,False
observed,all,domain:natural_sciences,scoring_source,unclear,1,1272,1,1273,0.0007861635220125787,1,1271,0,0.0,False
observed,all,domain:other,scoring_source,execution_or_environment,111,566,0,566,0.196113074204947,0,566,111,0.196113074204947,False
observed,all,domain:other,scoring_source,human_judge,42,566,0,566,0.07420494699646643,0,566,42,0.07420494699646643,False
observed,all,domain:other,scoring_source,llm_judge,215,566,0,566,0.37985865724381623,0,566,215,0.37985865724381623,False
observed,all,domain:other,scoring_source,other_model_judge,51,566,0,566,0.09010600706713781,0,566,51,0.09010600706713781,False
observed,all,domain:other,scoring_source,reference_or_metric,413,566,0,566,0.7296819787985865,0,566,413,0.7296819787985865,False
observed,all,domain:other,scoring_source,unclear,0,566,0,566,0.0,0,566,0,0.0,False
observed,all,domain:social_sciences_and_humanities,scoring_source,execution_or_environment,95,1699,0,1699,0.055915244261330196,3,1696,95,0.05601415094339623,False
observed,all,domain:social_sciences_and_humanities,scoring_source,human_judge,139,1699,0,1699,0.08181283107710417,3,1696,139,0.08195754716981132,False
observed,all,domain:social_sciences_and_humanities,scoring_source,llm_judge,634,1699,0,1699,0.3731606827545615,3,1696,634,0.3738207547169811,False
observed,all,domain:social_sciences_and_humanities,scoring_source,other_model_judge,201,1699,0,1699,0.11830488522660389,3,1696,201,0.11851415094339622,False
observed,all,domain:social_sciences_and_humanities,scoring_source,reference_or_metric,1272,1699,0,1699,0.7486756915832843,3,1696,1272,0.75,False
observed,all,domain:social_sciences_and_humanities,scoring_source,unclear,3,1699,0,1699,0.0017657445556209534,3,1696,0,0.0,False
observed,all,domain:software_and_coding,scoring_source,execution_or_environment,1678,2653,0,2653,0.6324915190350546,3,2650,1678,0.6332075471698113,False
observed,all,domain:software_and_coding,scoring_source,human_judge,161,2653,0,2653,0.06068601583113457,3,2650,161,0.06075471698113208,False
observed,all,domain:software_and_coding,scoring_source,llm_judge,774,2653,0,2653,0.2917451941198643,3,2650,774,0.2920754716981132,False
observed,all,domain:software_and_coding,scoring_source,other_model_judge,139,2653,0,2653,0.052393516773464,3,2650,139,0.052452830188679245,False
observed,all,domain:software_and_coding,scoring_source,reference_or_metric,1130,2653,0,2653,0.42593290614398793,3,2650,1130,0.42641509433962266,False
observed,all,domain:software_and_coding,scoring_source,unclear,3,2653,0,2653,0.0011307953260459858,3,2650,0,0.0,False
observed,2022,all,scoring_source,execution_or_environment,28,160,0,160,0.175,0,160,28,0.175,False
observed,2022,all,scoring_source,human_judge,27,160,0,160,0.16875,0,160,27,0.16875,False
observed,2022,all,scoring_source,llm_judge,0,160,0,160,0.0,0,160,0,0.0,False
observed,2022,all,scoring_source,other_model_judge,25,160,0,160,0.15625,0,160,25,0.15625,False
observed,2022,all,scoring_source,reference_or_metric,137,160,0,160,0.85625,0,160,137,0.85625,False
observed,2022,all,scoring_source,unclear,0,160,0,160,0.0,0,160,0,0.0,False
observed,2022,agent,scoring_source,execution_or_environment,2,4,0,4,0.5,0,4,2,0.5,True
observed,2022,agent,scoring_source,human_judge,0,4,0,4,0.0,0,4,0,0.0,True
observed,2022,agent,scoring_source,llm_judge,0,4,0,4,0.0,0,4,0,0.0,True
observed,2022,agent,scoring_source,other_model_judge,1,4,0,4,0.25,0,4,1,0.25,True
observed,2022,agent,scoring_source,reference_or_metric,3,4,0,4,0.75,0,4,3,0.75,True
observed,2022,agent,scoring_source,unclear,0,4,0,4,0.0,0,4,0,0.0,True
observed,2022,non_agent,scoring_source,execution_or_environment,26,156,0,156,0.16666666666666666,0,156,26,0.16666666666666666,False
observed,2022,non_agent,scoring_source,human_judge,27,156,0,156,0.17307692307692307,0,156,27,0.17307692307692307,False
observed,2022,non_agent,scoring_source,llm_judge,0,156,0,156,0.0,0,156,0,0.0,False
observed,2022,non_agent,scoring_source,other_model_judge,24,156,0,156,0.15384615384615385,0,156,24,0.15384615384615385,False
observed,2022,non_agent,scoring_source,reference_or_metric,134,156,0,156,0.8589743589743589,0,156,134,0.8589743589743589,False
observed,2022,non_agent,scoring_source,unclear,0,156,0,156,0.0,0,156,0,0.0,False
observed,2022,domain:cybersecurity,scoring_source,execution_or_environment,0,1,0,1,0.0,0,1,0,0.0,True
observed,2022,domain:cybersecurity,scoring_source,human_judge,0,1,0,1,0.0,0,1,0,0.0,True
observed,2022,domain:cybersecurity,scoring_source,llm_judge,0,1,0,1,0.0,0,1,0,0.0,True
observed,2022,domain:cybersecurity,scoring_source,other_model_judge,0,1,0,1,0.0,0,1,0,0.0,True
observed,2022,domain:cybersecurity,scoring_source,reference_or_metric,1,1,0,1,1.0,0,1,1,1.0,True
observed,2022,domain:cybersecurity,scoring_source,unclear,0,1,0,1,0.0,0,1,0,0.0,True
observed,2022,domain:education,scoring_source,execution_or_environment,0,0,0,0,,0,0,0,,True
observed,2022,domain:education,scoring_source,human_judge,0,0,0,0,,0,0,0,,True
observed,2022,domain:education,scoring_source,llm_judge,0,0,0,0,,0,0,0,,True
observed,2022,domain:education,scoring_source,other_model_judge,0,0,0,0,,0,0,0,,True
observed,2022,domain:education,scoring_source,reference_or_metric,0,0,0,0,,0,0,0,,True
observed,2022,domain:education,scoring_source,unclear,0,0,0,0,,0,0,0,,True
observed,2022,domain:engineering,scoring_source,execution_or_environment,1,2,0,2,0.5,0,2,1,0.5,True
observed,2022,domain:engineering,scoring_source,human_judge,0,2,0,2,0.0,0,2,0,0.0,True
observed,2022,domain:engineering,scoring_source,llm_judge,0,2,0,2,0.0,0,2,0,0.0,True
observed,2022,domain:engineering,scoring_source,other_model_judge,0,2,0,2,0.0,0,2,0,0.0,True
observed,2022,domain:engineering,scoring_source,reference_or_metric,1,2,0,2,0.5,0,2,1,0.5,True
observed,2022,domain:engineering,scoring_source,unclear,0,2,0,2,0.0,0,2,0,0.0,True
observed,2022,domain:finance_and_business,scoring_source,execution_or_environment,2,5,0,5,0.4,0,5,2,0.4,True
observed,2022,domain:finance_and_business,scoring_source,human_judge,1,5,0,5,0.2,0,5,1,0.2,True
observed,2022,domain:finance_and_business,scoring_source,llm_judge,0,5,0,5,0.0,0,5,0,0.0,True
observed,2022,domain:finance_and_business,scoring_source,other_model_judge,0,5,0,5,0.0,0,5,0,0.0,True
observed,2022,domain:finance_and_business,scoring_source,reference_or_metric,3,5,0,5,0.6,0,5,3,0.6,True
observed,2022,domain:finance_and_business,scoring_source,unclear,0,5,0,5,0.0,0,5,0,0.0,True
observed,2022,domain:general_or_cross_domain,scoring_source,execution_or_environment,8,53,0,53,0.1509433962264151,0,53,8,0.1509433962264151,False
observed,2022,domain:general_or_cross_domain,scoring_source,human_judge,9,53,0,53,0.16981132075471697,0,53,9,0.16981132075471697,False
observed,2022,domain:general_or_cross_domain,scoring_source,llm_judge,0,53,0,53,0.0,0,53,0,0.0,False
observed,2022,domain:general_or_cross_domain,scoring_source,other_model_judge,8,53,0,53,0.1509433962264151,0,53,8,0.1509433962264151,False
observed,2022,domain:general_or_cross_domain,scoring_source,reference_or_metric,45,53,0,53,0.8490566037735849,0,53,45,0.8490566037735849,False
observed,2022,domain:general_or_cross_domain,scoring_source,unclear,0,53,0,53,0.0,0,53,0,0.0,False
observed,2022,domain:healthcare_biomedicine,scoring_source,execution_or_environment,1,9,0,9,0.1111111111111111,0,9,1,0.1111111111111111,True
observed,2022,domain:healthcare_biomedicine,scoring_source,human_judge,1,9,0,9,0.1111111111111111,0,9,1,0.1111111111111111,True
observed,2022,domain:healthcare_biomedicine,scoring_source,llm_judge,0,9,0,9,0.0,0,9,0,0.0,True
observed,2022,domain:healthcare_biomedicine,scoring_source,other_model_judge,3,9,0,9,0.3333333333333333,0,9,3,0.3333333333333333,True
observed,2022,domain:healthcare_biomedicine,scoring_source,reference_or_metric,9,9,0,9,1.0,0,9,9,1.0,True
observed,2022,domain:healthcare_biomedicine,scoring_source,unclear,0,9,0,9,0.0,0,9,0,0.0,True
observed,2022,domain:language_and_communication,scoring_source,execution_or_environment,6,90,0,90,0.06666666666666667,0,90,6,0.06666666666666667,False
observed,2022,domain:language_and_communication,scoring_source,human_judge,19,90,0,90,0.2111111111111111,0,90,19,0.2111111111111111,False
observed,2022,domain:language_and_communication,scoring_source,llm_judge,0,90,0,90,0.0,0,90,0,0.0,False
observed,2022,domain:language_and_communication,scoring_source,other_model_judge,17,90,0,90,0.18888888888888888,0,90,17,0.18888888888888888,False
observed,2022,domain:language_and_communication,scoring_source,reference_or_metric,87,90,0,90,0.9666666666666667,0,90,87,0.9666666666666667,False
observed,2022,domain:language_and_communication,scoring_source,unclear,0,90,0,90,0.0,0,90,0,0.0,False
observed,2022,domain:law_and_public_policy,scoring_source,execution_or_environment,2,4,0,4,0.5,0,4,2,0.5,True
observed,2022,domain:law_and_public_policy,scoring_source,human_judge,1,4,0,4,0.25,0,4,1,0.25,True
observed,2022,domain:law_and_public_policy,scoring_source,llm_judge,0,4,0,4,0.0,0,4,0,0.0,True
observed,2022,domain:law_and_public_policy,scoring_source,other_model_judge,1,4,0,4,0.25,0,4,1,0.25,True
observed,2022,domain:law_and_public_policy,scoring_source,reference_or_metric,4,4,0,4,1.0,0,4,4,1.0,True
observed,2022,domain:law_and_public_policy,scoring_source,unclear,0,4,0,4,0.0,0,4,0,0.0,True
observed,2022,domain:mathematics_and_formal_reasoning,scoring_source,execution_or_environment,6,16,0,16,0.375,0,16,6,0.375,True
observed,2022,domain:mathematics_and_formal_reasoning,scoring_source,human_judge,2,16,0,16,0.125,0,16,2,0.125,True
observed,2022,domain:mathematics_and_formal_reasoning,scoring_source,llm_judge,0,16,0,16,0.0,0,16,0,0.0,True
observed,2022,domain:mathematics_and_formal_reasoning,scoring_source,other_model_judge,1,16,0,16,0.0625,0,16,1,0.0625,True
observed,2022,domain:mathematics_and_formal_reasoning,scoring_source,reference_or_metric,14,16,0,16,0.875,0,16,14,0.875,True
observed,2022,domain:mathematics_and_formal_reasoning,scoring_source,unclear,0,16,0,16,0.0,0,16,0,0.0,True
observed,2022,domain:natural_sciences,scoring_source,execution_or_environment,3,7,0,7,0.42857142857142855,0,7,3,0.42857142857142855,True
observed,2022,domain:natural_sciences,scoring_source,human_judge,1,7,0,7,0.14285714285714285,0,7,1,0.14285714285714285,True
observed,2022,domain:natural_sciences,scoring_source,llm_judge,0,7,0,7,0.0,0,7,0,0.0,True
observed,2022,domain:natural_sciences,scoring_source,other_model_judge,0,7,0,7,0.0,0,7,0,0.0,True
observed,2022,domain:natural_sciences,scoring_source,reference_or_metric,6,7,0,7,0.8571428571428571,0,7,6,0.8571428571428571,True
observed,2022,domain:natural_sciences,scoring_source,unclear,0,7,0,7,0.0,0,7,0,0.0,True
observed,2022,domain:other,scoring_source,execution_or_environment,0,5,0,5,0.0,0,5,0,0.0,True
observed,2022,domain:other,scoring_source,human_judge,2,5,0,5,0.4,0,5,2,0.4,True
observed,2022,domain:other,scoring_source,llm_judge,0,5,0,5,0.0,0,5,0,0.0,True
observed,2022,domain:other,scoring_source,other_model_judge,2,5,0,5,0.4,0,5,2,0.4,True
observed,2022,domain:other,scoring_source,reference_or_metric,5,5,0,5,1.0,0,5,5,1.0,True
observed,2022,domain:other,scoring_source,unclear,0,5,0,5,0.0,0,5,0,0.0,True
observed,2022,domain:social_sciences_and_humanities,scoring_source,execution_or_environment,2,15,0,15,0.13333333333333333,0,15,2,0.13333333333333333,True
observed,2022,domain:social_sciences_and_humanities,scoring_source,human_judge,4,15,0,15,0.26666666666666666,0,15,4,0.26666666666666666,True
observed,2022,domain:social_sciences_and_humanities,scoring_source,llm_judge,0,15,0,15,0.0,0,15,0,0.0,True
observed,2022,domain:social_sciences_and_humanities,scoring_source,other_model_judge,2,15,0,15,0.13333333333333333,0,15,2,0.13333333333333333,True
observed,2022,domain:social_sciences_and_humanities,scoring_source,reference_or_metric,14,15,0,15,0.9333333333333333,0,15,14,0.9333333333333333,True
observed,2022,domain:social_sciences_and_humanities,scoring_source,unclear,0,15,0,15,0.0,0,15,0,0.0,True
observed,2022,domain:software_and_coding,scoring_source,execution_or_environment,22,28,0,28,0.7857142857142857,0,28,22,0.7857142857142857,False
observed,2022,domain:software_and_coding,scoring_source,human_judge,2,28,0,28,0.07142857142857142,0,28,2,0.07142857142857142,False
observed,2022,domain:software_and_coding,scoring_source,llm_judge,0,28,0,28,0.0,0,28,0,0.0,False
observed,2022,domain:software_and_coding,scoring_source,other_model_judge,1,28,0,28,0.03571428571428571,0,28,1,0.03571428571428571,False
observed,2022,domain:software_and_coding,scoring_source,reference_or_metric,15,28,0,28,0.5357142857142857,0,28,15,0.5357142857142857,False
observed,2022,domain:software_and_coding,scoring_source,unclear,0,28,0,28,0.0,0,28,0,0.0,False
observed,2023,all,scoring_source,execution_or_environment,140,861,0,861,0.16260162601626016,0,861,140,0.16260162601626016,False
observed,2023,all,scoring_source,human_judge,156,861,0,861,0.18118466898954705,0,861,156,0.18118466898954705,False
observed,2023,all,scoring_source,llm_judge,155,861,0,861,0.1800232288037166,0,861,155,0.1800232288037166,False
observed,2023,all,scoring_source,other_model_judge,103,861,0,861,0.11962833914053426,0,861,103,0.11962833914053426,False
observed,2023,all,scoring_source,reference_or_metric,644,861,0,861,0.7479674796747967,0,861,644,0.7479674796747967,False
observed,2023,all,scoring_source,unclear,0,861,0,861,0.0,0,861,0,0.0,False
observed,2023,agent,scoring_source,execution_or_environment,37,64,0,64,0.578125,0,64,37,0.578125,False
observed,2023,agent,scoring_source,human_judge,8,64,0,64,0.125,0,64,8,0.125,False
observed,2023,agent,scoring_source,llm_judge,12,64,0,64,0.1875,0,64,12,0.1875,False
observed,2023,agent,scoring_source,other_model_judge,4,64,0,64,0.0625,0,64,4,0.0625,False
observed,2023,agent,scoring_source,reference_or_metric,34,64,0,64,0.53125,0,64,34,0.53125,False
observed,2023,agent,scoring_source,unclear,0,64,0,64,0.0,0,64,0,0.0,False
observed,2023,non_agent,scoring_source,execution_or_environment,103,797,0,797,0.12923462986198245,0,797,103,0.12923462986198245,False
observed,2023,non_agent,scoring_source,human_judge,148,797,0,797,0.18569636135508155,0,797,148,0.18569636135508155,False
observed,2023,non_agent,scoring_source,llm_judge,143,797,0,797,0.1794228356336261,0,797,143,0.1794228356336261,False
observed,2023,non_agent,scoring_source,other_model_judge,99,797,0,797,0.12421580928481807,0,797,99,0.12421580928481807,False
observed,2023,non_agent,scoring_source,reference_or_metric,610,797,0,797,0.7653701380175659,0,797,610,0.7653701380175659,False
observed,2023,non_agent,scoring_source,unclear,0,797,0,797,0.0,0,797,0,0.0,False
observed,2023,domain:cybersecurity,scoring_source,execution_or_environment,10,28,0,28,0.35714285714285715,0,28,10,0.35714285714285715,False
observed,2023,domain:cybersecurity,scoring_source,human_judge,2,28,0,28,0.07142857142857142,0,28,2,0.07142857142857142,False
observed,2023,domain:cybersecurity,scoring_source,llm_judge,7,28,0,28,0.25,0,28,7,0.25,False
observed,2023,domain:cybersecurity,scoring_source,other_model_judge,1,28,0,28,0.03571428571428571,0,28,1,0.03571428571428571,False
observed,2023,domain:cybersecurity,scoring_source,reference_or_metric,16,28,0,28,0.5714285714285714,0,28,16,0.5714285714285714,False
observed,2023,domain:cybersecurity,scoring_source,unclear,0,28,0,28,0.0,0,28,0,0.0,False
observed,2023,domain:education,scoring_source,execution_or_environment,0,14,0,14,0.0,0,14,0,0.0,True
observed,2023,domain:education,scoring_source,human_judge,4,14,0,14,0.2857142857142857,0,14,4,0.2857142857142857,True
observed,2023,domain:education,scoring_source,llm_judge,1,14,0,14,0.07142857142857142,0,14,1,0.07142857142857142,True
observed,2023,domain:education,scoring_source,other_model_judge,0,14,0,14,0.0,0,14,0,0.0,True
observed,2023,domain:education,scoring_source,reference_or_metric,11,14,0,14,0.7857142857142857,0,14,11,0.7857142857142857,True
observed,2023,domain:education,scoring_source,unclear,0,14,0,14,0.0,0,14,0,0.0,True
observed,2023,domain:engineering,scoring_source,execution_or_environment,24,46,0,46,0.5217391304347826,0,46,24,0.5217391304347826,False
observed,2023,domain:engineering,scoring_source,human_judge,7,46,0,46,0.15217391304347827,0,46,7,0.15217391304347827,False
observed,2023,domain:engineering,scoring_source,llm_judge,6,46,0,46,0.13043478260869565,0,46,6,0.13043478260869565,False
observed,2023,domain:engineering,scoring_source,other_model_judge,3,46,0,46,0.06521739130434782,0,46,3,0.06521739130434782,False
observed,2023,domain:engineering,scoring_source,reference_or_metric,24,46,0,46,0.5217391304347826,0,46,24,0.5217391304347826,False
observed,2023,domain:engineering,scoring_source,unclear,0,46,0,46,0.0,0,46,0,0.0,False
observed,2023,domain:finance_and_business,scoring_source,execution_or_environment,6,47,0,47,0.1276595744680851,0,47,6,0.1276595744680851,False
observed,2023,domain:finance_and_business,scoring_source,human_judge,9,47,0,47,0.19148936170212766,0,47,9,0.19148936170212766,False
observed,2023,domain:finance_and_business,scoring_source,llm_judge,11,47,0,47,0.23404255319148937,0,47,11,0.23404255319148937,False
observed,2023,domain:finance_and_business,scoring_source,other_model_judge,5,47,0,47,0.10638297872340426,0,47,5,0.10638297872340426,False
observed,2023,domain:finance_and_business,scoring_source,reference_or_metric,36,47,0,47,0.7659574468085106,0,47,36,0.7659574468085106,False
observed,2023,domain:finance_and_business,scoring_source,unclear,0,47,0,47,0.0,0,47,0,0.0,False
observed,2023,domain:general_or_cross_domain,scoring_source,execution_or_environment,48,420,0,420,0.11428571428571428,0,420,48,0.11428571428571428,False
observed,2023,domain:general_or_cross_domain,scoring_source,human_judge,65,420,0,420,0.15476190476190477,0,420,65,0.15476190476190477,False
observed,2023,domain:general_or_cross_domain,scoring_source,llm_judge,104,420,0,420,0.24761904761904763,0,420,104,0.24761904761904763,False
observed,2023,domain:general_or_cross_domain,scoring_source,other_model_judge,52,420,0,420,0.12380952380952381,0,420,52,0.12380952380952381,False
observed,2023,domain:general_or_cross_domain,scoring_source,reference_or_metric,319,420,0,420,0.7595238095238095,0,420,319,0.7595238095238095,False
observed,2023,domain:general_or_cross_domain,scoring_source,unclear,0,420,0,420,0.0,0,420,0,0.0,False
observed,2023,domain:healthcare_biomedicine,scoring_source,execution_or_environment,1,64,0,64,0.015625,0,64,1,0.015625,False
observed,2023,domain:healthcare_biomedicine,scoring_source,human_judge,15,64,0,64,0.234375,0,64,15,0.234375,False
observed,2023,domain:healthcare_biomedicine,scoring_source,llm_judge,17,64,0,64,0.265625,0,64,17,0.265625,False
observed,2023,domain:healthcare_biomedicine,scoring_source,other_model_judge,11,64,0,64,0.171875,0,64,11,0.171875,False
observed,2023,domain:healthcare_biomedicine,scoring_source,reference_or_metric,50,64,0,64,0.78125,0,64,50,0.78125,False
observed,2023,domain:healthcare_biomedicine,scoring_source,unclear,0,64,0,64,0.0,0,64,0,0.0,False
observed,2023,domain:language_and_communication,scoring_source,execution_or_environment,15,237,0,237,0.06329113924050633,0,237,15,0.06329113924050633,False
observed,2023,domain:language_and_communication,scoring_source,human_judge,58,237,0,237,0.24472573839662448,0,237,58,0.24472573839662448,False
observed,2023,domain:language_and_communication,scoring_source,llm_judge,34,237,0,237,0.14345991561181434,0,237,34,0.14345991561181434,False
observed,2023,domain:language_and_communication,scoring_source,other_model_judge,37,237,0,237,0.15611814345991562,0,237,37,0.15611814345991562,False
observed,2023,domain:language_and_communication,scoring_source,reference_or_metric,204,237,0,237,0.8607594936708861,0,237,204,0.8607594936708861,False
observed,2023,domain:language_and_communication,scoring_source,unclear,0,237,0,237,0.0,0,237,0,0.0,False
observed,2023,domain:law_and_public_policy,scoring_source,execution_or_environment,1,22,0,22,0.045454545454545456,0,22,1,0.045454545454545456,False
observed,2023,domain:law_and_public_policy,scoring_source,human_judge,7,22,0,22,0.3181818181818182,0,22,7,0.3181818181818182,False
observed,2023,domain:law_and_public_policy,scoring_source,llm_judge,6,22,0,22,0.2727272727272727,0,22,6,0.2727272727272727,False
observed,2023,domain:law_and_public_policy,scoring_source,other_model_judge,2,22,0,22,0.09090909090909091,0,22,2,0.09090909090909091,False
observed,2023,domain:law_and_public_policy,scoring_source,reference_or_metric,19,22,0,22,0.8636363636363636,0,22,19,0.8636363636363636,False
observed,2023,domain:law_and_public_policy,scoring_source,unclear,0,22,0,22,0.0,0,22,0,0.0,False
observed,2023,domain:mathematics_and_formal_reasoning,scoring_source,execution_or_environment,25,106,0,106,0.2358490566037736,0,106,25,0.2358490566037736,False
observed,2023,domain:mathematics_and_formal_reasoning,scoring_source,human_judge,16,106,0,106,0.1509433962264151,0,106,16,0.1509433962264151,False
observed,2023,domain:mathematics_and_formal_reasoning,scoring_source,llm_judge,17,106,0,106,0.16037735849056603,0,106,17,0.16037735849056603,False
observed,2023,domain:mathematics_and_formal_reasoning,scoring_source,other_model_judge,6,106,0,106,0.05660377358490566,0,106,6,0.05660377358490566,False
observed,2023,domain:mathematics_and_formal_reasoning,scoring_source,reference_or_metric,92,106,0,106,0.8679245283018868,0,106,92,0.8679245283018868,False
observed,2023,domain:mathematics_and_formal_reasoning,scoring_source,unclear,0,106,0,106,0.0,0,106,0,0.0,False
observed,2023,domain:natural_sciences,scoring_source,execution_or_environment,3,63,0,63,0.047619047619047616,0,63,3,0.047619047619047616,False
observed,2023,domain:natural_sciences,scoring_source,human_judge,13,63,0,63,0.20634920634920634,0,63,13,0.20634920634920634,False
observed,2023,domain:natural_sciences,scoring_source,llm_judge,8,63,0,63,0.12698412698412698,0,63,8,0.12698412698412698,False
observed,2023,domain:natural_sciences,scoring_source,other_model_judge,6,63,0,63,0.09523809523809523,0,63,6,0.09523809523809523,False
observed,2023,domain:natural_sciences,scoring_source,reference_or_metric,53,63,0,63,0.8412698412698413,0,63,53,0.8412698412698413,False
observed,2023,domain:natural_sciences,scoring_source,unclear,0,63,0,63,0.0,0,63,0,0.0,False
observed,2023,domain:other,scoring_source,execution_or_environment,2,15,0,15,0.13333333333333333,0,15,2,0.13333333333333333,True
observed,2023,domain:other,scoring_source,human_judge,7,15,0,15,0.4666666666666667,0,15,7,0.4666666666666667,True
observed,2023,domain:other,scoring_source,llm_judge,3,15,0,15,0.2,0,15,3,0.2,True
observed,2023,domain:other,scoring_source,other_model_judge,2,15,0,15,0.13333333333333333,0,15,2,0.13333333333333333,True
observed,2023,domain:other,scoring_source,reference_or_metric,9,15,0,15,0.6,0,15,9,0.6,True
observed,2023,domain:other,scoring_source,unclear,0,15,0,15,0.0,0,15,0,0.0,True
observed,2023,domain:social_sciences_and_humanities,scoring_source,execution_or_environment,4,109,0,109,0.03669724770642202,0,109,4,0.03669724770642202,False
observed,2023,domain:social_sciences_and_humanities,scoring_source,human_judge,20,109,0,109,0.1834862385321101,0,109,20,0.1834862385321101,False
observed,2023,domain:social_sciences_and_humanities,scoring_source,llm_judge,17,109,0,109,0.1559633027522936,0,109,17,0.1559633027522936,False
observed,2023,domain:social_sciences_and_humanities,scoring_source,other_model_judge,20,109,0,109,0.1834862385321101,0,109,20,0.1834862385321101,False
observed,2023,domain:social_sciences_and_humanities,scoring_source,reference_or_metric,90,109,0,109,0.8256880733944955,0,109,90,0.8256880733944955,False
observed,2023,domain:social_sciences_and_humanities,scoring_source,unclear,0,109,0,109,0.0,0,109,0,0.0,False
observed,2023,domain:software_and_coding,scoring_source,execution_or_environment,74,132,0,132,0.5606060606060606,0,132,74,0.5606060606060606,False
observed,2023,domain:software_and_coding,scoring_source,human_judge,16,132,0,132,0.12121212121212122,0,132,16,0.12121212121212122,False
observed,2023,domain:software_and_coding,scoring_source,llm_judge,19,132,0,132,0.14393939393939395,0,132,19,0.14393939393939395,False
observed,2023,domain:software_and_coding,scoring_source,other_model_judge,9,132,0,132,0.06818181818181818,0,132,9,0.06818181818181818,False
observed,2023,domain:software_and_coding,scoring_source,reference_or_metric,75,132,0,132,0.5681818181818182,0,132,75,0.5681818181818182,False
observed,2023,domain:software_and_coding,scoring_source,unclear,0,132,0,132,0.0,0,132,0,0.0,False
observed,2024,all,scoring_source,execution_or_environment,464,2733,2,2735,0.16977680204903037,4,2729,464,0.17002565042139978,False
observed,2024,all,scoring_source,human_judge,245,2733,2,2735,0.08964507866813026,4,2729,245,0.08977647489923049,False
observed,2024,all,scoring_source,llm_judge,764,2733,2,2735,0.2795462861324552,4,2729,764,0.27995602784902895,False
observed,2024,all,scoring_source,other_model_judge,317,2733,2,2735,0.11598975484815222,4,2729,317,0.1161597654818615,False
observed,2024,all,scoring_source,reference_or_metric,1974,2733,2,2735,0.7222832052689352,4,2729,1974,0.7233418834737999,False
observed,2024,all,scoring_source,unclear,4,2733,2,2735,0.0014635931211123307,4,2729,0,0.0,False
observed,2024,agent,scoring_source,execution_or_environment,140,259,0,259,0.5405405405405406,1,258,140,0.5426356589147286,False
observed,2024,agent,scoring_source,human_judge,22,259,0,259,0.08494208494208494,1,258,22,0.08527131782945736,False
observed,2024,agent,scoring_source,llm_judge,74,259,0,259,0.2857142857142857,1,258,74,0.2868217054263566,False
observed,2024,agent,scoring_source,other_model_judge,23,259,0,259,0.0888030888030888,1,258,23,0.08914728682170543,False
observed,2024,agent,scoring_source,reference_or_metric,128,259,0,259,0.4942084942084942,1,258,128,0.49612403100775193,False
observed,2024,agent,scoring_source,unclear,1,259,0,259,0.003861003861003861,1,258,0,0.0,False
observed,2024,non_agent,scoring_source,execution_or_environment,324,2474,2,2476,0.13096200485044462,3,2471,324,0.1311210036422501,False
observed,2024,non_agent,scoring_source,human_judge,223,2474,2,2476,0.09013742926434923,3,2471,223,0.09024686361796844,False
observed,2024,non_agent,scoring_source,llm_judge,690,2474,2,2476,0.2789005658852061,3,2471,690,0.2792391744233104,False
observed,2024,non_agent,scoring_source,other_model_judge,294,2474,2,2476,0.11883589329021826,3,2471,294,0.11898016997167139,False
observed,2024,non_agent,scoring_source,reference_or_metric,1846,2474,2,2476,0.746160064672595,3,2471,1846,0.7470659651962768,False
observed,2024,non_agent,scoring_source,unclear,3,2474,2,2476,0.0012126111560226355,3,2471,0,0.0,False
observed,2024,domain:cybersecurity,scoring_source,execution_or_environment,29,88,0,88,0.32954545454545453,0,88,29,0.32954545454545453,False
observed,2024,domain:cybersecurity,scoring_source,human_judge,10,88,0,88,0.11363636363636363,0,88,10,0.11363636363636363,False
observed,2024,domain:cybersecurity,scoring_source,llm_judge,31,88,0,88,0.3522727272727273,0,88,31,0.3522727272727273,False
observed,2024,domain:cybersecurity,scoring_source,other_model_judge,10,88,0,88,0.11363636363636363,0,88,10,0.11363636363636363,False
observed,2024,domain:cybersecurity,scoring_source,reference_or_metric,51,88,0,88,0.5795454545454546,0,88,51,0.5795454545454546,False
observed,2024,domain:cybersecurity,scoring_source,unclear,0,88,0,88,0.0,0,88,0,0.0,False
observed,2024,domain:education,scoring_source,execution_or_environment,6,49,0,49,0.12244897959183673,0,49,6,0.12244897959183673,False
observed,2024,domain:education,scoring_source,human_judge,9,49,0,49,0.1836734693877551,0,49,9,0.1836734693877551,False
observed,2024,domain:education,scoring_source,llm_judge,21,49,0,49,0.42857142857142855,0,49,21,0.42857142857142855,False
observed,2024,domain:education,scoring_source,other_model_judge,9,49,0,49,0.1836734693877551,0,49,9,0.1836734693877551,False
observed,2024,domain:education,scoring_source,reference_or_metric,35,49,0,49,0.7142857142857143,0,49,35,0.7142857142857143,False
observed,2024,domain:education,scoring_source,unclear,0,49,0,49,0.0,0,49,0,0.0,False
observed,2024,domain:engineering,scoring_source,execution_or_environment,47,120,0,120,0.39166666666666666,0,120,47,0.39166666666666666,False
observed,2024,domain:engineering,scoring_source,human_judge,13,120,0,120,0.10833333333333334,0,120,13,0.10833333333333334,False
observed,2024,domain:engineering,scoring_source,llm_judge,27,120,0,120,0.225,0,120,27,0.225,False
observed,2024,domain:engineering,scoring_source,other_model_judge,8,120,0,120,0.06666666666666667,0,120,8,0.06666666666666667,False
observed,2024,domain:engineering,scoring_source,reference_or_metric,71,120,0,120,0.5916666666666667,0,120,71,0.5916666666666667,False
observed,2024,domain:engineering,scoring_source,unclear,0,120,0,120,0.0,0,120,0,0.0,False
observed,2024,domain:finance_and_business,scoring_source,execution_or_environment,27,172,0,172,0.1569767441860465,0,172,27,0.1569767441860465,False
observed,2024,domain:finance_and_business,scoring_source,human_judge,12,172,0,172,0.06976744186046512,0,172,12,0.06976744186046512,False
observed,2024,domain:finance_and_business,scoring_source,llm_judge,54,172,0,172,0.313953488372093,0,172,54,0.313953488372093,False
observed,2024,domain:finance_and_business,scoring_source,other_model_judge,23,172,0,172,0.13372093023255813,0,172,23,0.13372093023255813,False
observed,2024,domain:finance_and_business,scoring_source,reference_or_metric,125,172,0,172,0.7267441860465116,0,172,125,0.7267441860465116,False
observed,2024,domain:finance_and_business,scoring_source,unclear,0,172,0,172,0.0,0,172,0,0.0,False
observed,2024,domain:general_or_cross_domain,scoring_source,execution_or_environment,150,1273,2,1275,0.1178318931657502,2,1271,150,0.11801730920535011,False
observed,2024,domain:general_or_cross_domain,scoring_source,human_judge,79,1273,2,1275,0.062058130400628436,2,1271,79,0.06215578284815106,False
observed,2024,domain:general_or_cross_domain,scoring_source,llm_judge,427,1273,2,1275,0.3354281225451689,2,1271,427,0.3359559402045633,False
observed,2024,domain:general_or_cross_domain,scoring_source,other_model_judge,133,1273,2,1275,0.1044776119402985,2,1271,133,0.10464201416207711,False
observed,2024,domain:general_or_cross_domain,scoring_source,reference_or_metric,934,1273,2,1275,0.7336999214454045,2,1271,934,0.7348544453186467,False
observed,2024,domain:general_or_cross_domain,scoring_source,unclear,2,1273,2,1275,0.0015710919088766694,2,1271,0,0.0,False
observed,2024,domain:healthcare_biomedicine,scoring_source,execution_or_environment,13,280,1,281,0.04642857142857143,0,280,13,0.04642857142857143,False
observed,2024,domain:healthcare_biomedicine,scoring_source,human_judge,39,280,1,281,0.1392857142857143,0,280,39,0.1392857142857143,False
observed,2024,domain:healthcare_biomedicine,scoring_source,llm_judge,92,280,1,281,0.32857142857142857,0,280,92,0.32857142857142857,False
observed,2024,domain:healthcare_biomedicine,scoring_source,other_model_judge,43,280,1,281,0.15357142857142858,0,280,43,0.15357142857142858,False
observed,2024,domain:healthcare_biomedicine,scoring_source,reference_or_metric,231,280,1,281,0.825,0,280,231,0.825,False
observed,2024,domain:healthcare_biomedicine,scoring_source,unclear,0,280,1,281,0.0,0,280,0,0.0,False
observed,2024,domain:language_and_communication,scoring_source,execution_or_environment,32,519,1,520,0.06165703275529865,1,518,32,0.06177606177606178,False
observed,2024,domain:language_and_communication,scoring_source,human_judge,67,519,1,520,0.12909441233140656,1,518,67,0.12934362934362933,False
observed,2024,domain:language_and_communication,scoring_source,llm_judge,137,519,1,520,0.26396917148362237,1,518,137,0.2644787644787645,False
observed,2024,domain:language_and_communication,scoring_source,other_model_judge,102,519,1,520,0.19653179190751446,1,518,102,0.1969111969111969,False
observed,2024,domain:language_and_communication,scoring_source,reference_or_metric,421,519,1,520,0.8111753371868978,1,518,421,0.8127413127413128,False
observed,2024,domain:language_and_communication,scoring_source,unclear,1,519,1,520,0.0019267822736030828,1,518,0,0.0,False
observed,2024,domain:law_and_public_policy,scoring_source,execution_or_environment,0,83,1,84,0.0,0,83,0,0.0,False
observed,2024,domain:law_and_public_policy,scoring_source,human_judge,10,83,1,84,0.12048192771084337,0,83,10,0.12048192771084337,False
observed,2024,domain:law_and_public_policy,scoring_source,llm_judge,29,83,1,84,0.3493975903614458,0,83,29,0.3493975903614458,False
observed,2024,domain:law_and_public_policy,scoring_source,other_model_judge,12,83,1,84,0.14457831325301204,0,83,12,0.14457831325301204,False
observed,2024,domain:law_and_public_policy,scoring_source,reference_or_metric,66,83,1,84,0.7951807228915663,0,83,66,0.7951807228915663,False
observed,2024,domain:law_and_public_policy,scoring_source,unclear,0,83,1,84,0.0,0,83,0,0.0,False
observed,2024,domain:mathematics_and_formal_reasoning,scoring_source,execution_or_environment,60,323,0,323,0.18575851393188855,2,321,60,0.18691588785046728,False
observed,2024,domain:mathematics_and_formal_reasoning,scoring_source,human_judge,15,323,0,323,0.04643962848297214,2,321,15,0.04672897196261682,False
observed,2024,domain:mathematics_and_formal_reasoning,scoring_source,llm_judge,63,323,0,323,0.19504643962848298,2,321,63,0.19626168224299065,False
observed,2024,domain:mathematics_and_formal_reasoning,scoring_source,other_model_judge,13,323,0,323,0.04024767801857585,2,321,13,0.040498442367601244,False
observed,2024,domain:mathematics_and_formal_reasoning,scoring_source,reference_or_metric,259,323,0,323,0.8018575851393189,2,321,259,0.8068535825545171,False
observed,2024,domain:mathematics_and_formal_reasoning,scoring_source,unclear,2,323,0,323,0.006191950464396285,2,321,0,0.0,False
observed,2024,domain:natural_sciences,scoring_source,execution_or_environment,22,197,1,198,0.1116751269035533,0,197,22,0.1116751269035533,False
observed,2024,domain:natural_sciences,scoring_source,human_judge,19,197,1,198,0.09644670050761421,0,197,19,0.09644670050761421,False
observed,2024,domain:natural_sciences,scoring_source,llm_judge,55,197,1,198,0.27918781725888325,0,197,55,0.27918781725888325,False
observed,2024,domain:natural_sciences,scoring_source,other_model_judge,17,197,1,198,0.08629441624365482,0,197,17,0.08629441624365482,False
observed,2024,domain:natural_sciences,scoring_source,reference_or_metric,158,197,1,198,0.8020304568527918,0,197,158,0.8020304568527918,False
observed,2024,domain:natural_sciences,scoring_source,unclear,0,197,1,198,0.0,0,197,0,0.0,False
observed,2024,domain:other,scoring_source,execution_or_environment,17,79,0,79,0.21518987341772153,0,79,17,0.21518987341772153,False
observed,2024,domain:other,scoring_source,human_judge,7,79,0,79,0.08860759493670886,0,79,7,0.08860759493670886,False
observed,2024,domain:other,scoring_source,llm_judge,28,79,0,79,0.35443037974683544,0,79,28,0.35443037974683544,False
observed,2024,domain:other,scoring_source,other_model_judge,7,79,0,79,0.08860759493670886,0,79,7,0.08860759493670886,False
observed,2024,domain:other,scoring_source,reference_or_metric,55,79,0,79,0.6962025316455697,0,79,55,0.6962025316455697,False
observed,2024,domain:other,scoring_source,unclear,0,79,0,79,0.0,0,79,0,0.0,False
observed,2024,domain:social_sciences_and_humanities,scoring_source,execution_or_environment,10,313,0,313,0.03194888178913738,0,313,10,0.03194888178913738,False
observed,2024,domain:social_sciences_and_humanities,scoring_source,human_judge,28,313,0,313,0.08945686900958466,0,313,28,0.08945686900958466,False
observed,2024,domain:social_sciences_and_humanities,scoring_source,llm_judge,89,313,0,313,0.28434504792332266,0,313,89,0.28434504792332266,False
observed,2024,domain:social_sciences_and_humanities,scoring_source,other_model_judge,47,313,0,313,0.1501597444089457,0,313,47,0.1501597444089457,False
observed,2024,domain:social_sciences_and_humanities,scoring_source,reference_or_metric,251,313,0,313,0.8019169329073482,0,313,251,0.8019169329073482,False
observed,2024,domain:social_sciences_and_humanities,scoring_source,unclear,0,313,0,313,0.0,0,313,0,0.0,False
observed,2024,domain:software_and_coding,scoring_source,execution_or_environment,273,456,0,456,0.5986842105263158,1,455,273,0.6,False
observed,2024,domain:software_and_coding,scoring_source,human_judge,35,456,0,456,0.07675438596491228,1,455,35,0.07692307692307693,False
observed,2024,domain:software_and_coding,scoring_source,llm_judge,90,456,0,456,0.19736842105263158,1,455,90,0.1978021978021978,False
observed,2024,domain:software_and_coding,scoring_source,other_model_judge,33,456,0,456,0.07236842105263158,1,455,33,0.07252747252747253,False
observed,2024,domain:software_and_coding,scoring_source,reference_or_metric,226,456,0,456,0.4956140350877193,1,455,226,0.4967032967032967,False
observed,2024,domain:software_and_coding,scoring_source,unclear,1,456,0,456,0.0021929824561403508,1,455,0,0.0,False
observed,2025,all,scoring_source,execution_or_environment,1099,5276,1,5277,0.20830174374526156,7,5269,1099,0.20857847788954262,False
observed,2025,all,scoring_source,human_judge,354,5276,1,5277,0.06709628506444276,7,5269,354,0.06718542417916114,False
observed,2025,all,scoring_source,llm_judge,1895,5276,1,5277,0.35917361637604245,7,5269,1895,0.35965078762573544,False
observed,2025,all,scoring_source,other_model_judge,472,5276,1,5277,0.08946171341925702,7,5269,472,0.08958056557221485,False
observed,2025,all,scoring_source,reference_or_metric,3547,5276,1,5277,0.672289613343442,7,5269,3547,0.6731827671284873,False
observed,2025,all,scoring_source,unclear,7,5276,1,5277,0.001326762699014405,7,5269,0,0.0,False
observed,2025,agent,scoring_source,execution_or_environment,456,801,0,801,0.5692883895131086,0,801,456,0.5692883895131086,False
observed,2025,agent,scoring_source,human_judge,52,801,0,801,0.06491885143570537,0,801,52,0.06491885143570537,False
observed,2025,agent,scoring_source,llm_judge,295,801,0,801,0.3682896379525593,0,801,295,0.3682896379525593,False
observed,2025,agent,scoring_source,other_model_judge,31,801,0,801,0.03870162297128589,0,801,31,0.03870162297128589,False
observed,2025,agent,scoring_source,reference_or_metric,327,801,0,801,0.40823970037453183,0,801,327,0.40823970037453183,False
observed,2025,agent,scoring_source,unclear,0,801,0,801,0.0,0,801,0,0.0,False
observed,2025,non_agent,scoring_source,execution_or_environment,643,4475,1,4476,0.14368715083798883,7,4468,643,0.14391226499552373,False
observed,2025,non_agent,scoring_source,human_judge,302,4475,1,4476,0.06748603351955307,7,4468,302,0.067591763652641,False
observed,2025,non_agent,scoring_source,llm_judge,1600,4475,1,4476,0.3575418994413408,7,4468,1600,0.35810205908683973,False
observed,2025,non_agent,scoring_source,other_model_judge,441,4475,1,4476,0.09854748603351955,7,4468,441,0.09870188003581021,False
observed,2025,non_agent,scoring_source,reference_or_metric,3220,4475,1,4476,0.7195530726256983,7,4468,3220,0.720680393912265,False
observed,2025,non_agent,scoring_source,unclear,7,4475,1,4476,0.0015642458100558658,7,4468,0,0.0,False
observed,2025,domain:cybersecurity,scoring_source,execution_or_environment,100,235,0,235,0.425531914893617,1,234,100,0.42735042735042733,False
observed,2025,domain:cybersecurity,scoring_source,human_judge,16,235,0,235,0.06808510638297872,1,234,16,0.06837606837606838,False
observed,2025,domain:cybersecurity,scoring_source,llm_judge,91,235,0,235,0.3872340425531915,1,234,91,0.3888888888888889,False
observed,2025,domain:cybersecurity,scoring_source,other_model_judge,13,235,0,235,0.05531914893617021,1,234,13,0.05555555555555555,False
observed,2025,domain:cybersecurity,scoring_source,reference_or_metric,116,235,0,235,0.49361702127659574,1,234,116,0.49572649572649574,False
observed,2025,domain:cybersecurity,scoring_source,unclear,1,235,0,235,0.00425531914893617,1,234,0,0.0,False
observed,2025,domain:education,scoring_source,execution_or_environment,9,109,0,109,0.08256880733944955,1,108,9,0.08333333333333333,False
observed,2025,domain:education,scoring_source,human_judge,14,109,0,109,0.12844036697247707,1,108,14,0.12962962962962962,False
observed,2025,domain:education,scoring_source,llm_judge,58,109,0,109,0.5321100917431193,1,108,58,0.5370370370370371,False
observed,2025,domain:education,scoring_source,other_model_judge,11,109,0,109,0.10091743119266056,1,108,11,0.10185185185185185,False
observed,2025,domain:education,scoring_source,reference_or_metric,67,109,0,109,0.6146788990825688,1,108,67,0.6203703703703703,False
observed,2025,domain:education,scoring_source,unclear,1,109,0,109,0.009174311926605505,1,108,0,0.0,False
observed,2025,domain:engineering,scoring_source,execution_or_environment,136,368,0,368,0.3695652173913043,0,368,136,0.3695652173913043,False
observed,2025,domain:engineering,scoring_source,human_judge,35,368,0,368,0.09510869565217392,0,368,35,0.09510869565217392,False
observed,2025,domain:engineering,scoring_source,llm_judge,104,368,0,368,0.2826086956521739,0,368,104,0.2826086956521739,False
observed,2025,domain:engineering,scoring_source,other_model_judge,27,368,0,368,0.07336956521739131,0,368,27,0.07336956521739131,False
observed,2025,domain:engineering,scoring_source,reference_or_metric,214,368,0,368,0.5815217391304348,0,368,214,0.5815217391304348,False
observed,2025,domain:engineering,scoring_source,unclear,0,368,0,368,0.0,0,368,0,0.0,False
observed,2025,domain:finance_and_business,scoring_source,execution_or_environment,86,434,0,434,0.19815668202764977,1,433,86,0.19861431870669746,False
observed,2025,domain:finance_and_business,scoring_source,human_judge,29,434,0,434,0.06682027649769585,1,433,29,0.06697459584295612,False
observed,2025,domain:finance_and_business,scoring_source,llm_judge,183,434,0,434,0.4216589861751152,1,433,183,0.4226327944572748,False
observed,2025,domain:finance_and_business,scoring_source,other_model_judge,27,434,0,434,0.06221198156682028,1,433,27,0.06235565819861432,False
observed,2025,domain:finance_and_business,scoring_source,reference_or_metric,274,434,0,434,0.631336405529954,1,433,274,0.6327944572748267,False
observed,2025,domain:finance_and_business,scoring_source,unclear,1,434,0,434,0.002304147465437788,1,433,0,0.0,False
observed,2025,domain:general_or_cross_domain,scoring_source,execution_or_environment,336,2214,1,2215,0.15176151761517614,4,2210,336,0.1520361990950226,False
observed,2025,domain:general_or_cross_domain,scoring_source,human_judge,127,2214,1,2215,0.057362240289069555,4,2210,127,0.05746606334841629,False
observed,2025,domain:general_or_cross_domain,scoring_source,llm_judge,907,2214,1,2215,0.40966576332429994,4,2210,907,0.4104072398190045,False
observed,2025,domain:general_or_cross_domain,scoring_source,other_model_judge,163,2214,1,2215,0.07362240289069558,4,2210,163,0.07375565610859729,False
observed,2025,domain:general_or_cross_domain,scoring_source,reference_or_metric,1524,2214,1,2215,0.6883468834688347,4,2210,1524,0.6895927601809955,False
observed,2025,domain:general_or_cross_domain,scoring_source,unclear,4,2214,1,2215,0.0018066847335140017,4,2210,0,0.0,False
observed,2025,domain:healthcare_biomedicine,scoring_source,execution_or_environment,39,585,0,585,0.06666666666666667,2,583,39,0.06689536878216124,False
observed,2025,domain:healthcare_biomedicine,scoring_source,human_judge,51,585,0,585,0.08717948717948718,2,583,51,0.08747855917667238,False
observed,2025,domain:healthcare_biomedicine,scoring_source,llm_judge,248,585,0,585,0.4239316239316239,2,583,248,0.42538593481989706,False
observed,2025,domain:healthcare_biomedicine,scoring_source,other_model_judge,81,585,0,585,0.13846153846153847,2,583,81,0.13893653516295026,False
observed,2025,domain:healthcare_biomedicine,scoring_source,reference_or_metric,424,585,0,585,0.7247863247863248,2,583,424,0.7272727272727273,False
observed,2025,domain:healthcare_biomedicine,scoring_source,unclear,2,585,0,585,0.003418803418803419,2,583,0,0.0,False
observed,2025,domain:language_and_communication,scoring_source,execution_or_environment,48,787,0,787,0.060991105463786534,0,787,48,0.060991105463786534,False
observed,2025,domain:language_and_communication,scoring_source,human_judge,90,787,0,787,0.11435832274459974,0,787,90,0.11435832274459974,False
observed,2025,domain:language_and_communication,scoring_source,llm_judge,303,787,0,787,0.3850063532401525,0,787,303,0.3850063532401525,False
observed,2025,domain:language_and_communication,scoring_source,other_model_judge,134,787,0,787,0.17026683608640406,0,787,134,0.17026683608640406,False
observed,2025,domain:language_and_communication,scoring_source,reference_or_metric,606,787,0,787,0.770012706480305,0,787,606,0.770012706480305,False
observed,2025,domain:language_and_communication,scoring_source,unclear,0,787,0,787,0.0,0,787,0,0.0,False
observed,2025,domain:law_and_public_policy,scoring_source,execution_or_environment,8,182,0,182,0.04395604395604396,1,181,8,0.04419889502762431,False
observed,2025,domain:law_and_public_policy,scoring_source,human_judge,18,182,0,182,0.0989010989010989,1,181,18,0.09944751381215469,False
observed,2025,domain:law_and_public_policy,scoring_source,llm_judge,95,182,0,182,0.521978021978022,1,181,95,0.5248618784530387,False
observed,2025,domain:law_and_public_policy,scoring_source,other_model_judge,22,182,0,182,0.12087912087912088,1,181,22,0.12154696132596685,False
observed,2025,domain:law_and_public_policy,scoring_source,reference_or_metric,130,182,0,182,0.7142857142857143,1,181,130,0.7182320441988951,False
observed,2025,domain:law_and_public_policy,scoring_source,unclear,1,182,0,182,0.005494505494505495,1,181,0,0.0,False
observed,2025,domain:mathematics_and_formal_reasoning,scoring_source,execution_or_environment,175,614,0,614,0.28501628664495116,0,614,175,0.28501628664495116,False
observed,2025,domain:mathematics_and_formal_reasoning,scoring_source,human_judge,32,614,0,614,0.05211726384364821,0,614,32,0.05211726384364821,False
observed,2025,domain:mathematics_and_formal_reasoning,scoring_source,llm_judge,199,614,0,614,0.3241042345276873,0,614,199,0.3241042345276873,False
observed,2025,domain:mathematics_and_formal_reasoning,scoring_source,other_model_judge,33,614,0,614,0.05374592833876222,0,614,33,0.05374592833876222,False
observed,2025,domain:mathematics_and_formal_reasoning,scoring_source,reference_or_metric,425,614,0,614,0.6921824104234527,0,614,425,0.6921824104234527,False
observed,2025,domain:mathematics_and_formal_reasoning,scoring_source,unclear,0,614,0,614,0.0,0,614,0,0.0,False
observed,2025,domain:natural_sciences,scoring_source,execution_or_environment,74,470,0,470,0.1574468085106383,0,470,74,0.1574468085106383,False
observed,2025,domain:natural_sciences,scoring_source,human_judge,33,470,0,470,0.07021276595744681,0,470,33,0.07021276595744681,False
observed,2025,domain:natural_sciences,scoring_source,llm_judge,220,470,0,470,0.46808510638297873,0,470,220,0.46808510638297873,False
observed,2025,domain:natural_sciences,scoring_source,other_model_judge,36,470,0,470,0.07659574468085106,0,470,36,0.07659574468085106,False
observed,2025,domain:natural_sciences,scoring_source,reference_or_metric,337,470,0,470,0.7170212765957447,0,470,337,0.7170212765957447,False
observed,2025,domain:natural_sciences,scoring_source,unclear,0,470,0,470,0.0,0,470,0,0.0,False
observed,2025,domain:other,scoring_source,execution_or_environment,32,213,0,213,0.15023474178403756,0,213,32,0.15023474178403756,False
observed,2025,domain:other,scoring_source,human_judge,16,213,0,213,0.07511737089201878,0,213,16,0.07511737089201878,False
observed,2025,domain:other,scoring_source,llm_judge,84,213,0,213,0.39436619718309857,0,213,84,0.39436619718309857,False
observed,2025,domain:other,scoring_source,other_model_judge,22,213,0,213,0.10328638497652583,0,213,22,0.10328638497652583,False
observed,2025,domain:other,scoring_source,reference_or_metric,166,213,0,213,0.7793427230046949,0,213,166,0.7793427230046949,False
observed,2025,domain:other,scoring_source,unclear,0,213,0,213,0.0,0,213,0,0.0,False
observed,2025,domain:social_sciences_and_humanities,scoring_source,execution_or_environment,25,622,0,622,0.04019292604501608,2,620,25,0.04032258064516129,False
observed,2025,domain:social_sciences_and_humanities,scoring_source,human_judge,48,622,0,622,0.07717041800643087,2,620,48,0.07741935483870968,False
observed,2025,domain:social_sciences_and_humanities,scoring_source,llm_judge,246,622,0,622,0.3954983922829582,2,620,246,0.3967741935483871,False
observed,2025,domain:social_sciences_and_humanities,scoring_source,other_model_judge,76,622,0,622,0.12218649517684887,2,620,76,0.12258064516129032,False
observed,2025,domain:social_sciences_and_humanities,scoring_source,reference_or_metric,464,622,0,622,0.7459807073954984,2,620,464,0.7483870967741936,False
observed,2025,domain:social_sciences_and_humanities,scoring_source,unclear,2,622,0,622,0.003215434083601286,2,620,0,0.0,False
observed,2025,domain:software_and_coding,scoring_source,execution_or_environment,556,909,0,909,0.6116611661166117,1,908,556,0.6123348017621145,False
observed,2025,domain:software_and_coding,scoring_source,human_judge,52,909,0,909,0.05720572057205721,1,908,52,0.05726872246696035,False
observed,2025,domain:software_and_coding,scoring_source,llm_judge,269,909,0,909,0.29592959295929594,1,908,269,0.29625550660792954,False
observed,2025,domain:software_and_coding,scoring_source,other_model_judge,51,909,0,909,0.056105610561056105,1,908,51,0.05616740088105727,False
observed,2025,domain:software_and_coding,scoring_source,reference_or_metric,395,909,0,909,0.43454345434543457,1,908,395,0.43502202643171806,False
observed,2025,domain:software_and_coding,scoring_source,unclear,1,909,0,909,0.0011001100110011,1,908,0,0.0,False
observed,2026,all,scoring_source,execution_or_environment,1631,5734,0,5734,0.2844436693407743,6,5728,1631,0.2847416201117318,False
observed,2026,all,scoring_source,human_judge,268,5734,0,5734,0.04673875130798744,6,5728,268,0.0467877094972067,False
observed,2026,all,scoring_source,llm_judge,2309,5734,0,5734,0.40268573421695153,6,5728,2309,0.40310754189944137,False
observed,2026,all,scoring_source,other_model_judge,401,5734,0,5734,0.06993372863620509,6,5728,401,0.07000698324022346,False
observed,2026,all,scoring_source,reference_or_metric,3415,5734,0,5734,0.5955702825252878,6,5728,3415,0.5961941340782123,False
observed,2026,all,scoring_source,unclear,6,5734,0,5734,0.0010463899546564353,6,5728,0,0.0,False
observed,2026,agent,scoring_source,execution_or_environment,938,1624,0,1624,0.5775862068965517,1,1623,938,0.5779420825631546,False
observed,2026,agent,scoring_source,human_judge,54,1624,0,1624,0.0332512315270936,1,1623,54,0.033271719038817,False
observed,2026,agent,scoring_source,llm_judge,714,1624,0,1624,0.4396551724137931,1,1623,714,0.4399260628465804,False
observed,2026,agent,scoring_source,other_model_judge,47,1624,0,1624,0.02894088669950739,1,1623,47,0.02895871842267406,False
observed,2026,agent,scoring_source,reference_or_metric,635,1624,0,1624,0.3910098522167488,1,1623,635,0.39125077017868143,False
observed,2026,agent,scoring_source,unclear,1,1624,0,1624,0.0006157635467980296,1,1623,0,0.0,False
observed,2026,non_agent,scoring_source,execution_or_environment,693,4110,0,4110,0.1686131386861314,5,4105,693,0.16881851400730816,False
observed,2026,non_agent,scoring_source,human_judge,214,4110,0,4110,0.05206812652068127,5,4105,214,0.05213154689403167,False
observed,2026,non_agent,scoring_source,llm_judge,1595,4110,0,4110,0.3880778588807786,5,4105,1595,0.38855054811205847,False
observed,2026,non_agent,scoring_source,other_model_judge,354,4110,0,4110,0.08613138686131387,5,4105,354,0.08623629719853837,False
observed,2026,non_agent,scoring_source,reference_or_metric,2780,4110,0,4110,0.6763990267639902,5,4105,2780,0.6772228989037758,False
observed,2026,non_agent,scoring_source,unclear,5,4110,0,4110,0.0012165450121654502,5,4105,0,0.0,False
observed,2026,domain:cybersecurity,scoring_source,execution_or_environment,176,388,0,388,0.4536082474226804,3,385,176,0.45714285714285713,False
observed,2026,domain:cybersecurity,scoring_source,human_judge,21,388,0,388,0.05412371134020619,3,385,21,0.05454545454545454,False
observed,2026,domain:cybersecurity,scoring_source,llm_judge,164,388,0,388,0.422680412371134,3,385,164,0.42597402597402595,False
observed,2026,domain:cybersecurity,scoring_source,other_model_judge,17,388,0,388,0.04381443298969072,3,385,17,0.04415584415584416,False
observed,2026,domain:cybersecurity,scoring_source,reference_or_metric,175,388,0,388,0.45103092783505155,3,385,175,0.45454545454545453,False
observed,2026,domain:cybersecurity,scoring_source,unclear,3,388,0,388,0.007731958762886598,3,385,0,0.0,False
observed,2026,domain:education,scoring_source,execution_or_environment,22,149,0,149,0.1476510067114094,0,149,22,0.1476510067114094,False
observed,2026,domain:education,scoring_source,human_judge,14,149,0,149,0.09395973154362416,0,149,14,0.09395973154362416,False
observed,2026,domain:education,scoring_source,llm_judge,82,149,0,149,0.5503355704697986,0,149,82,0.5503355704697986,False
observed,2026,domain:education,scoring_source,other_model_judge,8,149,0,149,0.053691275167785234,0,149,8,0.053691275167785234,False
observed,2026,domain:education,scoring_source,reference_or_metric,87,149,0,149,0.5838926174496645,0,149,87,0.5838926174496645,False
observed,2026,domain:education,scoring_source,unclear,0,149,0,149,0.0,0,149,0,0.0,False
observed,2026,domain:engineering,scoring_source,execution_or_environment,233,509,0,509,0.4577603143418468,0,509,233,0.4577603143418468,False
observed,2026,domain:engineering,scoring_source,human_judge,17,509,0,509,0.03339882121807466,0,509,17,0.03339882121807466,False
observed,2026,domain:engineering,scoring_source,llm_judge,155,509,0,509,0.3045186640471513,0,509,155,0.3045186640471513,False
observed,2026,domain:engineering,scoring_source,other_model_judge,21,509,0,509,0.0412573673870334,0,509,21,0.0412573673870334,False
observed,2026,domain:engineering,scoring_source,reference_or_metric,257,509,0,509,0.5049115913555993,0,509,257,0.5049115913555993,False
observed,2026,domain:engineering,scoring_source,unclear,0,509,0,509,0.0,0,509,0,0.0,False
observed,2026,domain:finance_and_business,scoring_source,execution_or_environment,214,667,0,667,0.32083958020989506,1,666,214,0.3213213213213213,False
observed,2026,domain:finance_and_business,scoring_source,human_judge,19,667,0,667,0.02848575712143928,1,666,19,0.028528528528528527,False
observed,2026,domain:finance_and_business,scoring_source,llm_judge,324,667,0,667,0.48575712143928035,1,666,324,0.4864864864864865,False
observed,2026,domain:finance_and_business,scoring_source,other_model_judge,34,667,0,667,0.050974512743628186,1,666,34,0.05105105105105105,False
observed,2026,domain:finance_and_business,scoring_source,reference_or_metric,360,667,0,667,0.5397301349325337,1,666,360,0.5405405405405406,False
observed,2026,domain:finance_and_business,scoring_source,unclear,1,667,0,667,0.0014992503748125937,1,666,0,0.0,False
observed,2026,domain:general_or_cross_domain,scoring_source,execution_or_environment,513,2237,0,2237,0.2293249888243183,0,2237,513,0.2293249888243183,False
observed,2026,domain:general_or_cross_domain,scoring_source,human_judge,73,2237,0,2237,0.03263299061242736,0,2237,73,0.03263299061242736,False
observed,2026,domain:general_or_cross_domain,scoring_source,llm_judge,1025,2237,0,2237,0.45820295037997316,0,2237,1025,0.45820295037997316,False
observed,2026,domain:general_or_cross_domain,scoring_source,other_model_judge,135,2237,0,2237,0.06034868126955744,0,2237,135,0.06034868126955744,False
observed,2026,domain:general_or_cross_domain,scoring_source,reference_or_metric,1386,2237,0,2237,0.6195797943674564,0,2237,1386,0.6195797943674564,False
observed,2026,domain:general_or_cross_domain,scoring_source,unclear,0,2237,0,2237,0.0,0,2237,0,0.0,False
observed,2026,domain:healthcare_biomedicine,scoring_source,execution_or_environment,104,736,0,736,0.14130434782608695,0,736,104,0.14130434782608695,False
observed,2026,domain:healthcare_biomedicine,scoring_source,human_judge,42,736,0,736,0.057065217391304345,0,736,42,0.057065217391304345,False
observed,2026,domain:healthcare_biomedicine,scoring_source,llm_judge,393,736,0,736,0.5339673913043478,0,736,393,0.5339673913043478,False
observed,2026,domain:healthcare_biomedicine,scoring_source,other_model_judge,62,736,0,736,0.08423913043478261,0,736,62,0.08423913043478261,False
observed,2026,domain:healthcare_biomedicine,scoring_source,reference_or_metric,493,736,0,736,0.6698369565217391,0,736,493,0.6698369565217391,False
observed,2026,domain:healthcare_biomedicine,scoring_source,unclear,0,736,0,736,0.0,0,736,0,0.0,False
observed,2026,domain:language_and_communication,scoring_source,execution_or_environment,49,647,0,647,0.07573415765069552,0,647,49,0.07573415765069552,False
observed,2026,domain:language_and_communication,scoring_source,human_judge,56,647,0,647,0.0865533230293663,0,647,56,0.0865533230293663,False
observed,2026,domain:language_and_communication,scoring_source,llm_judge,295,647,0,647,0.4559505409582689,0,647,295,0.4559505409582689,False
observed,2026,domain:language_and_communication,scoring_source,other_model_judge,108,647,0,647,0.16692426584234932,0,647,108,0.16692426584234932,False
observed,2026,domain:language_and_communication,scoring_source,reference_or_metric,468,647,0,647,0.723338485316847,0,647,468,0.723338485316847,False
observed,2026,domain:language_and_communication,scoring_source,unclear,0,647,0,647,0.0,0,647,0,0.0,False
observed,2026,domain:law_and_public_policy,scoring_source,execution_or_environment,36,219,0,219,0.1643835616438356,0,219,36,0.1643835616438356,False
observed,2026,domain:law_and_public_policy,scoring_source,human_judge,11,219,0,219,0.0502283105022831,0,219,11,0.0502283105022831,False
observed,2026,domain:law_and_public_policy,scoring_source,llm_judge,118,219,0,219,0.5388127853881278,0,219,118,0.5388127853881278,False
observed,2026,domain:law_and_public_policy,scoring_source,other_model_judge,16,219,0,219,0.0730593607305936,0,219,16,0.0730593607305936,False
observed,2026,domain:law_and_public_policy,scoring_source,reference_or_metric,135,219,0,219,0.6164383561643836,0,219,135,0.6164383561643836,False
observed,2026,domain:law_and_public_policy,scoring_source,unclear,0,219,0,219,0.0,0,219,0,0.0,False
observed,2026,domain:mathematics_and_formal_reasoning,scoring_source,execution_or_environment,206,528,0,528,0.39015151515151514,0,528,206,0.39015151515151514,False
observed,2026,domain:mathematics_and_formal_reasoning,scoring_source,human_judge,19,528,0,528,0.03598484848484849,0,528,19,0.03598484848484849,False
observed,2026,domain:mathematics_and_formal_reasoning,scoring_source,llm_judge,181,528,0,528,0.3428030303030303,0,528,181,0.3428030303030303,False
observed,2026,domain:mathematics_and_formal_reasoning,scoring_source,other_model_judge,25,528,0,528,0.04734848484848485,0,528,25,0.04734848484848485,False
observed,2026,domain:mathematics_and_formal_reasoning,scoring_source,reference_or_metric,321,528,0,528,0.6079545454545454,0,528,321,0.6079545454545454,False
observed,2026,domain:mathematics_and_formal_reasoning,scoring_source,unclear,0,528,0,528,0.0,0,528,0,0.0,False
observed,2026,domain:natural_sciences,scoring_source,execution_or_environment,134,535,0,535,0.2504672897196262,1,534,134,0.250936329588015,False
observed,2026,domain:natural_sciences,scoring_source,human_judge,25,535,0,535,0.04672897196261682,1,534,25,0.04681647940074907,False
observed,2026,domain:natural_sciences,scoring_source,llm_judge,246,535,0,535,0.45981308411214955,1,534,246,0.4606741573033708,False
observed,2026,domain:natural_sciences,scoring_source,other_model_judge,39,535,0,535,0.07289719626168224,1,534,39,0.07303370786516854,False
observed,2026,domain:natural_sciences,scoring_source,reference_or_metric,371,535,0,535,0.6934579439252336,1,534,371,0.6947565543071161,False
observed,2026,domain:natural_sciences,scoring_source,unclear,1,535,0,535,0.001869158878504673,1,534,0,0.0,False
observed,2026,domain:other,scoring_source,execution_or_environment,60,254,0,254,0.23622047244094488,0,254,60,0.23622047244094488,False
observed,2026,domain:other,scoring_source,human_judge,10,254,0,254,0.03937007874015748,0,254,10,0.03937007874015748,False
observed,2026,domain:other,scoring_source,llm_judge,100,254,0,254,0.3937007874015748,0,254,100,0.3937007874015748,False
observed,2026,domain:other,scoring_source,other_model_judge,18,254,0,254,0.07086614173228346,0,254,18,0.07086614173228346,False
observed,2026,domain:other,scoring_source,reference_or_metric,178,254,0,254,0.7007874015748031,0,254,178,0.7007874015748031,False
observed,2026,domain:other,scoring_source,unclear,0,254,0,254,0.0,0,254,0,0.0,False
observed,2026,domain:social_sciences_and_humanities,scoring_source,execution_or_environment,54,640,0,640,0.084375,1,639,54,0.08450704225352113,False
observed,2026,domain:social_sciences_and_humanities,scoring_source,human_judge,39,640,0,640,0.0609375,1,639,39,0.06103286384976526,False
observed,2026,domain:social_sciences_and_humanities,scoring_source,llm_judge,282,640,0,640,0.440625,1,639,282,0.4413145539906103,False
observed,2026,domain:social_sciences_and_humanities,scoring_source,other_model_judge,56,640,0,640,0.0875,1,639,56,0.08763693270735524,False
observed,2026,domain:social_sciences_and_humanities,scoring_source,reference_or_metric,453,640,0,640,0.7078125,1,639,453,0.7089201877934272,False
observed,2026,domain:social_sciences_and_humanities,scoring_source,unclear,1,640,0,640,0.0015625,1,639,0,0.0,False
observed,2026,domain:software_and_coding,scoring_source,execution_or_environment,753,1128,0,1128,0.6675531914893617,1,1127,753,0.6681455190771961,False
observed,2026,domain:software_and_coding,scoring_source,human_judge,56,1128,0,1128,0.04964539007092199,1,1127,56,0.049689440993788817,False
observed,2026,domain:software_and_coding,scoring_source,llm_judge,396,1128,0,1128,0.35106382978723405,1,1127,396,0.3513753327417924,False
observed,2026,domain:software_and_coding,scoring_source,other_model_judge,45,1128,0,1128,0.0398936170212766,1,1127,45,0.03992901508429459,False
observed,2026,domain:software_and_coding,scoring_source,reference_or_metric,419,1128,0,1128,0.37145390070921985,1,1127,419,0.3717834960070985,False
observed,2026,domain:software_and_coding,scoring_source,unclear,1,1128,0,1128,0.0008865248226950354,1,1127,0,0.0,False
jan_aug,all,all,scoring_source,execution_or_environment,2645,11143,3,11146,0.23736875168267074,15,11128,2645,0.23768871315600287,False
jan_aug,all,all,scoring_source,human_judge,756,11143,3,11146,0.06784528403482007,15,11128,756,0.06793673616103522,False
jan_aug,all,all,scoring_source,llm_judge,3959,11143,3,11146,0.35529031679081036,15,11128,3959,0.3557692307692308,False
jan_aug,all,all,scoring_source,other_model_judge,928,11143,3,11146,0.08328098357713362,15,11128,928,0.08339324227174695,False
jan_aug,all,all,scoring_source,reference_or_metric,7232,11143,3,11146,0.6490173202907655,15,11128,7232,0.6498921639108555,False
jan_aug,all,all,scoring_source,unclear,15,11143,3,11146,0.0013461365879924617,15,11128,0,0.0,False
jan_aug,all,agent,scoring_source,execution_or_environment,1287,2228,0,2228,0.5776481149012568,1,2227,1287,0.5779074988774136,False
jan_aug,all,agent,scoring_source,human_judge,102,2228,0,2228,0.04578096947935368,1,2227,102,0.04580152671755725,False
jan_aug,all,agent,scoring_source,llm_judge,912,2228,0,2228,0.40933572710951527,1,2227,912,0.4095195330040413,False
jan_aug,all,agent,scoring_source,other_model_judge,76,2228,0,2228,0.03411131059245961,1,2227,76,0.03412662775033678,False
jan_aug,all,agent,scoring_source,reference_or_metric,907,2228,0,2228,0.40709156193895873,1,2227,907,0.4072743601257297,False
jan_aug,all,agent,scoring_source,unclear,1,2228,0,2228,0.0004488330341113106,1,2227,0,0.0,False
jan_aug,all,non_agent,scoring_source,execution_or_environment,1358,8915,3,8918,0.15232753785754347,14,8901,1358,0.15256712728906865,False
jan_aug,all,non_agent,scoring_source,human_judge,654,8915,3,8918,0.0733595064498037,14,8901,654,0.07347489046174586,False
jan_aug,all,non_agent,scoring_source,llm_judge,3047,8915,3,8918,0.3417835109366237,14,8901,3047,0.34232108751825635,False
jan_aug,all,non_agent,scoring_source,other_model_judge,852,8915,3,8918,0.09556926528323051,14,8901,852,0.0957195820694304,False
jan_aug,all,non_agent,scoring_source,reference_or_metric,6325,8915,3,8918,0.709478407178912,14,8901,6325,0.710594315245478,False
jan_aug,all,non_agent,scoring_source,unclear,14,8915,3,8918,0.0015703869882220977,14,8901,0,0.0,False
jan_aug,all,domain:cybersecurity,scoring_source,execution_or_environment,251,579,0,579,0.43350604490500866,4,575,251,0.4365217391304348,False
jan_aug,all,domain:cybersecurity,scoring_source,human_judge,34,579,0,579,0.05872193436960276,4,575,34,0.059130434782608696,False
jan_aug,all,domain:cybersecurity,scoring_source,llm_judge,235,579,0,579,0.4058721934369603,4,575,235,0.40869565217391307,False
jan_aug,all,domain:cybersecurity,scoring_source,other_model_judge,30,579,0,579,0.05181347150259067,4,575,30,0.05217391304347826,False
jan_aug,all,domain:cybersecurity,scoring_source,reference_or_metric,278,579,0,579,0.48013816925734026,4,575,278,0.4834782608695652,False
jan_aug,all,domain:cybersecurity,scoring_source,unclear,4,579,0,579,0.0069084628670120895,4,575,0,0.0,False
jan_aug,all,domain:education,scoring_source,execution_or_environment,32,264,0,264,0.12121212121212122,1,263,32,0.12167300380228137,False
jan_aug,all,domain:education,scoring_source,human_judge,33,264,0,264,0.125,1,263,33,0.12547528517110265,False
jan_aug,all,domain:education,scoring_source,llm_judge,128,264,0,264,0.48484848484848486,1,263,128,0.4866920152091255,False
jan_aug,all,domain:education,scoring_source,other_model_judge,23,264,0,264,0.08712121212121213,1,263,23,0.08745247148288973,False
jan_aug,all,domain:education,scoring_source,reference_or_metric,167,264,0,264,0.6325757575757576,1,263,167,0.6349809885931559,False
jan_aug,all,domain:education,scoring_source,unclear,1,264,0,264,0.003787878787878788,1,263,0,0.0,False
jan_aug,all,domain:engineering,scoring_source,execution_or_environment,340,800,0,800,0.425,0,800,340,0.425,False
jan_aug,all,domain:engineering,scoring_source,human_judge,50,800,0,800,0.0625,0,800,50,0.0625,False
jan_aug,all,domain:engineering,scoring_source,llm_judge,230,800,0,800,0.2875,0,800,230,0.2875,False
jan_aug,all,domain:engineering,scoring_source,other_model_judge,42,800,0,800,0.0525,0,800,42,0.0525,False
jan_aug,all,domain:engineering,scoring_source,reference_or_metric,430,800,0,800,0.5375,0,800,430,0.5375,False
jan_aug,all,domain:engineering,scoring_source,unclear,0,800,0,800,0.0,0,800,0,0.0,False
jan_aug,all,domain:finance_and_business,scoring_source,execution_or_environment,279,1053,0,1053,0.26495726495726496,2,1051,279,0.2654614652711703,False
jan_aug,all,domain:finance_and_business,scoring_source,human_judge,46,1053,0,1053,0.04368471035137702,2,1051,46,0.04376784015223597,False
jan_aug,all,domain:finance_and_business,scoring_source,llm_judge,459,1053,0,1053,0.4358974358974359,2,1051,459,0.4367269267364415,False
jan_aug,all,domain:finance_and_business,scoring_source,other_model_judge,63,1053,0,1053,0.05982905982905983,2,1051,63,0.05994291151284491,False
jan_aug,all,domain:finance_and_business,scoring_source,reference_or_metric,636,1053,0,1053,0.603988603988604,2,1051,636,0.6051379638439581,False
jan_aug,all,domain:finance_and_business,scoring_source,unclear,2,1053,0,1053,0.001899335232668566,2,1051,0,0.0,False
jan_aug,all,domain:general_or_cross_domain,scoring_source,execution_or_environment,830,4625,3,4628,0.17945945945945946,5,4620,830,0.17965367965367965,False
jan_aug,all,domain:general_or_cross_domain,scoring_source,human_judge,246,4625,3,4628,0.05318918918918919,5,4620,246,0.053246753246753244,False
jan_aug,all,domain:general_or_cross_domain,scoring_source,llm_judge,1912,4625,3,4628,0.4134054054054054,5,4620,1912,0.41385281385281386,False
jan_aug,all,domain:general_or_cross_domain,scoring_source,other_model_judge,343,4625,3,4628,0.07416216216216216,5,4620,343,0.07424242424242425,False
jan_aug,all,domain:general_or_cross_domain,scoring_source,reference_or_metric,3097,4625,3,4628,0.6696216216216216,5,4620,3097,0.6703463203463204,False
jan_aug,all,domain:general_or_cross_domain,scoring_source,unclear,5,4625,3,4628,0.001081081081081081,5,4620,0,0.0,False
jan_aug,all,domain:healthcare_biomedicine,scoring_source,execution_or_environment,129,1295,1,1296,0.09961389961389962,2,1293,129,0.09976798143851508,False
jan_aug,all,domain:healthcare_biomedicine,scoring_source,human_judge,111,1295,1,1296,0.08571428571428572,2,1293,111,0.08584686774941995,False
jan_aug,all,domain:healthcare_biomedicine,scoring_source,llm_judge,588,1295,1,1296,0.4540540540540541,2,1293,588,0.4547563805104408,False
jan_aug,all,domain:healthcare_biomedicine,scoring_source,other_model_judge,140,1295,1,1296,0.10810810810810811,2,1293,140,0.10827532869296211,False
jan_aug,all,domain:healthcare_biomedicine,scoring_source,reference_or_metric,926,1295,1,1296,0.715057915057915,2,1293,926,0.7161639597834494,False
jan_aug,all,domain:healthcare_biomedicine,scoring_source,unclear,2,1295,1,1296,0.0015444015444015444,2,1293,0,0.0,False
jan_aug,all,domain:language_and_communication,scoring_source,execution_or_environment,115,1659,1,1660,0.06931886678722121,1,1658,115,0.06936067551266586,False
jan_aug,all,domain:language_and_communication,scoring_source,human_judge,207,1659,1,1660,0.12477396021699819,1,1658,207,0.12484921592279856,False
jan_aug,all,domain:language_and_communication,scoring_source,llm_judge,578,1659,1,1660,0.34840265220012057,1,1658,578,0.3486127864897467,False
jan_aug,all,domain:language_and_communication,scoring_source,other_model_judge,280,1659,1,1660,0.16877637130801687,1,1658,280,0.16887816646562123,False
jan_aug,all,domain:language_and_communication,scoring_source,reference_or_metric,1286,1659,1,1660,0.7751657625075347,1,1658,1286,0.7756332931242461,False
jan_aug,all,domain:language_and_communication,scoring_source,unclear,1,1659,1,1660,0.0006027727546714888,1,1658,0,0.0,False
jan_aug,all,domain:law_and_public_policy,scoring_source,execution_or_environment,43,385,1,386,0.11168831168831168,1,384,43,0.11197916666666667,False
jan_aug,all,domain:law_and_public_policy,scoring_source,human_judge,29,385,1,386,0.07532467532467532,1,384,29,0.07552083333333333,False
jan_aug,all,domain:law_and_public_policy,scoring_source,llm_judge,189,385,1,386,0.4909090909090909,1,384,189,0.4921875,False
jan_aug,all,domain:law_and_public_policy,scoring_source,other_model_judge,38,385,1,386,0.0987012987012987,1,384,38,0.09895833333333333,False
jan_aug,all,domain:law_and_public_policy,scoring_source,reference_or_metric,259,385,1,386,0.6727272727272727,1,384,259,0.6744791666666666,False
jan_aug,all,domain:law_and_public_policy,scoring_source,unclear,1,385,1,386,0.0025974025974025974,1,384,0,0.0,False
jan_aug,all,domain:mathematics_and_formal_reasoning,scoring_source,execution_or_environment,369,1198,0,1198,0.3080133555926544,1,1197,369,0.3082706766917293,False
jan_aug,all,domain:mathematics_and_formal_reasoning,scoring_source,human_judge,60,1198,0,1198,0.05008347245409015,1,1197,60,0.05012531328320802,False
jan_aug,all,domain:mathematics_and_formal_reasoning,scoring_source,llm_judge,355,1198,0,1198,0.29632721202003337,1,1197,355,0.29657477025898077,False
jan_aug,all,domain:mathematics_and_formal_reasoning,scoring_source,other_model_judge,55,1198,0,1198,0.045909849749582635,1,1197,55,0.04594820384294068,False
jan_aug,all,domain:mathematics_and_formal_reasoning,scoring_source,reference_or_metric,824,1198,0,1198,0.6878130217028381,1,1197,824,0.6883876357560568,False
jan_aug,all,domain:mathematics_and_formal_reasoning,scoring_source,unclear,1,1198,0,1198,0.0008347245409015025,1,1197,0,0.0,False
jan_aug,all,domain:natural_sciences,scoring_source,execution_or_environment,192,970,1,971,0.1979381443298969,1,969,192,0.19814241486068113,False
jan_aug,all,domain:natural_sciences,scoring_source,human_judge,58,970,1,971,0.05979381443298969,1,969,58,0.05985552115583075,False
jan_aug,all,domain:natural_sciences,scoring_source,llm_judge,409,970,1,971,0.4216494845360825,1,969,409,0.42208462332301344,False
jan_aug,all,domain:natural_sciences,scoring_source,other_model_judge,71,970,1,971,0.0731958762886598,1,969,71,0.07327141382868937,False
jan_aug,all,domain:natural_sciences,scoring_source,reference_or_metric,707,970,1,971,0.7288659793814433,1,969,707,0.7296181630546955,False
jan_aug,all,domain:natural_sciences,scoring_source,unclear,1,970,1,971,0.0010309278350515464,1,969,0,0.0,False
jan_aug,all,domain:other,scoring_source,execution_or_environment,91,432,0,432,0.21064814814814814,0,432,91,0.21064814814814814,False
jan_aug,all,domain:other,scoring_source,human_judge,27,432,0,432,0.0625,0,432,27,0.0625,False
jan_aug,all,domain:other,scoring_source,llm_judge,165,432,0,432,0.3819444444444444,0,432,165,0.3819444444444444,False
jan_aug,all,domain:other,scoring_source,other_model_judge,37,432,0,432,0.08564814814814815,0,432,37,0.08564814814814815,False
jan_aug,all,domain:other,scoring_source,reference_or_metric,317,432,0,432,0.7337962962962963,0,432,317,0.7337962962962963,False
jan_aug,all,domain:other,scoring_source,unclear,0,432,0,432,0.0,0,432,0,0.0,False
jan_aug,all,domain:social_sciences_and_humanities,scoring_source,execution_or_environment,78,1256,0,1256,0.06210191082802548,3,1253,78,0.06225059856344772,False
jan_aug,all,domain:social_sciences_and_humanities,scoring_source,human_judge,97,1256,0,1256,0.07722929936305732,3,1253,97,0.07741420590582601,False
jan_aug,all,domain:social_sciences_and_humanities,scoring_source,llm_judge,479,1256,0,1256,0.38136942675159236,3,1253,479,0.3822825219473264,False
jan_aug,all,domain:social_sciences_and_humanities,scoring_source,other_model_judge,132,1256,0,1256,0.10509554140127389,3,1253,132,0.10534716679968077,False
jan_aug,all,domain:social_sciences_and_humanities,scoring_source,reference_or_metric,939,1256,0,1256,0.7476114649681529,3,1253,939,0.7494014365522745,False
jan_aug,all,domain:social_sciences_and_humanities,scoring_source,unclear,3,1256,0,1256,0.0023885350318471337,3,1253,0,0.0,False
jan_aug,all,domain:software_and_coding,scoring_source,execution_or_environment,1300,2036,0,2036,0.6385068762278978,3,2033,1300,0.6394490900147565,False
jan_aug,all,domain:software_and_coding,scoring_source,human_judge,117,2036,0,2036,0.057465618860510805,3,2033,117,0.057550418101328084,False
jan_aug,all,domain:software_and_coding,scoring_source,llm_judge,590,2036,0,2036,0.28978388998035365,3,2033,590,0.2902115100836203,False
jan_aug,all,domain:software_and_coding,scoring_source,other_model_judge,99,2036,0,2036,0.04862475442043222,3,2033,99,0.04869650762420069,False
jan_aug,all,domain:software_and_coding,scoring_source,reference_or_metric,853,2036,0,2036,0.41895874263261296,3,2033,853,0.4195769798327595,False
jan_aug,all,domain:software_and_coding,scoring_source,unclear,3,2036,0,2036,0.0014734774066797642,3,2033,0,0.0,False
jan_aug,2022,all,scoring_source,execution_or_environment,12,69,0,69,0.17391304347826086,0,69,12,0.17391304347826086,False
jan_aug,2022,all,scoring_source,human_judge,9,69,0,69,0.13043478260869565,0,69,9,0.13043478260869565,False
jan_aug,2022,all,scoring_source,llm_judge,0,69,0,69,0.0,0,69,0,0.0,False
jan_aug,2022,all,scoring_source,other_model_judge,11,69,0,69,0.15942028985507245,0,69,11,0.15942028985507245,False
jan_aug,2022,all,scoring_source,reference_or_metric,61,69,0,69,0.8840579710144928,0,69,61,0.8840579710144928,False
jan_aug,2022,all,scoring_source,unclear,0,69,0,69,0.0,0,69,0,0.0,False
jan_aug,2022,agent,scoring_source,execution_or_environment,1,1,0,1,1.0,0,1,1,1.0,True
jan_aug,2022,agent,scoring_source,human_judge,0,1,0,1,0.0,0,1,0,0.0,True
jan_aug,2022,agent,scoring_source,llm_judge,0,1,0,1,0.0,0,1,0,0.0,True
jan_aug,2022,agent,scoring_source,other_model_judge,0,1,0,1,0.0,0,1,0,0.0,True
jan_aug,2022,agent,scoring_source,reference_or_metric,0,1,0,1,0.0,0,1,0,0.0,True
jan_aug,2022,agent,scoring_source,unclear,0,1,0,1,0.0,0,1,0,0.0,True
jan_aug,2022,non_agent,scoring_source,execution_or_environment,11,68,0,68,0.16176470588235295,0,68,11,0.16176470588235295,False
jan_aug,2022,non_agent,scoring_source,human_judge,9,68,0,68,0.1323529411764706,0,68,9,0.1323529411764706,False
jan_aug,2022,non_agent,scoring_source,llm_judge,0,68,0,68,0.0,0,68,0,0.0,False
jan_aug,2022,non_agent,scoring_source,other_model_judge,11,68,0,68,0.16176470588235295,0,68,11,0.16176470588235295,False
jan_aug,2022,non_agent,scoring_source,reference_or_metric,61,68,0,68,0.8970588235294118,0,68,61,0.8970588235294118,False
jan_aug,2022,non_agent,scoring_source,unclear,0,68,0,68,0.0,0,68,0,0.0,False
jan_aug,2022,domain:cybersecurity,scoring_source,execution_or_environment,0,1,0,1,0.0,0,1,0,0.0,True
jan_aug,2022,domain:cybersecurity,scoring_source,human_judge,0,1,0,1,0.0,0,1,0,0.0,True
jan_aug,2022,domain:cybersecurity,scoring_source,llm_judge,0,1,0,1,0.0,0,1,0,0.0,True
jan_aug,2022,domain:cybersecurity,scoring_source,other_model_judge,0,1,0,1,0.0,0,1,0,0.0,True
jan_aug,2022,domain:cybersecurity,scoring_source,reference_or_metric,1,1,0,1,1.0,0,1,1,1.0,True
jan_aug,2022,domain:cybersecurity,scoring_source,unclear,0,1,0,1,0.0,0,1,0,0.0,True
jan_aug,2022,domain:education,scoring_source,execution_or_environment,0,0,0,0,,0,0,0,,True
jan_aug,2022,domain:education,scoring_source,human_judge,0,0,0,0,,0,0,0,,True
jan_aug,2022,domain:education,scoring_source,llm_judge,0,0,0,0,,0,0,0,,True
jan_aug,2022,domain:education,scoring_source,other_model_judge,0,0,0,0,,0,0,0,,True
jan_aug,2022,domain:education,scoring_source,reference_or_metric,0,0,0,0,,0,0,0,,True
jan_aug,2022,domain:education,scoring_source,unclear,0,0,0,0,,0,0,0,,True
jan_aug,2022,domain:engineering,scoring_source,execution_or_environment,0,1,0,1,0.0,0,1,0,0.0,True
jan_aug,2022,domain:engineering,scoring_source,human_judge,0,1,0,1,0.0,0,1,0,0.0,True
jan_aug,2022,domain:engineering,scoring_source,llm_judge,0,1,0,1,0.0,0,1,0,0.0,True
jan_aug,2022,domain:engineering,scoring_source,other_model_judge,0,1,0,1,0.0,0,1,0,0.0,True
jan_aug,2022,domain:engineering,scoring_source,reference_or_metric,1,1,0,1,1.0,0,1,1,1.0,True
jan_aug,2022,domain:engineering,scoring_source,unclear,0,1,0,1,0.0,0,1,0,0.0,True
jan_aug,2022,domain:finance_and_business,scoring_source,execution_or_environment,1,4,0,4,0.25,0,4,1,0.25,True
jan_aug,2022,domain:finance_and_business,scoring_source,human_judge,1,4,0,4,0.25,0,4,1,0.25,True
jan_aug,2022,domain:finance_and_business,scoring_source,llm_judge,0,4,0,4,0.0,0,4,0,0.0,True
jan_aug,2022,domain:finance_and_business,scoring_source,other_model_judge,0,4,0,4,0.0,0,4,0,0.0,True
jan_aug,2022,domain:finance_and_business,scoring_source,reference_or_metric,3,4,0,4,0.75,0,4,3,0.75,True
jan_aug,2022,domain:finance_and_business,scoring_source,unclear,0,4,0,4,0.0,0,4,0,0.0,True
jan_aug,2022,domain:general_or_cross_domain,scoring_source,execution_or_environment,5,19,0,19,0.2631578947368421,0,19,5,0.2631578947368421,True
jan_aug,2022,domain:general_or_cross_domain,scoring_source,human_judge,1,19,0,19,0.05263157894736842,0,19,1,0.05263157894736842,True
jan_aug,2022,domain:general_or_cross_domain,scoring_source,llm_judge,0,19,0,19,0.0,0,19,0,0.0,True
jan_aug,2022,domain:general_or_cross_domain,scoring_source,other_model_judge,3,19,0,19,0.15789473684210525,0,19,3,0.15789473684210525,True
jan_aug,2022,domain:general_or_cross_domain,scoring_source,reference_or_metric,16,19,0,19,0.8421052631578947,0,19,16,0.8421052631578947,True
jan_aug,2022,domain:general_or_cross_domain,scoring_source,unclear,0,19,0,19,0.0,0,19,0,0.0,True
jan_aug,2022,domain:healthcare_biomedicine,scoring_source,execution_or_environment,1,5,0,5,0.2,0,5,1,0.2,True
jan_aug,2022,domain:healthcare_biomedicine,scoring_source,human_judge,0,5,0,5,0.0,0,5,0,0.0,True
jan_aug,2022,domain:healthcare_biomedicine,scoring_source,llm_judge,0,5,0,5,0.0,0,5,0,0.0,True
jan_aug,2022,domain:healthcare_biomedicine,scoring_source,other_model_judge,2,5,0,5,0.4,0,5,2,0.4,True
jan_aug,2022,domain:healthcare_biomedicine,scoring_source,reference_or_metric,5,5,0,5,1.0,0,5,5,1.0,True
jan_aug,2022,domain:healthcare_biomedicine,scoring_source,unclear,0,5,0,5,0.0,0,5,0,0.0,True
jan_aug,2022,domain:language_and_communication,scoring_source,execution_or_environment,2,39,0,39,0.05128205128205128,0,39,2,0.05128205128205128,False
jan_aug,2022,domain:language_and_communication,scoring_source,human_judge,6,39,0,39,0.15384615384615385,0,39,6,0.15384615384615385,False
jan_aug,2022,domain:language_and_communication,scoring_source,llm_judge,0,39,0,39,0.0,0,39,0,0.0,False
jan_aug,2022,domain:language_and_communication,scoring_source,other_model_judge,7,39,0,39,0.1794871794871795,0,39,7,0.1794871794871795,False
jan_aug,2022,domain:language_and_communication,scoring_source,reference_or_metric,39,39,0,39,1.0,0,39,39,1.0,False
jan_aug,2022,domain:language_and_communication,scoring_source,unclear,0,39,0,39,0.0,0,39,0,0.0,False
jan_aug,2022,domain:law_and_public_policy,scoring_source,execution_or_environment,1,2,0,2,0.5,0,2,1,0.5,True
jan_aug,2022,domain:law_and_public_policy,scoring_source,human_judge,0,2,0,2,0.0,0,2,0,0.0,True
jan_aug,2022,domain:law_and_public_policy,scoring_source,llm_judge,0,2,0,2,0.0,0,2,0,0.0,True
jan_aug,2022,domain:law_and_public_policy,scoring_source,other_model_judge,0,2,0,2,0.0,0,2,0,0.0,True
jan_aug,2022,domain:law_and_public_policy,scoring_source,reference_or_metric,2,2,0,2,1.0,0,2,2,1.0,True
jan_aug,2022,domain:law_and_public_policy,scoring_source,unclear,0,2,0,2,0.0,0,2,0,0.0,True
jan_aug,2022,domain:mathematics_and_formal_reasoning,scoring_source,execution_or_environment,2,5,0,5,0.4,0,5,2,0.4,True
jan_aug,2022,domain:mathematics_and_formal_reasoning,scoring_source,human_judge,1,5,0,5,0.2,0,5,1,0.2,True
jan_aug,2022,domain:mathematics_and_formal_reasoning,scoring_source,llm_judge,0,5,0,5,0.0,0,5,0,0.0,True
jan_aug,2022,domain:mathematics_and_formal_reasoning,scoring_source,other_model_judge,0,5,0,5,0.0,0,5,0,0.0,True
jan_aug,2022,domain:mathematics_and_formal_reasoning,scoring_source,reference_or_metric,4,5,0,5,0.8,0,5,4,0.8,True
jan_aug,2022,domain:mathematics_and_formal_reasoning,scoring_source,unclear,0,5,0,5,0.0,0,5,0,0.0,True
jan_aug,2022,domain:natural_sciences,scoring_source,execution_or_environment,2,3,0,3,0.6666666666666666,0,3,2,0.6666666666666666,True
jan_aug,2022,domain:natural_sciences,scoring_source,human_judge,0,3,0,3,0.0,0,3,0,0.0,True
jan_aug,2022,domain:natural_sciences,scoring_source,llm_judge,0,3,0,3,0.0,0,3,0,0.0,True
jan_aug,2022,domain:natural_sciences,scoring_source,other_model_judge,0,3,0,3,0.0,0,3,0,0.0,True
jan_aug,2022,domain:natural_sciences,scoring_source,reference_or_metric,2,3,0,3,0.6666666666666666,0,3,2,0.6666666666666666,True
jan_aug,2022,domain:natural_sciences,scoring_source,unclear,0,3,0,3,0.0,0,3,0,0.0,True
jan_aug,2022,domain:other,scoring_source,execution_or_environment,0,1,0,1,0.0,0,1,0,0.0,True
jan_aug,2022,domain:other,scoring_source,human_judge,0,1,0,1,0.0,0,1,0,0.0,True
jan_aug,2022,domain:other,scoring_source,llm_judge,0,1,0,1,0.0,0,1,0,0.0,True
jan_aug,2022,domain:other,scoring_source,other_model_judge,1,1,0,1,1.0,0,1,1,1.0,True
jan_aug,2022,domain:other,scoring_source,reference_or_metric,1,1,0,1,1.0,0,1,1,1.0,True
jan_aug,2022,domain:other,scoring_source,unclear,0,1,0,1,0.0,0,1,0,0.0,True
jan_aug,2022,domain:social_sciences_and_humanities,scoring_source,execution_or_environment,1,8,0,8,0.125,0,8,1,0.125,True
jan_aug,2022,domain:social_sciences_and_humanities,scoring_source,human_judge,2,8,0,8,0.25,0,8,2,0.25,True
jan_aug,2022,domain:social_sciences_and_humanities,scoring_source,llm_judge,0,8,0,8,0.0,0,8,0,0.0,True
jan_aug,2022,domain:social_sciences_and_humanities,scoring_source,other_model_judge,0,8,0,8,0.0,0,8,0,0.0,True
jan_aug,2022,domain:social_sciences_and_humanities,scoring_source,reference_or_metric,8,8,0,8,1.0,0,8,8,1.0,True
jan_aug,2022,domain:social_sciences_and_humanities,scoring_source,unclear,0,8,0,8,0.0,0,8,0,0.0,True
jan_aug,2022,domain:software_and_coding,scoring_source,execution_or_environment,9,13,0,13,0.6923076923076923,0,13,9,0.6923076923076923,True
jan_aug,2022,domain:software_and_coding,scoring_source,human_judge,1,13,0,13,0.07692307692307693,0,13,1,0.07692307692307693,True
jan_aug,2022,domain:software_and_coding,scoring_source,llm_judge,0,13,0,13,0.0,0,13,0,0.0,True
jan_aug,2022,domain:software_and_coding,scoring_source,other_model_judge,0,13,0,13,0.0,0,13,0,0.0,True
jan_aug,2022,domain:software_and_coding,scoring_source,reference_or_metric,8,13,0,13,0.6153846153846154,0,13,8,0.6153846153846154,True
jan_aug,2022,domain:software_and_coding,scoring_source,unclear,0,13,0,13,0.0,0,13,0,0.0,True
jan_aug,2023,all,scoring_source,execution_or_environment,60,376,0,376,0.1595744680851064,0,376,60,0.1595744680851064,False
jan_aug,2023,all,scoring_source,human_judge,83,376,0,376,0.22074468085106383,0,376,83,0.22074468085106383,False
jan_aug,2023,all,scoring_source,llm_judge,51,376,0,376,0.1356382978723404,0,376,51,0.1356382978723404,False
jan_aug,2023,all,scoring_source,other_model_judge,43,376,0,376,0.11436170212765957,0,376,43,0.11436170212765957,False
jan_aug,2023,all,scoring_source,reference_or_metric,295,376,0,376,0.7845744680851063,0,376,295,0.7845744680851063,False
jan_aug,2023,all,scoring_source,unclear,0,376,0,376,0.0,0,376,0,0.0,False
jan_aug,2023,agent,scoring_source,execution_or_environment,13,23,0,23,0.5652173913043478,0,23,13,0.5652173913043478,False
jan_aug,2023,agent,scoring_source,human_judge,3,23,0,23,0.13043478260869565,0,23,3,0.13043478260869565,False
jan_aug,2023,agent,scoring_source,llm_judge,3,23,0,23,0.13043478260869565,0,23,3,0.13043478260869565,False
jan_aug,2023,agent,scoring_source,other_model_judge,1,23,0,23,0.043478260869565216,0,23,1,0.043478260869565216,False
jan_aug,2023,agent,scoring_source,reference_or_metric,17,23,0,23,0.7391304347826086,0,23,17,0.7391304347826086,False
jan_aug,2023,agent,scoring_source,unclear,0,23,0,23,0.0,0,23,0,0.0,False
jan_aug,2023,non_agent,scoring_source,execution_or_environment,47,353,0,353,0.13314447592067988,0,353,47,0.13314447592067988,False
jan_aug,2023,non_agent,scoring_source,human_judge,80,353,0,353,0.22662889518413598,0,353,80,0.22662889518413598,False
jan_aug,2023,non_agent,scoring_source,llm_judge,48,353,0,353,0.1359773371104816,0,353,48,0.1359773371104816,False
jan_aug,2023,non_agent,scoring_source,other_model_judge,42,353,0,353,0.11898016997167139,0,353,42,0.11898016997167139,False
jan_aug,2023,non_agent,scoring_source,reference_or_metric,278,353,0,353,0.7875354107648725,0,353,278,0.7875354107648725,False
jan_aug,2023,non_agent,scoring_source,unclear,0,353,0,353,0.0,0,353,0,0.0,False
jan_aug,2023,domain:cybersecurity,scoring_source,execution_or_environment,5,9,0,9,0.5555555555555556,0,9,5,0.5555555555555556,True
jan_aug,2023,domain:cybersecurity,scoring_source,human_judge,0,9,0,9,0.0,0,9,0,0.0,True
jan_aug,2023,domain:cybersecurity,scoring_source,llm_judge,1,9,0,9,0.1111111111111111,0,9,1,0.1111111111111111,True
jan_aug,2023,domain:cybersecurity,scoring_source,other_model_judge,0,9,0,9,0.0,0,9,0,0.0,True
jan_aug,2023,domain:cybersecurity,scoring_source,reference_or_metric,4,9,0,9,0.4444444444444444,0,9,4,0.4444444444444444,True
jan_aug,2023,domain:cybersecurity,scoring_source,unclear,0,9,0,9,0.0,0,9,0,0.0,True
jan_aug,2023,domain:education,scoring_source,execution_or_environment,0,9,0,9,0.0,0,9,0,0.0,True
jan_aug,2023,domain:education,scoring_source,human_judge,2,9,0,9,0.2222222222222222,0,9,2,0.2222222222222222,True
jan_aug,2023,domain:education,scoring_source,llm_judge,1,9,0,9,0.1111111111111111,0,9,1,0.1111111111111111,True
jan_aug,2023,domain:education,scoring_source,other_model_judge,0,9,0,9,0.0,0,9,0,0.0,True
jan_aug,2023,domain:education,scoring_source,reference_or_metric,7,9,0,9,0.7777777777777778,0,9,7,0.7777777777777778,True
jan_aug,2023,domain:education,scoring_source,unclear,0,9,0,9,0.0,0,9,0,0.0,True
jan_aug,2023,domain:engineering,scoring_source,execution_or_environment,9,19,0,19,0.47368421052631576,0,19,9,0.47368421052631576,True
jan_aug,2023,domain:engineering,scoring_source,human_judge,3,19,0,19,0.15789473684210525,0,19,3,0.15789473684210525,True
jan_aug,2023,domain:engineering,scoring_source,llm_judge,0,19,0,19,0.0,0,19,0,0.0,True
jan_aug,2023,domain:engineering,scoring_source,other_model_judge,1,19,0,19,0.05263157894736842,0,19,1,0.05263157894736842,True
jan_aug,2023,domain:engineering,scoring_source,reference_or_metric,13,19,0,19,0.6842105263157895,0,19,13,0.6842105263157895,True
jan_aug,2023,domain:engineering,scoring_source,unclear,0,19,0,19,0.0,0,19,0,0.0,True
jan_aug,2023,domain:finance_and_business,scoring_source,execution_or_environment,2,23,0,23,0.08695652173913043,0,23,2,0.08695652173913043,False
jan_aug,2023,domain:finance_and_business,scoring_source,human_judge,3,23,0,23,0.13043478260869565,0,23,3,0.13043478260869565,False
jan_aug,2023,domain:finance_and_business,scoring_source,llm_judge,5,23,0,23,0.21739130434782608,0,23,5,0.21739130434782608,False
jan_aug,2023,domain:finance_and_business,scoring_source,other_model_judge,2,23,0,23,0.08695652173913043,0,23,2,0.08695652173913043,False
jan_aug,2023,domain:finance_and_business,scoring_source,reference_or_metric,21,23,0,23,0.9130434782608695,0,23,21,0.9130434782608695,False
jan_aug,2023,domain:finance_and_business,scoring_source,unclear,0,23,0,23,0.0,0,23,0,0.0,False
jan_aug,2023,domain:general_or_cross_domain,scoring_source,execution_or_environment,23,168,0,168,0.13690476190476192,0,168,23,0.13690476190476192,False
jan_aug,2023,domain:general_or_cross_domain,scoring_source,human_judge,33,168,0,168,0.19642857142857142,0,168,33,0.19642857142857142,False
jan_aug,2023,domain:general_or_cross_domain,scoring_source,llm_judge,35,168,0,168,0.20833333333333334,0,168,35,0.20833333333333334,False
jan_aug,2023,domain:general_or_cross_domain,scoring_source,other_model_judge,23,168,0,168,0.13690476190476192,0,168,23,0.13690476190476192,False
jan_aug,2023,domain:general_or_cross_domain,scoring_source,reference_or_metric,135,168,0,168,0.8035714285714286,0,168,135,0.8035714285714286,False
jan_aug,2023,domain:general_or_cross_domain,scoring_source,unclear,0,168,0,168,0.0,0,168,0,0.0,False
jan_aug,2023,domain:healthcare_biomedicine,scoring_source,execution_or_environment,0,28,0,28,0.0,0,28,0,0.0,False
jan_aug,2023,domain:healthcare_biomedicine,scoring_source,human_judge,9,28,0,28,0.32142857142857145,0,28,9,0.32142857142857145,False
jan_aug,2023,domain:healthcare_biomedicine,scoring_source,llm_judge,4,28,0,28,0.14285714285714285,0,28,4,0.14285714285714285,False
jan_aug,2023,domain:healthcare_biomedicine,scoring_source,other_model_judge,5,28,0,28,0.17857142857142858,0,28,5,0.17857142857142858,False
jan_aug,2023,domain:healthcare_biomedicine,scoring_source,reference_or_metric,22,28,0,28,0.7857142857142857,0,28,22,0.7857142857142857,False
jan_aug,2023,domain:healthcare_biomedicine,scoring_source,unclear,0,28,0,28,0.0,0,28,0,0.0,False
jan_aug,2023,domain:language_and_communication,scoring_source,execution_or_environment,6,123,0,123,0.04878048780487805,0,123,6,0.04878048780487805,False
jan_aug,2023,domain:language_and_communication,scoring_source,human_judge,37,123,0,123,0.3008130081300813,0,123,37,0.3008130081300813,False
jan_aug,2023,domain:language_and_communication,scoring_source,llm_judge,11,123,0,123,0.08943089430894309,0,123,11,0.08943089430894309,False
jan_aug,2023,domain:language_and_communication,scoring_source,other_model_judge,14,123,0,123,0.11382113821138211,0,123,14,0.11382113821138211,False
jan_aug,2023,domain:language_and_communication,scoring_source,reference_or_metric,112,123,0,123,0.9105691056910569,0,123,112,0.9105691056910569,False
jan_aug,2023,domain:language_and_communication,scoring_source,unclear,0,123,0,123,0.0,0,123,0,0.0,False
jan_aug,2023,domain:law_and_public_policy,scoring_source,execution_or_environment,1,12,0,12,0.08333333333333333,0,12,1,0.08333333333333333,True
jan_aug,2023,domain:law_and_public_policy,scoring_source,human_judge,3,12,0,12,0.25,0,12,3,0.25,True
jan_aug,2023,domain:law_and_public_policy,scoring_source,llm_judge,2,12,0,12,0.16666666666666666,0,12,2,0.16666666666666666,True
jan_aug,2023,domain:law_and_public_policy,scoring_source,other_model_judge,1,12,0,12,0.08333333333333333,0,12,1,0.08333333333333333,True
jan_aug,2023,domain:law_and_public_policy,scoring_source,reference_or_metric,12,12,0,12,1.0,0,12,12,1.0,True
jan_aug,2023,domain:law_and_public_policy,scoring_source,unclear,0,12,0,12,0.0,0,12,0,0.0,True
jan_aug,2023,domain:mathematics_and_formal_reasoning,scoring_source,execution_or_environment,12,54,0,54,0.2222222222222222,0,54,12,0.2222222222222222,False
jan_aug,2023,domain:mathematics_and_formal_reasoning,scoring_source,human_judge,10,54,0,54,0.18518518518518517,0,54,10,0.18518518518518517,False
jan_aug,2023,domain:mathematics_and_formal_reasoning,scoring_source,llm_judge,11,54,0,54,0.2037037037037037,0,54,11,0.2037037037037037,False
jan_aug,2023,domain:mathematics_and_formal_reasoning,scoring_source,other_model_judge,4,54,0,54,0.07407407407407407,0,54,4,0.07407407407407407,False
jan_aug,2023,domain:mathematics_and_formal_reasoning,scoring_source,reference_or_metric,47,54,0,54,0.8703703703703703,0,54,47,0.8703703703703703,False
jan_aug,2023,domain:mathematics_and_formal_reasoning,scoring_source,unclear,0,54,0,54,0.0,0,54,0,0.0,False
jan_aug,2023,domain:natural_sciences,scoring_source,execution_or_environment,2,29,0,29,0.06896551724137931,0,29,2,0.06896551724137931,False
jan_aug,2023,domain:natural_sciences,scoring_source,human_judge,7,29,0,29,0.2413793103448276,0,29,7,0.2413793103448276,False
jan_aug,2023,domain:natural_sciences,scoring_source,llm_judge,3,29,0,29,0.10344827586206896,0,29,3,0.10344827586206896,False
jan_aug,2023,domain:natural_sciences,scoring_source,other_model_judge,4,29,0,29,0.13793103448275862,0,29,4,0.13793103448275862,False
jan_aug,2023,domain:natural_sciences,scoring_source,reference_or_metric,25,29,0,29,0.8620689655172413,0,29,25,0.8620689655172413,False
jan_aug,2023,domain:natural_sciences,scoring_source,unclear,0,29,0,29,0.0,0,29,0,0.0,False
jan_aug,2023,domain:other,scoring_source,execution_or_environment,0,7,0,7,0.0,0,7,0,0.0,True
jan_aug,2023,domain:other,scoring_source,human_judge,4,7,0,7,0.5714285714285714,0,7,4,0.5714285714285714,True
jan_aug,2023,domain:other,scoring_source,llm_judge,2,7,0,7,0.2857142857142857,0,7,2,0.2857142857142857,True
jan_aug,2023,domain:other,scoring_source,other_model_judge,1,7,0,7,0.14285714285714285,0,7,1,0.14285714285714285,True
jan_aug,2023,domain:other,scoring_source,reference_or_metric,6,7,0,7,0.8571428571428571,0,7,6,0.8571428571428571,True
jan_aug,2023,domain:other,scoring_source,unclear,0,7,0,7,0.0,0,7,0,0.0,True
jan_aug,2023,domain:social_sciences_and_humanities,scoring_source,execution_or_environment,2,53,0,53,0.03773584905660377,0,53,2,0.03773584905660377,False
jan_aug,2023,domain:social_sciences_and_humanities,scoring_source,human_judge,7,53,0,53,0.1320754716981132,0,53,7,0.1320754716981132,False
jan_aug,2023,domain:social_sciences_and_humanities,scoring_source,llm_judge,6,53,0,53,0.11320754716981132,0,53,6,0.11320754716981132,False
jan_aug,2023,domain:social_sciences_and_humanities,scoring_source,other_model_judge,8,53,0,53,0.1509433962264151,0,53,8,0.1509433962264151,False
jan_aug,2023,domain:social_sciences_and_humanities,scoring_source,reference_or_metric,47,53,0,53,0.8867924528301887,0,53,47,0.8867924528301887,False
jan_aug,2023,domain:social_sciences_and_humanities,scoring_source,unclear,0,53,0,53,0.0,0,53,0,0.0,False
jan_aug,2023,domain:software_and_coding,scoring_source,execution_or_environment,36,70,0,70,0.5142857142857142,0,70,36,0.5142857142857142,False
jan_aug,2023,domain:software_and_coding,scoring_source,human_judge,10,70,0,70,0.14285714285714285,0,70,10,0.14285714285714285,False
jan_aug,2023,domain:software_and_coding,scoring_source,llm_judge,10,70,0,70,0.14285714285714285,0,70,10,0.14285714285714285,False
jan_aug,2023,domain:software_and_coding,scoring_source,other_model_judge,6,70,0,70,0.08571428571428572,0,70,6,0.08571428571428572,False
jan_aug,2023,domain:software_and_coding,scoring_source,reference_or_metric,41,70,0,70,0.5857142857142857,0,70,41,0.5857142857142857,False
jan_aug,2023,domain:software_and_coding,scoring_source,unclear,0,70,0,70,0.0,0,70,0,0.0,False
jan_aug,2024,all,scoring_source,execution_or_environment,284,1681,2,1683,0.16894705532421178,2,1679,284,0.16914830256104824,False
jan_aug,2024,all,scoring_source,human_judge,165,1681,2,1683,0.09815585960737656,2,1679,165,0.09827278141751042,False
jan_aug,2024,all,scoring_source,llm_judge,433,1681,2,1683,0.2575847709696609,2,1679,433,0.2578916021441334,False
jan_aug,2024,all,scoring_source,other_model_judge,181,1681,2,1683,0.10767400356930398,2,1679,181,0.10780226325193568,False
jan_aug,2024,all,scoring_source,reference_or_metric,1221,1681,2,1683,0.7263533610945866,2,1679,1221,0.7272185824895772,False
jan_aug,2024,all,scoring_source,unclear,2,1681,2,1683,0.001189767995240928,2,1679,0,0.0,False
jan_aug,2024,agent,scoring_source,execution_or_environment,82,152,0,152,0.5394736842105263,0,152,82,0.5394736842105263,False
jan_aug,2024,agent,scoring_source,human_judge,13,152,0,152,0.08552631578947369,0,152,13,0.08552631578947369,False
jan_aug,2024,agent,scoring_source,llm_judge,40,152,0,152,0.2631578947368421,0,152,40,0.2631578947368421,False
jan_aug,2024,agent,scoring_source,other_model_judge,8,152,0,152,0.05263157894736842,0,152,8,0.05263157894736842,False
jan_aug,2024,agent,scoring_source,reference_or_metric,78,152,0,152,0.5131578947368421,0,152,78,0.5131578947368421,False
jan_aug,2024,agent,scoring_source,unclear,0,152,0,152,0.0,0,152,0,0.0,False
jan_aug,2024,non_agent,scoring_source,execution_or_environment,202,1529,2,1531,0.13211249182472204,2,1527,202,0.13228552717747216,False
jan_aug,2024,non_agent,scoring_source,human_judge,152,1529,2,1531,0.09941137998691955,2,1527,152,0.09954158480681075,False
jan_aug,2024,non_agent,scoring_source,llm_judge,393,1529,2,1531,0.2570307390451275,2,1527,393,0.25736738703339884,False
jan_aug,2024,non_agent,scoring_source,other_model_judge,173,1529,2,1531,0.1131458469587966,2,1527,173,0.11329404060248854,False
jan_aug,2024,non_agent,scoring_source,reference_or_metric,1143,1529,2,1531,0.7475474166121648,2,1527,1143,0.7485265225933202,False
jan_aug,2024,non_agent,scoring_source,unclear,2,1529,2,1531,0.0013080444735120995,2,1527,0,0.0,False
jan_aug,2024,domain:cybersecurity,scoring_source,execution_or_environment,16,51,0,51,0.3137254901960784,0,51,16,0.3137254901960784,False
jan_aug,2024,domain:cybersecurity,scoring_source,human_judge,6,51,0,51,0.11764705882352941,0,51,6,0.11764705882352941,False
jan_aug,2024,domain:cybersecurity,scoring_source,llm_judge,17,51,0,51,0.3333333333333333,0,51,17,0.3333333333333333,False
jan_aug,2024,domain:cybersecurity,scoring_source,other_model_judge,6,51,0,51,0.11764705882352941,0,51,6,0.11764705882352941,False
jan_aug,2024,domain:cybersecurity,scoring_source,reference_or_metric,31,51,0,51,0.6078431372549019,0,51,31,0.6078431372549019,False
jan_aug,2024,domain:cybersecurity,scoring_source,unclear,0,51,0,51,0.0,0,51,0,0.0,False
jan_aug,2024,domain:education,scoring_source,execution_or_environment,5,35,0,35,0.14285714285714285,0,35,5,0.14285714285714285,False
jan_aug,2024,domain:education,scoring_source,human_judge,6,35,0,35,0.17142857142857143,0,35,6,0.17142857142857143,False
jan_aug,2024,domain:education,scoring_source,llm_judge,14,35,0,35,0.4,0,35,14,0.4,False
jan_aug,2024,domain:education,scoring_source,other_model_judge,6,35,0,35,0.17142857142857143,0,35,6,0.17142857142857143,False
jan_aug,2024,domain:education,scoring_source,reference_or_metric,26,35,0,35,0.7428571428571429,0,35,26,0.7428571428571429,False
jan_aug,2024,domain:education,scoring_source,unclear,0,35,0,35,0.0,0,35,0,0.0,False
jan_aug,2024,domain:engineering,scoring_source,execution_or_environment,19,61,0,61,0.3114754098360656,0,61,19,0.3114754098360656,False
jan_aug,2024,domain:engineering,scoring_source,human_judge,10,61,0,61,0.16393442622950818,0,61,10,0.16393442622950818,False
jan_aug,2024,domain:engineering,scoring_source,llm_judge,20,61,0,61,0.32786885245901637,0,61,20,0.32786885245901637,False
jan_aug,2024,domain:engineering,scoring_source,other_model_judge,6,61,0,61,0.09836065573770492,0,61,6,0.09836065573770492,False
jan_aug,2024,domain:engineering,scoring_source,reference_or_metric,34,61,0,61,0.5573770491803278,0,61,34,0.5573770491803278,False
jan_aug,2024,domain:engineering,scoring_source,unclear,0,61,0,61,0.0,0,61,0,0.0,False
jan_aug,2024,domain:finance_and_business,scoring_source,execution_or_environment,18,102,0,102,0.17647058823529413,0,102,18,0.17647058823529413,False
jan_aug,2024,domain:finance_and_business,scoring_source,human_judge,9,102,0,102,0.08823529411764706,0,102,9,0.08823529411764706,False
jan_aug,2024,domain:finance_and_business,scoring_source,llm_judge,29,102,0,102,0.28431372549019607,0,102,29,0.28431372549019607,False
jan_aug,2024,domain:finance_and_business,scoring_source,other_model_judge,11,102,0,102,0.10784313725490197,0,102,11,0.10784313725490197,False
jan_aug,2024,domain:finance_and_business,scoring_source,reference_or_metric,75,102,0,102,0.7352941176470589,0,102,75,0.7352941176470589,False
jan_aug,2024,domain:finance_and_business,scoring_source,unclear,0,102,0,102,0.0,0,102,0,0.0,False
jan_aug,2024,domain:general_or_cross_domain,scoring_source,execution_or_environment,88,790,2,792,0.11139240506329114,1,789,88,0.11153358681875793,False
jan_aug,2024,domain:general_or_cross_domain,scoring_source,human_judge,56,790,2,792,0.07088607594936709,1,789,56,0.07097591888466413,False
jan_aug,2024,domain:general_or_cross_domain,scoring_source,llm_judge,261,790,2,792,0.330379746835443,1,789,261,0.33079847908745247,False
jan_aug,2024,domain:general_or_cross_domain,scoring_source,other_model_judge,78,790,2,792,0.09873417721518987,1,789,78,0.09885931558935361,False
jan_aug,2024,domain:general_or_cross_domain,scoring_source,reference_or_metric,582,790,2,792,0.7367088607594937,1,789,582,0.7376425855513308,False
jan_aug,2024,domain:general_or_cross_domain,scoring_source,unclear,1,790,2,792,0.0012658227848101266,1,789,0,0.0,False
jan_aug,2024,domain:healthcare_biomedicine,scoring_source,execution_or_environment,4,173,1,174,0.023121387283236993,0,173,4,0.023121387283236993,False
jan_aug,2024,domain:healthcare_biomedicine,scoring_source,human_judge,24,173,1,174,0.13872832369942195,0,173,24,0.13872832369942195,False
jan_aug,2024,domain:healthcare_biomedicine,scoring_source,llm_judge,49,173,1,174,0.2832369942196532,0,173,49,0.2832369942196532,False
jan_aug,2024,domain:healthcare_biomedicine,scoring_source,other_model_judge,26,173,1,174,0.15028901734104047,0,173,26,0.15028901734104047,False
jan_aug,2024,domain:healthcare_biomedicine,scoring_source,reference_or_metric,148,173,1,174,0.8554913294797688,0,173,148,0.8554913294797688,False
jan_aug,2024,domain:healthcare_biomedicine,scoring_source,unclear,0,173,1,174,0.0,0,173,0,0.0,False
jan_aug,2024,domain:language_and_communication,scoring_source,execution_or_environment,23,333,1,334,0.06906906906906907,1,332,23,0.06927710843373494,False
jan_aug,2024,domain:language_and_communication,scoring_source,human_judge,49,333,1,334,0.14714714714714713,1,332,49,0.14759036144578314,False
jan_aug,2024,domain:language_and_communication,scoring_source,llm_judge,73,333,1,334,0.21921921921921922,1,332,73,0.21987951807228914,False
jan_aug,2024,domain:language_and_communication,scoring_source,other_model_judge,66,333,1,334,0.1981981981981982,1,332,66,0.19879518072289157,False
jan_aug,2024,domain:language_and_communication,scoring_source,reference_or_metric,271,333,1,334,0.8138138138138138,1,332,271,0.8162650602409639,False
jan_aug,2024,domain:language_and_communication,scoring_source,unclear,1,333,1,334,0.003003003003003003,1,332,0,0.0,False
jan_aug,2024,domain:law_and_public_policy,scoring_source,execution_or_environment,0,45,1,46,0.0,0,45,0,0.0,False
jan_aug,2024,domain:law_and_public_policy,scoring_source,human_judge,8,45,1,46,0.17777777777777778,0,45,8,0.17777777777777778,False
jan_aug,2024,domain:law_and_public_policy,scoring_source,llm_judge,15,45,1,46,0.3333333333333333,0,45,15,0.3333333333333333,False
jan_aug,2024,domain:law_and_public_policy,scoring_source,other_model_judge,7,45,1,46,0.15555555555555556,0,45,7,0.15555555555555556,False
jan_aug,2024,domain:law_and_public_policy,scoring_source,reference_or_metric,34,45,1,46,0.7555555555555555,0,45,34,0.7555555555555555,False
jan_aug,2024,domain:law_and_public_policy,scoring_source,unclear,0,45,1,46,0.0,0,45,0,0.0,False
jan_aug,2024,domain:mathematics_and_formal_reasoning,scoring_source,execution_or_environment,39,210,0,210,0.18571428571428572,1,209,39,0.18660287081339713,False
jan_aug,2024,domain:mathematics_and_formal_reasoning,scoring_source,human_judge,9,210,0,210,0.04285714285714286,1,209,9,0.0430622009569378,False
jan_aug,2024,domain:mathematics_and_formal_reasoning,scoring_source,llm_judge,34,210,0,210,0.1619047619047619,1,209,34,0.16267942583732056,False
jan_aug,2024,domain:mathematics_and_formal_reasoning,scoring_source,other_model_judge,8,210,0,210,0.0380952380952381,1,209,8,0.03827751196172249,False
jan_aug,2024,domain:mathematics_and_formal_reasoning,scoring_source,reference_or_metric,173,210,0,210,0.8238095238095238,1,209,173,0.8277511961722488,False
jan_aug,2024,domain:mathematics_and_formal_reasoning,scoring_source,unclear,1,210,0,210,0.004761904761904762,1,209,0,0.0,False
jan_aug,2024,domain:natural_sciences,scoring_source,execution_or_environment,15,120,1,121,0.125,0,120,15,0.125,False
jan_aug,2024,domain:natural_sciences,scoring_source,human_judge,8,120,1,121,0.06666666666666667,0,120,8,0.06666666666666667,False
jan_aug,2024,domain:natural_sciences,scoring_source,llm_judge,30,120,1,121,0.25,0,120,30,0.25,False
jan_aug,2024,domain:natural_sciences,scoring_source,other_model_judge,8,120,1,121,0.06666666666666667,0,120,8,0.06666666666666667,False
jan_aug,2024,domain:natural_sciences,scoring_source,reference_or_metric,98,120,1,121,0.8166666666666667,0,120,98,0.8166666666666667,False
jan_aug,2024,domain:natural_sciences,scoring_source,unclear,0,120,1,121,0.0,0,120,0,0.0,False
jan_aug,2024,domain:other,scoring_source,execution_or_environment,10,41,0,41,0.24390243902439024,0,41,10,0.24390243902439024,False
jan_aug,2024,domain:other,scoring_source,human_judge,4,41,0,41,0.0975609756097561,0,41,4,0.0975609756097561,False
jan_aug,2024,domain:other,scoring_source,llm_judge,12,41,0,41,0.2926829268292683,0,41,12,0.2926829268292683,False
jan_aug,2024,domain:other,scoring_source,other_model_judge,4,41,0,41,0.0975609756097561,0,41,4,0.0975609756097561,False
jan_aug,2024,domain:other,scoring_source,reference_or_metric,29,41,0,41,0.7073170731707317,0,41,29,0.7073170731707317,False
jan_aug,2024,domain:other,scoring_source,unclear,0,41,0,41,0.0,0,41,0,0.0,False
jan_aug,2024,domain:social_sciences_and_humanities,scoring_source,execution_or_environment,7,191,0,191,0.03664921465968586,0,191,7,0.03664921465968586,False
jan_aug,2024,domain:social_sciences_and_humanities,scoring_source,human_judge,21,191,0,191,0.1099476439790576,0,191,21,0.1099476439790576,False
jan_aug,2024,domain:social_sciences_and_humanities,scoring_source,llm_judge,49,191,0,191,0.25654450261780104,0,191,49,0.25654450261780104,False
jan_aug,2024,domain:social_sciences_and_humanities,scoring_source,other_model_judge,28,191,0,191,0.14659685863874344,0,191,28,0.14659685863874344,False
jan_aug,2024,domain:social_sciences_and_humanities,scoring_source,reference_or_metric,158,191,0,191,0.8272251308900523,0,191,158,0.8272251308900523,False
jan_aug,2024,domain:social_sciences_and_humanities,scoring_source,unclear,0,191,0,191,0.0,0,191,0,0.0,False
jan_aug,2024,domain:software_and_coding,scoring_source,execution_or_environment,172,270,0,270,0.6370370370370371,1,269,172,0.6394052044609665,False
jan_aug,2024,domain:software_and_coding,scoring_source,human_judge,19,270,0,270,0.07037037037037037,1,269,19,0.07063197026022305,False
jan_aug,2024,domain:software_and_coding,scoring_source,llm_judge,42,270,0,270,0.15555555555555556,1,269,42,0.15613382899628253,False
jan_aug,2024,domain:software_and_coding,scoring_source,other_model_judge,16,270,0,270,0.05925925925925926,1,269,16,0.05947955390334572,False
jan_aug,2024,domain:software_and_coding,scoring_source,reference_or_metric,127,270,0,270,0.4703703703703704,1,269,127,0.4721189591078067,False
jan_aug,2024,domain:software_and_coding,scoring_source,unclear,1,270,0,270,0.003703703703703704,1,269,0,0.0,False
jan_aug,2025,all,scoring_source,execution_or_environment,658,3283,1,3284,0.20042643923240938,7,3276,658,0.20085470085470086,False
jan_aug,2025,all,scoring_source,human_judge,231,3283,1,3284,0.07036247334754797,7,3276,231,0.07051282051282051,False
jan_aug,2025,all,scoring_source,llm_judge,1166,3283,1,3284,0.35516296070667075,7,3276,1166,0.35592185592185593,False
jan_aug,2025,all,scoring_source,other_model_judge,292,3283,1,3284,0.08894303990252818,7,3276,292,0.08913308913308914,False
jan_aug,2025,all,scoring_source,reference_or_metric,2240,3283,1,3284,0.6823027718550106,7,3276,2240,0.6837606837606838,False
jan_aug,2025,all,scoring_source,unclear,7,3283,1,3284,0.0021321961620469083,7,3276,0,0.0,False
jan_aug,2025,agent,scoring_source,execution_or_environment,253,428,0,428,0.5911214953271028,0,428,253,0.5911214953271028,False
jan_aug,2025,agent,scoring_source,human_judge,32,428,0,428,0.07476635514018691,0,428,32,0.07476635514018691,False
jan_aug,2025,agent,scoring_source,llm_judge,155,428,0,428,0.3621495327102804,0,428,155,0.3621495327102804,False
jan_aug,2025,agent,scoring_source,other_model_judge,20,428,0,428,0.04672897196261682,0,428,20,0.04672897196261682,False
jan_aug,2025,agent,scoring_source,reference_or_metric,177,428,0,428,0.4135514018691589,0,428,177,0.4135514018691589,False
jan_aug,2025,agent,scoring_source,unclear,0,428,0,428,0.0,0,428,0,0.0,False
jan_aug,2025,non_agent,scoring_source,execution_or_environment,405,2855,1,2856,0.14185639229422067,7,2848,405,0.14220505617977527,False
jan_aug,2025,non_agent,scoring_source,human_judge,199,2855,1,2856,0.06970227670753065,7,2848,199,0.06987359550561797,False
jan_aug,2025,non_agent,scoring_source,llm_judge,1011,2855,1,2856,0.3541155866900175,7,2848,1011,0.3549859550561798,False
jan_aug,2025,non_agent,scoring_source,other_model_judge,272,2855,1,2856,0.09527145359019265,7,2848,272,0.09550561797752809,False
jan_aug,2025,non_agent,scoring_source,reference_or_metric,2063,2855,1,2856,0.7225919439579684,7,2848,2063,0.7243679775280899,False
jan_aug,2025,non_agent,scoring_source,unclear,7,2855,1,2856,0.0024518388791593695,7,2848,0,0.0,False
jan_aug,2025,domain:cybersecurity,scoring_source,execution_or_environment,54,130,0,130,0.4153846153846154,1,129,54,0.4186046511627907,False
jan_aug,2025,domain:cybersecurity,scoring_source,human_judge,7,130,0,130,0.05384615384615385,1,129,7,0.05426356589147287,False
jan_aug,2025,domain:cybersecurity,scoring_source,llm_judge,53,130,0,130,0.4076923076923077,1,129,53,0.4108527131782946,False
jan_aug,2025,domain:cybersecurity,scoring_source,other_model_judge,7,130,0,130,0.05384615384615385,1,129,7,0.05426356589147287,False
jan_aug,2025,domain:cybersecurity,scoring_source,reference_or_metric,67,130,0,130,0.5153846153846153,1,129,67,0.5193798449612403,False
jan_aug,2025,domain:cybersecurity,scoring_source,unclear,1,130,0,130,0.007692307692307693,1,129,0,0.0,False
jan_aug,2025,domain:education,scoring_source,execution_or_environment,5,71,0,71,0.07042253521126761,1,70,5,0.07142857142857142,False
jan_aug,2025,domain:education,scoring_source,human_judge,11,71,0,71,0.15492957746478872,1,70,11,0.15714285714285714,False
jan_aug,2025,domain:education,scoring_source,llm_judge,31,71,0,71,0.43661971830985913,1,70,31,0.44285714285714284,False
jan_aug,2025,domain:education,scoring_source,other_model_judge,9,71,0,71,0.1267605633802817,1,70,9,0.12857142857142856,False
jan_aug,2025,domain:education,scoring_source,reference_or_metric,47,71,0,71,0.6619718309859155,1,70,47,0.6714285714285714,False
jan_aug,2025,domain:education,scoring_source,unclear,1,71,0,71,0.014084507042253521,1,70,0,0.0,False
jan_aug,2025,domain:engineering,scoring_source,execution_or_environment,79,210,0,210,0.3761904761904762,0,210,79,0.3761904761904762,False
jan_aug,2025,domain:engineering,scoring_source,human_judge,20,210,0,210,0.09523809523809523,0,210,20,0.09523809523809523,False
jan_aug,2025,domain:engineering,scoring_source,llm_judge,55,210,0,210,0.2619047619047619,0,210,55,0.2619047619047619,False
jan_aug,2025,domain:engineering,scoring_source,other_model_judge,14,210,0,210,0.06666666666666667,0,210,14,0.06666666666666667,False
jan_aug,2025,domain:engineering,scoring_source,reference_or_metric,125,210,0,210,0.5952380952380952,0,210,125,0.5952380952380952,False
jan_aug,2025,domain:engineering,scoring_source,unclear,0,210,0,210,0.0,0,210,0,0.0,False
jan_aug,2025,domain:finance_and_business,scoring_source,execution_or_environment,44,257,0,257,0.17120622568093385,1,256,44,0.171875,False
jan_aug,2025,domain:finance_and_business,scoring_source,human_judge,14,257,0,257,0.054474708171206226,1,256,14,0.0546875,False
jan_aug,2025,domain:finance_and_business,scoring_source,llm_judge,101,257,0,257,0.39299610894941633,1,256,101,0.39453125,False
jan_aug,2025,domain:finance_and_business,scoring_source,other_model_judge,16,257,0,257,0.0622568093385214,1,256,16,0.0625,False
jan_aug,2025,domain:finance_and_business,scoring_source,reference_or_metric,177,257,0,257,0.688715953307393,1,256,177,0.69140625,False
jan_aug,2025,domain:finance_and_business,scoring_source,unclear,1,257,0,257,0.0038910505836575876,1,256,0,0.0,False
jan_aug,2025,domain:general_or_cross_domain,scoring_source,execution_or_environment,201,1411,1,1412,0.14245216158752658,4,1407,201,0.14285714285714285,False
jan_aug,2025,domain:general_or_cross_domain,scoring_source,human_judge,83,1411,1,1412,0.058823529411764705,4,1407,83,0.058990760483297794,False
jan_aug,2025,domain:general_or_cross_domain,scoring_source,llm_judge,591,1411,1,1412,0.41885187810063784,4,1407,591,0.4200426439232409,False
jan_aug,2025,domain:general_or_cross_domain,scoring_source,other_model_judge,104,1411,1,1412,0.073706591070163,4,1407,104,0.07391613361762615,False
jan_aug,2025,domain:general_or_cross_domain,scoring_source,reference_or_metric,978,1411,1,1412,0.6931254429482636,4,1407,978,0.6950959488272921,False
jan_aug,2025,domain:general_or_cross_domain,scoring_source,unclear,4,1411,1,1412,0.002834868887313962,4,1407,0,0.0,False
jan_aug,2025,domain:healthcare_biomedicine,scoring_source,execution_or_environment,20,353,0,353,0.056657223796033995,2,351,20,0.05698005698005698,False
jan_aug,2025,domain:healthcare_biomedicine,scoring_source,human_judge,36,353,0,353,0.10198300283286119,2,351,36,0.10256410256410256,False
jan_aug,2025,domain:healthcare_biomedicine,scoring_source,llm_judge,142,353,0,353,0.40226628895184136,2,351,142,0.4045584045584046,False
jan_aug,2025,domain:healthcare_biomedicine,scoring_source,other_model_judge,45,353,0,353,0.1274787535410765,2,351,45,0.1282051282051282,False
jan_aug,2025,domain:healthcare_biomedicine,scoring_source,reference_or_metric,258,353,0,353,0.7308781869688386,2,351,258,0.7350427350427351,False
jan_aug,2025,domain:healthcare_biomedicine,scoring_source,unclear,2,353,0,353,0.0056657223796034,2,351,0,0.0,False
jan_aug,2025,domain:language_and_communication,scoring_source,execution_or_environment,35,517,0,517,0.06769825918762089,0,517,35,0.06769825918762089,False
jan_aug,2025,domain:language_and_communication,scoring_source,human_judge,59,517,0,517,0.11411992263056092,0,517,59,0.11411992263056092,False
jan_aug,2025,domain:language_and_communication,scoring_source,llm_judge,199,517,0,517,0.3849129593810445,0,517,199,0.3849129593810445,False
jan_aug,2025,domain:language_and_communication,scoring_source,other_model_judge,85,517,0,517,0.1644100580270793,0,517,85,0.1644100580270793,False
jan_aug,2025,domain:language_and_communication,scoring_source,reference_or_metric,396,517,0,517,0.7659574468085106,0,517,396,0.7659574468085106,False
jan_aug,2025,domain:language_and_communication,scoring_source,unclear,0,517,0,517,0.0,0,517,0,0.0,False
jan_aug,2025,domain:law_and_public_policy,scoring_source,execution_or_environment,5,107,0,107,0.04672897196261682,1,106,5,0.04716981132075472,False
jan_aug,2025,domain:law_and_public_policy,scoring_source,human_judge,7,107,0,107,0.06542056074766354,1,106,7,0.0660377358490566,False
jan_aug,2025,domain:law_and_public_policy,scoring_source,llm_judge,54,107,0,107,0.5046728971962616,1,106,54,0.5094339622641509,False
jan_aug,2025,domain:law_and_public_policy,scoring_source,other_model_judge,14,107,0,107,0.1308411214953271,1,106,14,0.1320754716981132,False
jan_aug,2025,domain:law_and_public_policy,scoring_source,reference_or_metric,76,107,0,107,0.7102803738317757,1,106,76,0.7169811320754716,False
jan_aug,2025,domain:law_and_public_policy,scoring_source,unclear,1,107,0,107,0.009345794392523364,1,106,0,0.0,False
jan_aug,2025,domain:mathematics_and_formal_reasoning,scoring_source,execution_or_environment,110,401,0,401,0.2743142144638404,0,401,110,0.2743142144638404,False
jan_aug,2025,domain:mathematics_and_formal_reasoning,scoring_source,human_judge,21,401,0,401,0.05236907730673317,0,401,21,0.05236907730673317,False
jan_aug,2025,domain:mathematics_and_formal_reasoning,scoring_source,llm_judge,129,401,0,401,0.32169576059850374,0,401,129,0.32169576059850374,False
jan_aug,2025,domain:mathematics_and_formal_reasoning,scoring_source,other_model_judge,18,401,0,401,0.04488778054862843,0,401,18,0.04488778054862843,False
jan_aug,2025,domain:mathematics_and_formal_reasoning,scoring_source,reference_or_metric,279,401,0,401,0.6957605985037406,0,401,279,0.6957605985037406,False
jan_aug,2025,domain:mathematics_and_formal_reasoning,scoring_source,unclear,0,401,0,401,0.0,0,401,0,0.0,False
jan_aug,2025,domain:natural_sciences,scoring_source,execution_or_environment,39,283,0,283,0.13780918727915195,0,283,39,0.13780918727915195,False
jan_aug,2025,domain:natural_sciences,scoring_source,human_judge,18,283,0,283,0.0636042402826855,0,283,18,0.0636042402826855,False
jan_aug,2025,domain:natural_sciences,scoring_source,llm_judge,130,283,0,283,0.45936395759717313,0,283,130,0.45936395759717313,False
jan_aug,2025,domain:natural_sciences,scoring_source,other_model_judge,20,283,0,283,0.0706713780918728,0,283,20,0.0706713780918728,False
jan_aug,2025,domain:natural_sciences,scoring_source,reference_or_metric,211,283,0,283,0.7455830388692579,0,283,211,0.7455830388692579,False
jan_aug,2025,domain:natural_sciences,scoring_source,unclear,0,283,0,283,0.0,0,283,0,0.0,False
jan_aug,2025,domain:other,scoring_source,execution_or_environment,21,129,0,129,0.16279069767441862,0,129,21,0.16279069767441862,False
jan_aug,2025,domain:other,scoring_source,human_judge,9,129,0,129,0.06976744186046512,0,129,9,0.06976744186046512,False
jan_aug,2025,domain:other,scoring_source,llm_judge,51,129,0,129,0.3953488372093023,0,129,51,0.3953488372093023,False
jan_aug,2025,domain:other,scoring_source,other_model_judge,13,129,0,129,0.10077519379844961,0,129,13,0.10077519379844961,False
jan_aug,2025,domain:other,scoring_source,reference_or_metric,103,129,0,129,0.7984496124031008,0,129,103,0.7984496124031008,False
jan_aug,2025,domain:other,scoring_source,unclear,0,129,0,129,0.0,0,129,0,0.0,False
jan_aug,2025,domain:social_sciences_and_humanities,scoring_source,execution_or_environment,14,364,0,364,0.038461538461538464,2,362,14,0.03867403314917127,False
jan_aug,2025,domain:social_sciences_and_humanities,scoring_source,human_judge,28,364,0,364,0.07692307692307693,2,362,28,0.07734806629834254,False
jan_aug,2025,domain:social_sciences_and_humanities,scoring_source,llm_judge,142,364,0,364,0.3901098901098901,2,362,142,0.39226519337016574,False
jan_aug,2025,domain:social_sciences_and_humanities,scoring_source,other_model_judge,40,364,0,364,0.10989010989010989,2,362,40,0.11049723756906077,False
jan_aug,2025,domain:social_sciences_and_humanities,scoring_source,reference_or_metric,273,364,0,364,0.75,2,362,273,0.7541436464088398,False
jan_aug,2025,domain:social_sciences_and_humanities,scoring_source,unclear,2,364,0,364,0.005494505494505495,2,362,0,0.0,False
jan_aug,2025,domain:software_and_coding,scoring_source,execution_or_environment,330,555,0,555,0.5945945945945946,1,554,330,0.5956678700361011,False
jan_aug,2025,domain:software_and_coding,scoring_source,human_judge,31,555,0,555,0.055855855855855854,1,554,31,0.05595667870036101,False
jan_aug,2025,domain:software_and_coding,scoring_source,llm_judge,142,555,0,555,0.25585585585585585,1,554,142,0.2563176895306859,False
jan_aug,2025,domain:software_and_coding,scoring_source,other_model_judge,32,555,0,555,0.05765765765765766,1,554,32,0.05776173285198556,False
jan_aug,2025,domain:software_and_coding,scoring_source,reference_or_metric,258,555,0,555,0.4648648648648649,1,554,258,0.4657039711191336,False
jan_aug,2025,domain:software_and_coding,scoring_source,unclear,1,555,0,555,0.0018018018018018018,1,554,0,0.0,False
jan_aug,2026,all,scoring_source,execution_or_environment,1631,5734,0,5734,0.2844436693407743,6,5728,1631,0.2847416201117318,False
jan_aug,2026,all,scoring_source,human_judge,268,5734,0,5734,0.04673875130798744,6,5728,268,0.0467877094972067,False
jan_aug,2026,all,scoring_source,llm_judge,2309,5734,0,5734,0.40268573421695153,6,5728,2309,0.40310754189944137,False
jan_aug,2026,all,scoring_source,other_model_judge,401,5734,0,5734,0.06993372863620509,6,5728,401,0.07000698324022346,False
jan_aug,2026,all,scoring_source,reference_or_metric,3415,5734,0,5734,0.5955702825252878,6,5728,3415,0.5961941340782123,False
jan_aug,2026,all,scoring_source,unclear,6,5734,0,5734,0.0010463899546564353,6,5728,0,0.0,False
jan_aug,2026,agent,scoring_source,execution_or_environment,938,1624,0,1624,0.5775862068965517,1,1623,938,0.5779420825631546,False
jan_aug,2026,agent,scoring_source,human_judge,54,1624,0,1624,0.0332512315270936,1,1623,54,0.033271719038817,False
jan_aug,2026,agent,scoring_source,llm_judge,714,1624,0,1624,0.4396551724137931,1,1623,714,0.4399260628465804,False
jan_aug,2026,agent,scoring_source,other_model_judge,47,1624,0,1624,0.02894088669950739,1,1623,47,0.02895871842267406,False
jan_aug,2026,agent,scoring_source,reference_or_metric,635,1624,0,1624,0.3910098522167488,1,1623,635,0.39125077017868143,False
jan_aug,2026,agent,scoring_source,unclear,1,1624,0,1624,0.0006157635467980296,1,1623,0,0.0,False
jan_aug,2026,non_agent,scoring_source,execution_or_environment,693,4110,0,4110,0.1686131386861314,5,4105,693,0.16881851400730816,False
jan_aug,2026,non_agent,scoring_source,human_judge,214,4110,0,4110,0.05206812652068127,5,4105,214,0.05213154689403167,False
jan_aug,2026,non_agent,scoring_source,llm_judge,1595,4110,0,4110,0.3880778588807786,5,4105,1595,0.38855054811205847,False
jan_aug,2026,non_agent,scoring_source,other_model_judge,354,4110,0,4110,0.08613138686131387,5,4105,354,0.08623629719853837,False
jan_aug,2026,non_agent,scoring_source,reference_or_metric,2780,4110,0,4110,0.6763990267639902,5,4105,2780,0.6772228989037758,False
jan_aug,2026,non_agent,scoring_source,unclear,5,4110,0,4110,0.0012165450121654502,5,4105,0,0.0,False
jan_aug,2026,domain:cybersecurity,scoring_source,execution_or_environment,176,388,0,388,0.4536082474226804,3,385,176,0.45714285714285713,False
jan_aug,2026,domain:cybersecurity,scoring_source,human_judge,21,388,0,388,0.05412371134020619,3,385,21,0.05454545454545454,False
jan_aug,2026,domain:cybersecurity,scoring_source,llm_judge,164,388,0,388,0.422680412371134,3,385,164,0.42597402597402595,False
jan_aug,2026,domain:cybersecurity,scoring_source,other_model_judge,17,388,0,388,0.04381443298969072,3,385,17,0.04415584415584416,False
jan_aug,2026,domain:cybersecurity,scoring_source,reference_or_metric,175,388,0,388,0.45103092783505155,3,385,175,0.45454545454545453,False
jan_aug,2026,domain:cybersecurity,scoring_source,unclear,3,388,0,388,0.007731958762886598,3,385,0,0.0,False
jan_aug,2026,domain:education,scoring_source,execution_or_environment,22,149,0,149,0.1476510067114094,0,149,22,0.1476510067114094,False
jan_aug,2026,domain:education,scoring_source,human_judge,14,149,0,149,0.09395973154362416,0,149,14,0.09395973154362416,False
jan_aug,2026,domain:education,scoring_source,llm_judge,82,149,0,149,0.5503355704697986,0,149,82,0.5503355704697986,False
jan_aug,2026,domain:education,scoring_source,other_model_judge,8,149,0,149,0.053691275167785234,0,149,8,0.053691275167785234,False
jan_aug,2026,domain:education,scoring_source,reference_or_metric,87,149,0,149,0.5838926174496645,0,149,87,0.5838926174496645,False
jan_aug,2026,domain:education,scoring_source,unclear,0,149,0,149,0.0,0,149,0,0.0,False
jan_aug,2026,domain:engineering,scoring_source,execution_or_environment,233,509,0,509,0.4577603143418468,0,509,233,0.4577603143418468,False
jan_aug,2026,domain:engineering,scoring_source,human_judge,17,509,0,509,0.03339882121807466,0,509,17,0.03339882121807466,False
jan_aug,2026,domain:engineering,scoring_source,llm_judge,155,509,0,509,0.3045186640471513,0,509,155,0.3045186640471513,False
jan_aug,2026,domain:engineering,scoring_source,other_model_judge,21,509,0,509,0.0412573673870334,0,509,21,0.0412573673870334,False
jan_aug,2026,domain:engineering,scoring_source,reference_or_metric,257,509,0,509,0.5049115913555993,0,509,257,0.5049115913555993,False
jan_aug,2026,domain:engineering,scoring_source,unclear,0,509,0,509,0.0,0,509,0,0.0,False
jan_aug,2026,domain:finance_and_business,scoring_source,execution_or_environment,214,667,0,667,0.32083958020989506,1,666,214,0.3213213213213213,False
jan_aug,2026,domain:finance_and_business,scoring_source,human_judge,19,667,0,667,0.02848575712143928,1,666,19,0.028528528528528527,False
jan_aug,2026,domain:finance_and_business,scoring_source,llm_judge,324,667,0,667,0.48575712143928035,1,666,324,0.4864864864864865,False
jan_aug,2026,domain:finance_and_business,scoring_source,other_model_judge,34,667,0,667,0.050974512743628186,1,666,34,0.05105105105105105,False
jan_aug,2026,domain:finance_and_business,scoring_source,reference_or_metric,360,667,0,667,0.5397301349325337,1,666,360,0.5405405405405406,False
jan_aug,2026,domain:finance_and_business,scoring_source,unclear,1,667,0,667,0.0014992503748125937,1,666,0,0.0,False
jan_aug,2026,domain:general_or_cross_domain,scoring_source,execution_or_environment,513,2237,0,2237,0.2293249888243183,0,2237,513,0.2293249888243183,False
jan_aug,2026,domain:general_or_cross_domain,scoring_source,human_judge,73,2237,0,2237,0.03263299061242736,0,2237,73,0.03263299061242736,False
jan_aug,2026,domain:general_or_cross_domain,scoring_source,llm_judge,1025,2237,0,2237,0.45820295037997316,0,2237,1025,0.45820295037997316,False
jan_aug,2026,domain:general_or_cross_domain,scoring_source,other_model_judge,135,2237,0,2237,0.06034868126955744,0,2237,135,0.06034868126955744,False
jan_aug,2026,domain:general_or_cross_domain,scoring_source,reference_or_metric,1386,2237,0,2237,0.6195797943674564,0,2237,1386,0.6195797943674564,False
jan_aug,2026,domain:general_or_cross_domain,scoring_source,unclear,0,2237,0,2237,0.0,0,2237,0,0.0,False
jan_aug,2026,domain:healthcare_biomedicine,scoring_source,execution_or_environment,104,736,0,736,0.14130434782608695,0,736,104,0.14130434782608695,False
jan_aug,2026,domain:healthcare_biomedicine,scoring_source,human_judge,42,736,0,736,0.057065217391304345,0,736,42,0.057065217391304345,False
jan_aug,2026,domain:healthcare_biomedicine,scoring_source,llm_judge,393,736,0,736,0.5339673913043478,0,736,393,0.5339673913043478,False
jan_aug,2026,domain:healthcare_biomedicine,scoring_source,other_model_judge,62,736,0,736,0.08423913043478261,0,736,62,0.08423913043478261,False
jan_aug,2026,domain:healthcare_biomedicine,scoring_source,reference_or_metric,493,736,0,736,0.6698369565217391,0,736,493,0.6698369565217391,False
jan_aug,2026,domain:healthcare_biomedicine,scoring_source,unclear,0,736,0,736,0.0,0,736,0,0.0,False
jan_aug,2026,domain:language_and_communication,scoring_source,execution_or_environment,49,647,0,647,0.07573415765069552,0,647,49,0.07573415765069552,False
jan_aug,2026,domain:language_and_communication,scoring_source,human_judge,56,647,0,647,0.0865533230293663,0,647,56,0.0865533230293663,False
jan_aug,2026,domain:language_and_communication,scoring_source,llm_judge,295,647,0,647,0.4559505409582689,0,647,295,0.4559505409582689,False
jan_aug,2026,domain:language_and_communication,scoring_source,other_model_judge,108,647,0,647,0.16692426584234932,0,647,108,0.16692426584234932,False
jan_aug,2026,domain:language_and_communication,scoring_source,reference_or_metric,468,647,0,647,0.723338485316847,0,647,468,0.723338485316847,False
jan_aug,2026,domain:language_and_communication,scoring_source,unclear,0,647,0,647,0.0,0,647,0,0.0,False
jan_aug,2026,domain:law_and_public_policy,scoring_source,execution_or_environment,36,219,0,219,0.1643835616438356,0,219,36,0.1643835616438356,False
jan_aug,2026,domain:law_and_public_policy,scoring_source,human_judge,11,219,0,219,0.0502283105022831,0,219,11,0.0502283105022831,False
jan_aug,2026,domain:law_and_public_policy,scoring_source,llm_judge,118,219,0,219,0.5388127853881278,0,219,118,0.5388127853881278,False
jan_aug,2026,domain:law_and_public_policy,scoring_source,other_model_judge,16,219,0,219,0.0730593607305936,0,219,16,0.0730593607305936,False
jan_aug,2026,domain:law_and_public_policy,scoring_source,reference_or_metric,135,219,0,219,0.6164383561643836,0,219,135,0.6164383561643836,False
jan_aug,2026,domain:law_and_public_policy,scoring_source,unclear,0,219,0,219,0.0,0,219,0,0.0,False
jan_aug,2026,domain:mathematics_and_formal_reasoning,scoring_source,execution_or_environment,206,528,0,528,0.39015151515151514,0,528,206,0.39015151515151514,False
jan_aug,2026,domain:mathematics_and_formal_reasoning,scoring_source,human_judge,19,528,0,528,0.03598484848484849,0,528,19,0.03598484848484849,False
jan_aug,2026,domain:mathematics_and_formal_reasoning,scoring_source,llm_judge,181,528,0,528,0.3428030303030303,0,528,181,0.3428030303030303,False
jan_aug,2026,domain:mathematics_and_formal_reasoning,scoring_source,other_model_judge,25,528,0,528,0.04734848484848485,0,528,25,0.04734848484848485,False
jan_aug,2026,domain:mathematics_and_formal_reasoning,scoring_source,reference_or_metric,321,528,0,528,0.6079545454545454,0,528,321,0.6079545454545454,False
jan_aug,2026,domain:mathematics_and_formal_reasoning,scoring_source,unclear,0,528,0,528,0.0,0,528,0,0.0,False
jan_aug,2026,domain:natural_sciences,scoring_source,execution_or_environment,134,535,0,535,0.2504672897196262,1,534,134,0.250936329588015,False
jan_aug,2026,domain:natural_sciences,scoring_source,human_judge,25,535,0,535,0.04672897196261682,1,534,25,0.04681647940074907,False
jan_aug,2026,domain:natural_sciences,scoring_source,llm_judge,246,535,0,535,0.45981308411214955,1,534,246,0.4606741573033708,False
jan_aug,2026,domain:natural_sciences,scoring_source,other_model_judge,39,535,0,535,0.07289719626168224,1,534,39,0.07303370786516854,False
jan_aug,2026,domain:natural_sciences,scoring_source,reference_or_metric,371,535,0,535,0.6934579439252336,1,534,371,0.6947565543071161,False
jan_aug,2026,domain:natural_sciences,scoring_source,unclear,1,535,0,535,0.001869158878504673,1,534,0,0.0,False
jan_aug,2026,domain:other,scoring_source,execution_or_environment,60,254,0,254,0.23622047244094488,0,254,60,0.23622047244094488,False
jan_aug,2026,domain:other,scoring_source,human_judge,10,254,0,254,0.03937007874015748,0,254,10,0.03937007874015748,False
jan_aug,2026,domain:other,scoring_source,llm_judge,100,254,0,254,0.3937007874015748,0,254,100,0.3937007874015748,False
jan_aug,2026,domain:other,scoring_source,other_model_judge,18,254,0,254,0.07086614173228346,0,254,18,0.07086614173228346,False
jan_aug,2026,domain:other,scoring_source,reference_or_metric,178,254,0,254,0.7007874015748031,0,254,178,0.7007874015748031,False
jan_aug,2026,domain:other,scoring_source,unclear,0,254,0,254,0.0,0,254,0,0.0,False
jan_aug,2026,domain:social_sciences_and_humanities,scoring_source,execution_or_environment,54,640,0,640,0.084375,1,639,54,0.08450704225352113,False
jan_aug,2026,domain:social_sciences_and_humanities,scoring_source,human_judge,39,640,0,640,0.0609375,1,639,39,0.06103286384976526,False
jan_aug,2026,domain:social_sciences_and_humanities,scoring_source,llm_judge,282,640,0,640,0.440625,1,639,282,0.4413145539906103,False
jan_aug,2026,domain:social_sciences_and_humanities,scoring_source,other_model_judge,56,640,0,640,0.0875,1,639,56,0.08763693270735524,False
jan_aug,2026,domain:social_sciences_and_humanities,scoring_source,reference_or_metric,453,640,0,640,0.7078125,1,639,453,0.7089201877934272,False
jan_aug,2026,domain:social_sciences_and_humanities,scoring_source,unclear,1,640,0,640,0.0015625,1,639,0,0.0,False
jan_aug,2026,domain:software_and_coding,scoring_source,execution_or_environment,753,1128,0,1128,0.6675531914893617,1,1127,753,0.6681455190771961,False
jan_aug,2026,domain:software_and_coding,scoring_source,human_judge,56,1128,0,1128,0.04964539007092199,1,1127,56,0.049689440993788817,False
jan_aug,2026,domain:software_and_coding,scoring_source,llm_judge,396,1128,0,1128,0.35106382978723405,1,1127,396,0.3513753327417924,False
jan_aug,2026,domain:software_and_coding,scoring_source,other_model_judge,45,1128,0,1128,0.0398936170212766,1,1127,45,0.03992901508429459,False
jan_aug,2026,domain:software_and_coding,scoring_source,reference_or_metric,419,1128,0,1128,0.37145390070921985,1,1127,419,0.3717834960070985,False
jan_aug,2026,domain:software_and_coding,scoring_source,unclear,1,1128,0,1128,0.0008865248226950354,1,1127,0,0.0,False
